INFO - 12/01/25 17:32:36 - 0:00:00 - ============ Initialized logger ============
INFO - 12/01/25 17:32:36 - 0:00:00 - GRU: False
                                     accumulate_gradients: 1
                                     act_bias: 0
                                     act_biased: False
                                     act_ponder_coupling: 0.01
                                     act_threshold: 0.01
                                     amp: -1
                                     architecture: encoder_decoder
                                     attention_dropout: 0
                                     base: 1000
                                     batch_load: False
                                     batch_size: 48
                                     batch_size_eval: 128
                                     beam_early_stopping: True
                                     beam_eval: False
                                     beam_eval_train: 0
                                     beam_length_penalty: 1
                                     beam_size: 1
                                     biased_gates: False
                                     bidirectional: False
                                     class_by_length: False
                                     clip_grad_norm: 5
                                     command: python ../../Int2Int/train.py --env_base_seed 100 --num_workers 0 --dump_path '/mnt/e/AI@UWMELK-local/mobius_case_study/models/model_interCRT100_natural_liouville' --exp_name lambdasq --exp_id 1 --train_data '/mnt/e/AI@UWMELK-local/mobius_case_study/input/input_dir_interCRT100_natural/lambdasq_interCRT100_natural.txt.train' --eval_data '/mnt/e/AI@UWMELK-local/mobius_case_study/input/input_dir_interCRT100_natural/lambdasq_interCRT100_natural.txt.test' --eval_size 10000 --epoch_size 50000 --operation data --data_types 'int[200]:range(-1,2)' --optimizer 'adam_inverse_sqrt,lr=0.00025' --max_epoch 201 --batch_size 48 --exp_id "1"
                                     cpu: False
                                     data_types: int[200]:range(-1,2)
                                     debug: False
                                     debug_slurm: False
                                     dec_act: False
                                     dec_emb_dim: 256
                                     dec_gated: False
                                     dec_has_pos_emb: True
                                     dec_loop_idx: -1
                                     dec_loops: 1
                                     dim1: 10
                                     dim2: 10
                                     dropout: 0
                                     dump_path: /mnt/e/AI@UWMELK-local/mobius_case_study/models/model_interCRT100_natural_liouville/lambdasq/1
                                     enc_act: False
                                     enc_emb_dim: 256
                                     enc_gated: False
                                     enc_has_pos_emb: True
                                     enc_loop_idx: -1
                                     enc_loops: 1
                                     env_base_seed: 100
                                     env_name: arithmetic
                                     epoch_size: 50000
                                     eval_data: /mnt/e/AI@UWMELK-local/mobius_case_study/input/input_dir_interCRT100_natural/lambdasq_interCRT100_natural.txt.test
                                     eval_from_exp: 
                                     eval_only: False
                                     eval_size: 10000
                                     eval_verbose: 0
                                     eval_verbose_print: False
                                     exp_id: 1
                                     exp_name: lambdasq
                                     export_data: False
                                     first_class_prob: 0.25
                                     first_class_size: 1000000
                                     fp16: False
                                     gate_bias: 0
                                     gated: False
                                     gelu_activation: False
                                     global_rank: 0
                                     is_master: True
                                     is_slurm_job: False
                                     local_gpu: -1
                                     local_rank: 0
                                     lstm: False
                                     lstm_hidden_dim: 2048
                                     master_port: -1
                                     max_class: 101
                                     max_epoch: 201
                                     max_len: 512
                                     max_output_len: 512
                                     max_src_len: 0
                                     maxint: 1000000
                                     minint: 1
                                     modulus: 67
                                     multi_gpu: False
                                     multi_node: False
                                     n_dec_heads: 8
                                     n_dec_hidden_layers: 1
                                     n_dec_layers: 4
                                     n_enc_heads: 8
                                     n_enc_hidden_layers: 1
                                     n_enc_layers: 4
                                     n_gpu_per_node: 1
                                     n_nodes: 1
                                     node_id: 0
                                     norm_attention: False
                                     num_workers: 0
                                     operation: data
                                     optimizer: adam_inverse_sqrt,lr=0.00025
                                     reload_checkpoint: 
                                     reload_model: 
                                     reload_size: -1
                                     save_periodic: 0
                                     scalar_gate: False
                                     share_inout_emb: True
                                     sinusoidal_embeddings: False
                                     stopping_criterion: 
                                     tasks: arithmetic
                                     train_data: /mnt/e/AI@UWMELK-local/mobius_case_study/input/input_dir_interCRT100_natural/lambdasq_interCRT100_natural.txt.train
                                     two_classes: False
                                     validation_metrics: 
                                     windows: False
                                     world_size: 1
                                     xav_init: False
INFO - 12/01/25 17:32:36 - 0:00:00 - The experiment will be stored in /mnt/e/AI@UWMELK-local/mobius_case_study/models/model_interCRT100_natural_liouville/lambdasq/1
                                     
INFO - 12/01/25 17:32:36 - 0:00:00 - Running command: python ../../Int2Int/train.py --env_base_seed 100 --num_workers 0 --dump_path '/mnt/e/AI@UWMELK-local/mobius_case_study/models/model_interCRT100_natural_liouville' --exp_name lambdasq --exp_id 1 --train_data '/mnt/e/AI@UWMELK-local/mobius_case_study/input/input_dir_interCRT100_natural/lambdasq_interCRT100_natural.txt.train' --eval_data '/mnt/e/AI@UWMELK-local/mobius_case_study/input/input_dir_interCRT100_natural/lambdasq_interCRT100_natural.txt.test' --eval_size 10000 --epoch_size 50000 --operation data --data_types 'int[200]:range(-1,2)' --optimizer 'adam_inverse_sqrt,lr=0.00025' --max_epoch 201 --batch_size 48

INFO - 12/01/25 17:32:36 - 0:00:00 - words: {'<eos>': 0, '<pad>': 1, '<sep>': 2, '(': 3, ')': 4, '<SPECIAL_0>': 5, '<SPECIAL_1>': 6, '<SPECIAL_2>': 7, '<SPECIAL_3>': 8, '<SPECIAL_4>': 9, '<SPECIAL_5>': 10, '<SPECIAL_6>': 11, '<SPECIAL_7>': 12, '<SPECIAL_8>': 13, '<SPECIAL_9>': 14, '+': 15, '-': 16, '-1': 17, '0': 18, '1': 19, '10': 20, '100': 21, '101': 22, '102': 23, '103': 24, '104': 25, '105': 26, '106': 27, '107': 28, '108': 29, '109': 30, '11': 31, '110': 32, '111': 33, '112': 34, '113': 35, '114': 36, '115': 37, '116': 38, '117': 39, '118': 40, '119': 41, '12': 42, '120': 43, '121': 44, '122': 45, '123': 46, '124': 47, '125': 48, '126': 49, '127': 50, '128': 51, '129': 52, '13': 53, '130': 54, '131': 55, '132': 56, '133': 57, '134': 58, '135': 59, '136': 60, '137': 61, '138': 62, '139': 63, '14': 64, '140': 65, '141': 66, '142': 67, '143': 68, '144': 69, '145': 70, '146': 71, '147': 72, '148': 73, '149': 74, '15': 75, '150': 76, '151': 77, '152': 78, '153': 79, '154': 80, '155': 81, '156': 82, '157': 83, '158': 84, '159': 85, '16': 86, '160': 87, '161': 88, '162': 89, '163': 90, '164': 91, '165': 92, '166': 93, '167': 94, '168': 95, '169': 96, '17': 97, '170': 98, '171': 99, '172': 100, '173': 101, '174': 102, '175': 103, '176': 104, '177': 105, '178': 106, '179': 107, '18': 108, '180': 109, '181': 110, '182': 111, '183': 112, '184': 113, '185': 114, '186': 115, '187': 116, '188': 117, '189': 118, '19': 119, '190': 120, '191': 121, '192': 122, '193': 123, '194': 124, '195': 125, '196': 126, '197': 127, '198': 128, '199': 129, '2': 130, '20': 131, '200': 132, '201': 133, '202': 134, '203': 135, '204': 136, '205': 137, '206': 138, '207': 139, '208': 140, '209': 141, '21': 142, '210': 143, '211': 144, '212': 145, '213': 146, '214': 147, '215': 148, '216': 149, '217': 150, '218': 151, '219': 152, '22': 153, '220': 154, '221': 155, '222': 156, '223': 157, '224': 158, '225': 159, '226': 160, '227': 161, '228': 162, '229': 163, '23': 164, '230': 165, '231': 166, '232': 167, '233': 168, '234': 169, '235': 170, '236': 171, '237': 172, '238': 173, '239': 174, '24': 175, '240': 176, '241': 177, '242': 178, '243': 179, '244': 180, '245': 181, '246': 182, '247': 183, '248': 184, '249': 185, '25': 186, '250': 187, '251': 188, '252': 189, '253': 190, '254': 191, '255': 192, '256': 193, '257': 194, '258': 195, '259': 196, '26': 197, '260': 198, '261': 199, '262': 200, '263': 201, '264': 202, '265': 203, '266': 204, '267': 205, '268': 206, '269': 207, '27': 208, '270': 209, '271': 210, '272': 211, '273': 212, '274': 213, '275': 214, '276': 215, '277': 216, '278': 217, '279': 218, '28': 219, '280': 220, '281': 221, '282': 222, '283': 223, '284': 224, '285': 225, '286': 226, '287': 227, '288': 228, '289': 229, '29': 230, '290': 231, '291': 232, '292': 233, '293': 234, '294': 235, '295': 236, '296': 237, '297': 238, '298': 239, '299': 240, '3': 241, '30': 242, '300': 243, '301': 244, '302': 245, '303': 246, '304': 247, '305': 248, '306': 249, '307': 250, '308': 251, '309': 252, '31': 253, '310': 254, '311': 255, '312': 256, '313': 257, '314': 258, '315': 259, '316': 260, '317': 261, '318': 262, '319': 263, '32': 264, '320': 265, '321': 266, '322': 267, '323': 268, '324': 269, '325': 270, '326': 271, '327': 272, '328': 273, '329': 274, '33': 275, '330': 276, '331': 277, '332': 278, '333': 279, '334': 280, '335': 281, '336': 282, '337': 283, '338': 284, '339': 285, '34': 286, '340': 287, '341': 288, '342': 289, '343': 290, '344': 291, '345': 292, '346': 293, '347': 294, '348': 295, '349': 296, '35': 297, '350': 298, '351': 299, '352': 300, '353': 301, '354': 302, '355': 303, '356': 304, '357': 305, '358': 306, '359': 307, '36': 308, '360': 309, '361': 310, '362': 311, '363': 312, '364': 313, '365': 314, '366': 315, '367': 316, '368': 317, '369': 318, '37': 319, '370': 320, '371': 321, '372': 322, '373': 323, '374': 324, '375': 325, '376': 326, '377': 327, '378': 328, '379': 329, '38': 330, '380': 331, '381': 332, '382': 333, '383': 334, '384': 335, '385': 336, '386': 337, '387': 338, '388': 339, '389': 340, '39': 341, '390': 342, '391': 343, '392': 344, '393': 345, '394': 346, '395': 347, '396': 348, '397': 349, '398': 350, '399': 351, '4': 352, '40': 353, '400': 354, '401': 355, '402': 356, '403': 357, '404': 358, '405': 359, '406': 360, '407': 361, '408': 362, '409': 363, '41': 364, '410': 365, '411': 366, '412': 367, '413': 368, '414': 369, '415': 370, '416': 371, '417': 372, '418': 373, '419': 374, '42': 375, '420': 376, '421': 377, '422': 378, '423': 379, '424': 380, '425': 381, '426': 382, '427': 383, '428': 384, '429': 385, '43': 386, '430': 387, '431': 388, '432': 389, '433': 390, '434': 391, '435': 392, '436': 393, '437': 394, '438': 395, '439': 396, '44': 397, '440': 398, '441': 399, '442': 400, '443': 401, '444': 402, '445': 403, '446': 404, '447': 405, '448': 406, '449': 407, '45': 408, '450': 409, '451': 410, '452': 411, '453': 412, '454': 413, '455': 414, '456': 415, '457': 416, '458': 417, '459': 418, '46': 419, '460': 420, '461': 421, '462': 422, '463': 423, '464': 424, '465': 425, '466': 426, '467': 427, '468': 428, '469': 429, '47': 430, '470': 431, '471': 432, '472': 433, '473': 434, '474': 435, '475': 436, '476': 437, '477': 438, '478': 439, '479': 440, '48': 441, '480': 442, '481': 443, '482': 444, '483': 445, '484': 446, '485': 447, '486': 448, '487': 449, '488': 450, '489': 451, '49': 452, '490': 453, '491': 454, '492': 455, '493': 456, '494': 457, '495': 458, '496': 459, '497': 460, '498': 461, '499': 462, '5': 463, '50': 464, '500': 465, '501': 466, '502': 467, '503': 468, '504': 469, '505': 470, '506': 471, '507': 472, '508': 473, '509': 474, '51': 475, '510': 476, '511': 477, '512': 478, '513': 479, '514': 480, '515': 481, '516': 482, '517': 483, '518': 484, '519': 485, '52': 486, '520': 487, '521': 488, '522': 489, '523': 490, '524': 491, '525': 492, '526': 493, '527': 494, '528': 495, '529': 496, '53': 497, '530': 498, '531': 499, '532': 500, '533': 501, '534': 502, '535': 503, '536': 504, '537': 505, '538': 506, '539': 507, '54': 508, '540': 509, '541': 510, '542': 511, '543': 512, '544': 513, '545': 514, '546': 515, '547': 516, '548': 517, '549': 518, '55': 519, '550': 520, '551': 521, '552': 522, '553': 523, '554': 524, '555': 525, '556': 526, '557': 527, '558': 528, '559': 529, '56': 530, '560': 531, '561': 532, '562': 533, '563': 534, '564': 535, '565': 536, '566': 537, '567': 538, '568': 539, '569': 540, '57': 541, '570': 542, '571': 543, '572': 544, '573': 545, '574': 546, '575': 547, '576': 548, '577': 549, '578': 550, '579': 551, '58': 552, '580': 553, '581': 554, '582': 555, '583': 556, '584': 557, '585': 558, '586': 559, '587': 560, '588': 561, '589': 562, '59': 563, '590': 564, '591': 565, '592': 566, '593': 567, '594': 568, '595': 569, '596': 570, '597': 571, '598': 572, '599': 573, '6': 574, '60': 575, '600': 576, '601': 577, '602': 578, '603': 579, '604': 580, '605': 581, '606': 582, '607': 583, '608': 584, '609': 585, '61': 586, '610': 587, '611': 588, '612': 589, '613': 590, '614': 591, '615': 592, '616': 593, '617': 594, '618': 595, '619': 596, '62': 597, '620': 598, '621': 599, '622': 600, '623': 601, '624': 602, '625': 603, '626': 604, '627': 605, '628': 606, '629': 607, '63': 608, '630': 609, '631': 610, '632': 611, '633': 612, '634': 613, '635': 614, '636': 615, '637': 616, '638': 617, '639': 618, '64': 619, '640': 620, '641': 621, '642': 622, '643': 623, '644': 624, '645': 625, '646': 626, '647': 627, '648': 628, '649': 629, '65': 630, '650': 631, '651': 632, '652': 633, '653': 634, '654': 635, '655': 636, '656': 637, '657': 638, '658': 639, '659': 640, '66': 641, '660': 642, '661': 643, '662': 644, '663': 645, '664': 646, '665': 647, '666': 648, '667': 649, '668': 650, '669': 651, '67': 652, '670': 653, '671': 654, '672': 655, '673': 656, '674': 657, '675': 658, '676': 659, '677': 660, '678': 661, '679': 662, '68': 663, '680': 664, '681': 665, '682': 666, '683': 667, '684': 668, '685': 669, '686': 670, '687': 671, '688': 672, '689': 673, '69': 674, '690': 675, '691': 676, '692': 677, '693': 678, '694': 679, '695': 680, '696': 681, '697': 682, '698': 683, '699': 684, '7': 685, '70': 686, '700': 687, '701': 688, '702': 689, '703': 690, '704': 691, '705': 692, '706': 693, '707': 694, '708': 695, '709': 696, '71': 697, '710': 698, '711': 699, '712': 700, '713': 701, '714': 702, '715': 703, '716': 704, '717': 705, '718': 706, '719': 707, '72': 708, '720': 709, '721': 710, '722': 711, '723': 712, '724': 713, '725': 714, '726': 715, '727': 716, '728': 717, '729': 718, '73': 719, '730': 720, '731': 721, '732': 722, '733': 723, '734': 724, '735': 725, '736': 726, '737': 727, '738': 728, '739': 729, '74': 730, '740': 731, '741': 732, '742': 733, '743': 734, '744': 735, '745': 736, '746': 737, '747': 738, '748': 739, '749': 740, '75': 741, '750': 742, '751': 743, '752': 744, '753': 745, '754': 746, '755': 747, '756': 748, '757': 749, '758': 750, '759': 751, '76': 752, '760': 753, '761': 754, '762': 755, '763': 756, '764': 757, '765': 758, '766': 759, '767': 760, '768': 761, '769': 762, '77': 763, '770': 764, '771': 765, '772': 766, '773': 767, '774': 768, '775': 769, '776': 770, '777': 771, '778': 772, '779': 773, '78': 774, '780': 775, '781': 776, '782': 777, '783': 778, '784': 779, '785': 780, '786': 781, '787': 782, '788': 783, '789': 784, '79': 785, '790': 786, '791': 787, '792': 788, '793': 789, '794': 790, '795': 791, '796': 792, '797': 793, '798': 794, '799': 795, '8': 796, '80': 797, '800': 798, '801': 799, '802': 800, '803': 801, '804': 802, '805': 803, '806': 804, '807': 805, '808': 806, '809': 807, '81': 808, '810': 809, '811': 810, '812': 811, '813': 812, '814': 813, '815': 814, '816': 815, '817': 816, '818': 817, '819': 818, '82': 819, '820': 820, '821': 821, '822': 822, '823': 823, '824': 824, '825': 825, '826': 826, '827': 827, '828': 828, '829': 829, '83': 830, '830': 831, '831': 832, '832': 833, '833': 834, '834': 835, '835': 836, '836': 837, '837': 838, '838': 839, '839': 840, '84': 841, '840': 842, '841': 843, '842': 844, '843': 845, '844': 846, '845': 847, '846': 848, '847': 849, '848': 850, '849': 851, '85': 852, '850': 853, '851': 854, '852': 855, '853': 856, '854': 857, '855': 858, '856': 859, '857': 860, '858': 861, '859': 862, '86': 863, '860': 864, '861': 865, '862': 866, '863': 867, '864': 868, '865': 869, '866': 870, '867': 871, '868': 872, '869': 873, '87': 874, '870': 875, '871': 876, '872': 877, '873': 878, '874': 879, '875': 880, '876': 881, '877': 882, '878': 883, '879': 884, '88': 885, '880': 886, '881': 887, '882': 888, '883': 889, '884': 890, '885': 891, '886': 892, '887': 893, '888': 894, '889': 895, '89': 896, '890': 897, '891': 898, '892': 899, '893': 900, '894': 901, '895': 902, '896': 903, '897': 904, '898': 905, '899': 906, '9': 907, '90': 908, '900': 909, '901': 910, '902': 911, '903': 912, '904': 913, '905': 914, '906': 915, '907': 916, '908': 917, '909': 918, '91': 919, '910': 920, '911': 921, '912': 922, '913': 923, '914': 924, '915': 925, '916': 926, '917': 927, '918': 928, '919': 929, '92': 930, '920': 931, '921': 932, '922': 933, '923': 934, '924': 935, '925': 936, '926': 937, '927': 938, '928': 939, '929': 940, '93': 941, '930': 942, '931': 943, '932': 944, '933': 945, '934': 946, '935': 947, '936': 948, '937': 949, '938': 950, '939': 951, '94': 952, '940': 953, '941': 954, '942': 955, '943': 956, '944': 957, '945': 958, '946': 959, '947': 960, '948': 961, '949': 962, '95': 963, '950': 964, '951': 965, '952': 966, '953': 967, '954': 968, '955': 969, '956': 970, '957': 971, '958': 972, '959': 973, '96': 974, '960': 975, '961': 976, '962': 977, '963': 978, '964': 979, '965': 980, '966': 981, '967': 982, '968': 983, '969': 984, '97': 985, '970': 986, '971': 987, '972': 988, '973': 989, '974': 990, '975': 991, '976': 992, '977': 993, '978': 994, '979': 995, '98': 996, '980': 997, '981': 998, '982': 999, '983': 1000, '984': 1001, '985': 1002, '986': 1003, '987': 1004, '988': 1005, '989': 1006, '99': 1007, '990': 1008, '991': 1009, '992': 1010, '993': 1011, '994': 1012, '995': 1013, '996': 1014, '997': 1015, '998': 1016, '999': 1017, 'V1': 1018, 'V10': 1019, 'V100': 1020, 'V101': 1021, 'V102': 1022, 'V103': 1023, 'V104': 1024, 'V105': 1025, 'V106': 1026, 'V107': 1027, 'V108': 1028, 'V109': 1029, 'V11': 1030, 'V110': 1031, 'V111': 1032, 'V112': 1033, 'V113': 1034, 'V114': 1035, 'V115': 1036, 'V116': 1037, 'V117': 1038, 'V118': 1039, 'V119': 1040, 'V12': 1041, 'V120': 1042, 'V121': 1043, 'V122': 1044, 'V123': 1045, 'V124': 1046, 'V125': 1047, 'V126': 1048, 'V127': 1049, 'V128': 1050, 'V129': 1051, 'V13': 1052, 'V130': 1053, 'V131': 1054, 'V132': 1055, 'V133': 1056, 'V134': 1057, 'V135': 1058, 'V136': 1059, 'V137': 1060, 'V138': 1061, 'V139': 1062, 'V14': 1063, 'V140': 1064, 'V141': 1065, 'V142': 1066, 'V143': 1067, 'V144': 1068, 'V145': 1069, 'V146': 1070, 'V147': 1071, 'V148': 1072, 'V149': 1073, 'V15': 1074, 'V150': 1075, 'V151': 1076, 'V152': 1077, 'V153': 1078, 'V154': 1079, 'V155': 1080, 'V156': 1081, 'V157': 1082, 'V158': 1083, 'V159': 1084, 'V16': 1085, 'V160': 1086, 'V161': 1087, 'V162': 1088, 'V163': 1089, 'V164': 1090, 'V165': 1091, 'V166': 1092, 'V167': 1093, 'V168': 1094, 'V169': 1095, 'V17': 1096, 'V170': 1097, 'V171': 1098, 'V172': 1099, 'V173': 1100, 'V174': 1101, 'V175': 1102, 'V176': 1103, 'V177': 1104, 'V178': 1105, 'V179': 1106, 'V18': 1107, 'V180': 1108, 'V181': 1109, 'V182': 1110, 'V183': 1111, 'V184': 1112, 'V185': 1113, 'V186': 1114, 'V187': 1115, 'V188': 1116, 'V189': 1117, 'V19': 1118, 'V190': 1119, 'V191': 1120, 'V192': 1121, 'V193': 1122, 'V194': 1123, 'V195': 1124, 'V196': 1125, 'V197': 1126, 'V198': 1127, 'V199': 1128, 'V2': 1129, 'V20': 1130, 'V200': 1131, 'V21': 1132, 'V22': 1133, 'V23': 1134, 'V24': 1135, 'V25': 1136, 'V26': 1137, 'V27': 1138, 'V28': 1139, 'V29': 1140, 'V3': 1141, 'V30': 1142, 'V31': 1143, 'V32': 1144, 'V33': 1145, 'V34': 1146, 'V35': 1147, 'V36': 1148, 'V37': 1149, 'V38': 1150, 'V39': 1151, 'V4': 1152, 'V40': 1153, 'V41': 1154, 'V42': 1155, 'V43': 1156, 'V44': 1157, 'V45': 1158, 'V46': 1159, 'V47': 1160, 'V48': 1161, 'V49': 1162, 'V5': 1163, 'V50': 1164, 'V51': 1165, 'V52': 1166, 'V53': 1167, 'V54': 1168, 'V55': 1169, 'V56': 1170, 'V57': 1171, 'V58': 1172, 'V59': 1173, 'V6': 1174, 'V60': 1175, 'V61': 1176, 'V62': 1177, 'V63': 1178, 'V64': 1179, 'V65': 1180, 'V66': 1181, 'V67': 1182, 'V68': 1183, 'V69': 1184, 'V7': 1185, 'V70': 1186, 'V71': 1187, 'V72': 1188, 'V73': 1189, 'V74': 1190, 'V75': 1191, 'V76': 1192, 'V77': 1193, 'V78': 1194, 'V79': 1195, 'V8': 1196, 'V80': 1197, 'V81': 1198, 'V82': 1199, 'V83': 1200, 'V84': 1201, 'V85': 1202, 'V86': 1203, 'V87': 1204, 'V88': 1205, 'V89': 1206, 'V9': 1207, 'V90': 1208, 'V91': 1209, 'V92': 1210, 'V93': 1211, 'V94': 1212, 'V95': 1213, 'V96': 1214, 'V97': 1215, 'V98': 1216, 'V99': 1217}
INFO - 12/01/25 17:32:36 - 0:00:00 - Training tasks: arithmetic
DEBUG - 12/01/25 17:32:36 - 0:00:00 - 2
DEBUG - 12/01/25 17:32:36 - 0:00:00 - TransformerModel(
                                        (position_embeddings): Embedding(4096, 256)
                                        (embeddings): Embedding(1218, 256, padding_idx=1)
                                        (layer_norm_emb): LayerNorm((256,), eps=1e-12, elementwise_affine=True)
                                        (layers): ModuleList(
                                          (0-3): 4 x TransformerLayer(
                                            (self_attention): MultiHeadAttention(
                                              (q_lin): Linear(in_features=256, out_features=256, bias=True)
                                              (k_lin): Linear(in_features=256, out_features=256, bias=True)
                                              (v_lin): Linear(in_features=256, out_features=256, bias=True)
                                              (out_lin): Linear(in_features=256, out_features=256, bias=True)
                                            )
                                            (layer_norm1): LayerNorm((256,), eps=1e-12, elementwise_affine=True)
                                            (ffn): TransformerFFN(
                                              (midlin): ModuleList()
                                              (lin1): Linear(in_features=256, out_features=1024, bias=True)
                                              (lin2): Linear(in_features=1024, out_features=256, bias=True)
                                            )
                                            (layer_norm2): LayerNorm((256,), eps=1e-12, elementwise_affine=True)
                                          )
                                        )
                                      ): TransformerModel(
                                        (position_embeddings): Embedding(4096, 256)
                                        (embeddings): Embedding(1218, 256, padding_idx=1)
                                        (layer_norm_emb): LayerNorm((256,), eps=1e-12, elementwise_affine=True)
                                        (layers): ModuleList(
                                          (0-3): 4 x TransformerLayer(
                                            (self_attention): MultiHeadAttention(
                                              (q_lin): Linear(in_features=256, out_features=256, bias=True)
                                              (k_lin): Linear(in_features=256, out_features=256, bias=True)
                                              (v_lin): Linear(in_features=256, out_features=256, bias=True)
                                              (out_lin): Linear(in_features=256, out_features=256, bias=True)
                                            )
                                            (layer_norm1): LayerNorm((256,), eps=1e-12, elementwise_affine=True)
                                            (ffn): TransformerFFN(
                                              (midlin): ModuleList()
                                              (lin1): Linear(in_features=256, out_features=1024, bias=True)
                                              (lin2): Linear(in_features=1024, out_features=256, bias=True)
                                            )
                                            (layer_norm2): LayerNorm((256,), eps=1e-12, elementwise_affine=True)
                                          )
                                        )
                                      )
DEBUG - 12/01/25 17:32:36 - 0:00:00 - TransformerModel(
                                        (position_embeddings): Embedding(4096, 256)
                                        (embeddings): Embedding(1218, 256, padding_idx=1)
                                        (layer_norm_emb): LayerNorm((256,), eps=1e-12, elementwise_affine=True)
                                        (layers): ModuleList(
                                          (0-3): 4 x TransformerLayer(
                                            (self_attention): MultiHeadAttention(
                                              (q_lin): Linear(in_features=256, out_features=256, bias=True)
                                              (k_lin): Linear(in_features=256, out_features=256, bias=True)
                                              (v_lin): Linear(in_features=256, out_features=256, bias=True)
                                              (out_lin): Linear(in_features=256, out_features=256, bias=True)
                                            )
                                            (layer_norm1): LayerNorm((256,), eps=1e-12, elementwise_affine=True)
                                            (layer_norm15): LayerNorm((256,), eps=1e-12, elementwise_affine=True)
                                            (cross_attention): MultiHeadAttention(
                                              (q_lin): Linear(in_features=256, out_features=256, bias=True)
                                              (k_lin): Linear(in_features=256, out_features=256, bias=True)
                                              (v_lin): Linear(in_features=256, out_features=256, bias=True)
                                              (out_lin): Linear(in_features=256, out_features=256, bias=True)
                                            )
                                            (ffn): TransformerFFN(
                                              (midlin): ModuleList()
                                              (lin1): Linear(in_features=256, out_features=1024, bias=True)
                                              (lin2): Linear(in_features=1024, out_features=256, bias=True)
                                            )
                                            (layer_norm2): LayerNorm((256,), eps=1e-12, elementwise_affine=True)
                                          )
                                        )
                                        (proj): Linear(in_features=256, out_features=1218, bias=True)
                                      ): TransformerModel(
                                        (position_embeddings): Embedding(4096, 256)
                                        (embeddings): Embedding(1218, 256, padding_idx=1)
                                        (layer_norm_emb): LayerNorm((256,), eps=1e-12, elementwise_affine=True)
                                        (layers): ModuleList(
                                          (0-3): 4 x TransformerLayer(
                                            (self_attention): MultiHeadAttention(
                                              (q_lin): Linear(in_features=256, out_features=256, bias=True)
                                              (k_lin): Linear(in_features=256, out_features=256, bias=True)
                                              (v_lin): Linear(in_features=256, out_features=256, bias=True)
                                              (out_lin): Linear(in_features=256, out_features=256, bias=True)
                                            )
                                            (layer_norm1): LayerNorm((256,), eps=1e-12, elementwise_affine=True)
                                            (layer_norm15): LayerNorm((256,), eps=1e-12, elementwise_affine=True)
                                            (cross_attention): MultiHeadAttention(
                                              (q_lin): Linear(in_features=256, out_features=256, bias=True)
                                              (k_lin): Linear(in_features=256, out_features=256, bias=True)
                                              (v_lin): Linear(in_features=256, out_features=256, bias=True)
                                              (out_lin): Linear(in_features=256, out_features=256, bias=True)
                                            )
                                            (ffn): TransformerFFN(
                                              (midlin): ModuleList()
                                              (lin1): Linear(in_features=256, out_features=1024, bias=True)
                                              (lin2): Linear(in_features=1024, out_features=256, bias=True)
                                            )
                                            (layer_norm2): LayerNorm((256,), eps=1e-12, elementwise_affine=True)
                                          )
                                        )
                                        (proj): Linear(in_features=256, out_features=1218, bias=True)
                                      )
INFO - 12/01/25 17:32:36 - 0:00:00 - Number of parameters (encoder): 4519936
INFO - 12/01/25 17:32:36 - 0:00:00 - Number of parameters (decoder): 5575874
INFO - 12/01/25 17:32:36 - 0:00:00 - Found 177 parameters in model.
INFO - 12/01/25 17:32:48 - 0:00:12 - Optimizer: <class 'src.optim.AdamInverseSqrtWithWarmup'>
INFO - 12/01/25 17:32:48 - 0:00:12 - Creating train iterator for arithmetic ...
INFO - 12/01/25 17:32:48 - 0:00:12 - Loading data from /mnt/e/AI@UWMELK-local/mobius_case_study/input/input_dir_interCRT100_natural/lambdasq_interCRT100_natural.txt.train ...
INFO - 12/01/25 17:32:59 - 0:00:23 - Loaded 900000 equations from the disk.
INFO - 12/01/25 17:32:59 - 0:00:23 - ============ Starting epoch 0 ... ============
INFO - 12/01/25 17:32:59 - 0:00:23 - Initialized random generator for worker 0, with seed [0, 0, 100] (base seed=100).
INFO - 12/01/25 17:33:30 - 0:00:54 -     200 -  228.99 equations/s - 92281.51 words/s - ARITHMETIC:  3.0076 - LR: 1.2595e-05
INFO - 12/01/25 17:33:59 - 0:01:23 -     400 -  332.19 equations/s - 133874.00 words/s - ARITHMETIC:  0.0057 - LR: 2.5090e-05
INFO - 12/01/25 17:34:28 - 0:01:52 -     600 -  331.91 equations/s - 133761.54 words/s - ARITHMETIC:  0.0012 - LR: 3.7585e-05
INFO - 12/01/25 17:34:57 - 0:02:21 -     800 -  332.13 equations/s - 133847.95 words/s - ARITHMETIC:  0.0009 - LR: 5.0080e-05
INFO - 12/01/25 17:35:26 - 0:02:50 -    1000 -  331.33 equations/s - 133524.46 words/s - ARITHMETIC:  0.0007 - LR: 6.2575e-05
INFO - 12/01/25 17:35:32 - 0:02:56 - Memory allocated:  172.12MB, reserved: 2824.00MB
INFO - 12/01/25 17:35:32 - 0:02:56 - ============ End of epoch 0 ============
INFO - 12/01/25 17:35:32 - 0:02:56 - Creating valid iterator for arithmetic ...
INFO - 12/01/25 17:35:32 - 0:02:56 - Loading data from /mnt/e/AI@UWMELK-local/mobius_case_study/input/input_dir_interCRT100_natural/lambdasq_interCRT100_natural.txt.test ...
INFO - 12/01/25 17:35:33 - 0:02:57 - Loaded 100000 equations from the disk.
INFO - 12/01/25 17:35:43 - 0:03:07 - 10000/10000 (100.0%) equations were evaluated correctly.
INFO - 12/01/25 17:35:43 - 0:03:07 - 1: 10000 / 10000 (100.00%)
INFO - 12/01/25 17:35:43 - 0:03:07 - Memory allocated:  172.12MB, reserved: 4088.00MB
INFO - 12/01/25 17:35:43 - 0:03:07 - __log__:{"epoch": 0, "valid_arithmetic_xe_loss": 0.0012958949038758875, "valid_arithmetic_acc": 100.0, "valid_arithmetic_perfect": 100.0, "valid_arithmetic_correct": 100.0, "valid_arithmetic_acc_d1": 100.0, "valid_arithmetic_acc_d2": 100.0, "valid_arithmetic_acc_d3": 100.0, "valid_arithmetic_acc_1": 100.0}
INFO - 12/01/25 17:35:43 - 0:03:07 - Saving checkpoint to /mnt/e/AI@UWMELK-local/mobius_case_study/models/model_interCRT100_natural_liouville/lambdasq/1/checkpoint.pth ...
WARNING - 12/01/25 17:35:43 - 0:03:07 - Saving encoder parameters ...
WARNING - 12/01/25 17:35:43 - 0:03:07 - Saving decoder parameters ...
WARNING - 12/01/25 17:35:43 - 0:03:07 - Saving optimizer ...
INFO - 12/01/25 17:35:43 - 0:03:07 - ============ Starting epoch 1 ... ============
INFO - 12/01/25 17:36:06 - 0:03:30 -    1200 -  239.58 equations/s - 96550.70 words/s - ARITHMETIC:  0.0006 - LR: 7.5070e-05
INFO - 12/01/25 17:36:35 - 0:03:59 -    1400 -  331.47 equations/s - 133581.71 words/s - ARITHMETIC:  0.0005 - LR: 8.7565e-05
INFO - 12/01/25 17:37:04 - 0:04:28 -    1600 -  330.40 equations/s - 133152.78 words/s - ARITHMETIC:  0.0004 - LR: 1.0006e-04
INFO - 12/01/25 17:37:33 - 0:04:57 -    1800 -  329.91 equations/s - 132953.73 words/s - ARITHMETIC:  0.0003 - LR: 1.1255e-04
INFO - 12/01/25 17:38:02 - 0:05:26 -    2000 -  329.99 equations/s - 132987.47 words/s - ARITHMETIC:  0.0003 - LR: 1.2505e-04
INFO - 12/01/25 17:38:15 - 0:05:38 - Memory allocated:  172.12MB, reserved: 4088.00MB
INFO - 12/01/25 17:38:15 - 0:05:38 - ============ End of epoch 1 ============
INFO - 12/01/25 17:38:15 - 0:05:38 - Creating valid iterator for arithmetic ...
INFO - 12/01/25 17:38:15 - 0:05:39 - Loading data from /mnt/e/AI@UWMELK-local/mobius_case_study/input/input_dir_interCRT100_natural/lambdasq_interCRT100_natural.txt.test ...
INFO - 12/01/25 17:38:16 - 0:05:40 - Loaded 100000 equations from the disk.
INFO - 12/01/25 17:38:25 - 0:05:49 - 10000/10000 (100.0%) equations were evaluated correctly.
INFO - 12/01/25 17:38:25 - 0:05:49 - 1: 10000 / 10000 (100.00%)
INFO - 12/01/25 17:38:25 - 0:05:49 - Memory allocated:  172.12MB, reserved: 4088.00MB
INFO - 12/01/25 17:38:25 - 0:05:49 - __log__:{"epoch": 1, "valid_arithmetic_xe_loss": 0.0004358898041769862, "valid_arithmetic_acc": 100.0, "valid_arithmetic_perfect": 100.0, "valid_arithmetic_correct": 100.0, "valid_arithmetic_acc_d1": 100.0, "valid_arithmetic_acc_d2": 100.0, "valid_arithmetic_acc_d3": 100.0, "valid_arithmetic_acc_1": 100.0}
INFO - 12/01/25 17:38:25 - 0:05:49 - Saving checkpoint to /mnt/e/AI@UWMELK-local/mobius_case_study/models/model_interCRT100_natural_liouville/lambdasq/1/checkpoint.pth ...
WARNING - 12/01/25 17:38:25 - 0:05:49 - Saving encoder parameters ...
WARNING - 12/01/25 17:38:25 - 0:05:49 - Saving decoder parameters ...
WARNING - 12/01/25 17:38:25 - 0:05:49 - Saving optimizer ...
INFO - 12/01/25 17:38:26 - 0:05:50 - ============ Starting epoch 2 ... ============
INFO - 12/01/25 17:38:42 - 0:06:06 -    2200 -  239.19 equations/s - 96393.67 words/s - ARITHMETIC:  0.0002 - LR: 1.3754e-04
INFO - 12/01/25 17:39:12 - 0:06:36 -    2400 -  328.32 equations/s - 132311.19 words/s - ARITHMETIC:  0.0002 - LR: 1.5004e-04
INFO - 12/01/25 17:39:41 - 0:07:05 -    2600 -  330.06 equations/s - 133014.98 words/s - ARITHMETIC:  0.0001 - LR: 1.6254e-04
INFO - 12/01/25 17:40:10 - 0:07:34 -    2800 -  329.84 equations/s - 132927.51 words/s - ARITHMETIC:  0.0001 - LR: 1.7503e-04
INFO - 12/01/25 17:40:39 - 0:08:03 -    3000 -  330.07 equations/s - 133019.39 words/s - ARITHMETIC:  0.0001 - LR: 1.8752e-04
INFO - 12/01/25 17:40:57 - 0:08:21 - Memory allocated:  172.12MB, reserved: 4088.00MB
INFO - 12/01/25 17:40:57 - 0:08:21 - ============ End of epoch 2 ============
INFO - 12/01/25 17:40:57 - 0:08:21 - Creating valid iterator for arithmetic ...
INFO - 12/01/25 17:40:57 - 0:08:21 - Loading data from /mnt/e/AI@UWMELK-local/mobius_case_study/input/input_dir_interCRT100_natural/lambdasq_interCRT100_natural.txt.test ...
INFO - 12/01/25 17:40:58 - 0:08:22 - Loaded 100000 equations from the disk.
INFO - 12/01/25 17:41:08 - 0:08:32 - 10000/10000 (100.0%) equations were evaluated correctly.
INFO - 12/01/25 17:41:08 - 0:08:32 - 1: 10000 / 10000 (100.00%)
INFO - 12/01/25 17:41:08 - 0:08:32 - Memory allocated:  172.12MB, reserved: 4088.00MB
INFO - 12/01/25 17:41:08 - 0:08:32 - __log__:{"epoch": 2, "valid_arithmetic_xe_loss": 0.00015157066667452455, "valid_arithmetic_acc": 100.0, "valid_arithmetic_perfect": 100.0, "valid_arithmetic_correct": 100.0, "valid_arithmetic_acc_d1": 100.0, "valid_arithmetic_acc_d2": 100.0, "valid_arithmetic_acc_d3": 100.0, "valid_arithmetic_acc_1": 100.0}
INFO - 12/01/25 17:41:08 - 0:08:32 - Saving checkpoint to /mnt/e/AI@UWMELK-local/mobius_case_study/models/model_interCRT100_natural_liouville/lambdasq/1/checkpoint.pth ...
WARNING - 12/01/25 17:41:08 - 0:08:32 - Saving encoder parameters ...
WARNING - 12/01/25 17:41:08 - 0:08:32 - Saving decoder parameters ...
WARNING - 12/01/25 17:41:08 - 0:08:32 - Saving optimizer ...
INFO - 12/01/25 17:41:08 - 0:08:32 - ============ Starting epoch 3 ... ============
INFO - 12/01/25 17:41:19 - 0:08:43 -    3200 -  238.95 equations/s - 96296.35 words/s - ARITHMETIC:  0.0001 - LR: 2.0002e-04
INFO - 12/01/25 17:41:48 - 0:09:12 -    3400 -  329.74 equations/s - 132885.69 words/s - ARITHMETIC:  0.0001 - LR: 2.1251e-04
INFO - 12/01/25 17:42:17 - 0:09:41 -    3600 -  329.85 equations/s - 132928.16 words/s - ARITHMETIC:  0.0001 - LR: 2.2501e-04
INFO - 12/01/25 17:42:47 - 0:10:10 -    3800 -  329.88 equations/s - 132940.91 words/s - ARITHMETIC:  0.0000 - LR: 2.3750e-04
INFO - 12/01/25 17:43:16 - 0:10:39 -    4000 -  330.30 equations/s - 133112.25 words/s - ARITHMETIC:  0.0000 - LR: 2.5000e-04
INFO - 12/01/25 17:43:40 - 0:11:04 - Memory allocated:  172.12MB, reserved: 4088.00MB
INFO - 12/01/25 17:43:40 - 0:11:04 - ============ End of epoch 3 ============
INFO - 12/01/25 17:43:40 - 0:11:04 - Creating valid iterator for arithmetic ...
INFO - 12/01/25 17:43:40 - 0:11:04 - Loading data from /mnt/e/AI@UWMELK-local/mobius_case_study/input/input_dir_interCRT100_natural/lambdasq_interCRT100_natural.txt.test ...
INFO - 12/01/25 17:43:41 - 0:11:05 - Loaded 100000 equations from the disk.
INFO - 12/01/25 17:43:50 - 0:11:14 - 10000/10000 (100.0%) equations were evaluated correctly.
INFO - 12/01/25 17:43:50 - 0:11:14 - 1: 10000 / 10000 (100.00%)
INFO - 12/01/25 17:43:51 - 0:11:14 - Memory allocated:  172.12MB, reserved: 4088.00MB
INFO - 12/01/25 17:43:51 - 0:11:14 - __log__:{"epoch": 3, "valid_arithmetic_xe_loss": 5.038217107066885e-05, "valid_arithmetic_acc": 100.0, "valid_arithmetic_perfect": 100.0, "valid_arithmetic_correct": 100.0, "valid_arithmetic_acc_d1": 100.0, "valid_arithmetic_acc_d2": 100.0, "valid_arithmetic_acc_d3": 100.0, "valid_arithmetic_acc_1": 100.0}
INFO - 12/01/25 17:43:51 - 0:11:14 - Saving checkpoint to /mnt/e/AI@UWMELK-local/mobius_case_study/models/model_interCRT100_natural_liouville/lambdasq/1/checkpoint.pth ...
WARNING - 12/01/25 17:43:51 - 0:11:14 - Saving encoder parameters ...
WARNING - 12/01/25 17:43:51 - 0:11:14 - Saving decoder parameters ...
WARNING - 12/01/25 17:43:51 - 0:11:14 - Saving optimizer ...
INFO - 12/01/25 17:43:51 - 0:11:15 - ============ Starting epoch 4 ... ============
INFO - 12/01/25 17:43:56 - 0:11:20 -    4200 -  239.82 equations/s - 96648.52 words/s - ARITHMETIC:  0.0000 - LR: 2.4398e-04
INFO - 12/01/25 17:44:25 - 0:11:49 -    4400 -  329.97 equations/s - 132978.29 words/s - ARITHMETIC:  0.0000 - LR: 2.3837e-04
INFO - 12/01/25 17:44:54 - 0:12:18 -    4600 -  329.89 equations/s - 132947.17 words/s - ARITHMETIC:  0.0000 - LR: 2.3313e-04
INFO - 12/01/25 17:45:23 - 0:12:47 -    4800 -  330.25 equations/s - 133090.69 words/s - ARITHMETIC:  0.0000 - LR: 2.2822e-04
INFO - 12/01/25 17:45:52 - 0:13:16 -    5000 -  330.16 equations/s - 133052.48 words/s - ARITHMETIC:  0.0000 - LR: 2.2361e-04
INFO - 12/01/25 17:46:21 - 0:13:45 -    5200 -  330.34 equations/s - 133126.85 words/s - ARITHMETIC:  0.0000 - LR: 2.1926e-04
INFO - 12/01/25 17:46:22 - 0:13:46 - Memory allocated:  172.12MB, reserved: 4088.00MB
INFO - 12/01/25 17:46:22 - 0:13:46 - ============ End of epoch 4 ============
INFO - 12/01/25 17:46:22 - 0:13:46 - Creating valid iterator for arithmetic ...
INFO - 12/01/25 17:46:22 - 0:13:46 - Loading data from /mnt/e/AI@UWMELK-local/mobius_case_study/input/input_dir_interCRT100_natural/lambdasq_interCRT100_natural.txt.test ...
INFO - 12/01/25 17:46:23 - 0:13:47 - Loaded 100000 equations from the disk.
INFO - 12/01/25 17:46:33 - 0:13:57 - 10000/10000 (100.0%) equations were evaluated correctly.
INFO - 12/01/25 17:46:33 - 0:13:57 - 1: 10000 / 10000 (100.00%)
INFO - 12/01/25 17:46:33 - 0:13:57 - Memory allocated:  172.12MB, reserved: 4088.00MB
INFO - 12/01/25 17:46:33 - 0:13:57 - __log__:{"epoch": 4, "valid_arithmetic_xe_loss": 1.851546377874911e-05, "valid_arithmetic_acc": 100.0, "valid_arithmetic_perfect": 100.0, "valid_arithmetic_correct": 100.0, "valid_arithmetic_acc_d1": 100.0, "valid_arithmetic_acc_d2": 100.0, "valid_arithmetic_acc_d3": 100.0, "valid_arithmetic_acc_1": 100.0}
INFO - 12/01/25 17:46:33 - 0:13:57 - Saving checkpoint to /mnt/e/AI@UWMELK-local/mobius_case_study/models/model_interCRT100_natural_liouville/lambdasq/1/checkpoint.pth ...
WARNING - 12/01/25 17:46:33 - 0:13:57 - Saving encoder parameters ...
WARNING - 12/01/25 17:46:33 - 0:13:57 - Saving decoder parameters ...
WARNING - 12/01/25 17:46:33 - 0:13:57 - Saving optimizer ...
INFO - 12/01/25 17:46:33 - 0:13:57 - ============ Starting epoch 5 ... ============
INFO - 12/01/25 17:47:01 - 0:14:25 -    5400 -  240.10 equations/s - 96759.99 words/s - ARITHMETIC:  0.0000 - LR: 2.1517e-04
INFO - 12/01/25 17:47:30 - 0:14:54 -    5600 -  330.00 equations/s - 132991.12 words/s - ARITHMETIC:  0.0000 - LR: 2.1129e-04
INFO - 12/01/25 17:47:59 - 0:15:23 -    5800 -  330.16 equations/s - 133054.40 words/s - ARITHMETIC:  0.0000 - LR: 2.0761e-04
INFO - 12/01/25 17:48:28 - 0:15:52 -    6000 -  330.21 equations/s - 133073.07 words/s - ARITHMETIC:  0.0000 - LR: 2.0412e-04
INFO - 12/01/25 17:48:57 - 0:16:21 -    6200 -  329.96 equations/s - 132973.28 words/s - ARITHMETIC:  0.0000 - LR: 2.0080e-04
INFO - 12/01/25 17:49:05 - 0:16:29 - Memory allocated:  172.12MB, reserved: 4088.00MB
INFO - 12/01/25 17:49:05 - 0:16:29 - ============ End of epoch 5 ============
INFO - 12/01/25 17:49:05 - 0:16:29 - Creating valid iterator for arithmetic ...
INFO - 12/01/25 17:49:05 - 0:16:29 - Loading data from /mnt/e/AI@UWMELK-local/mobius_case_study/input/input_dir_interCRT100_natural/lambdasq_interCRT100_natural.txt.test ...
INFO - 12/01/25 17:49:06 - 0:16:30 - Loaded 100000 equations from the disk.
INFO - 12/01/25 17:49:15 - 0:16:39 - 10000/10000 (100.0%) equations were evaluated correctly.
INFO - 12/01/25 17:49:15 - 0:16:39 - 1: 10000 / 10000 (100.00%)
INFO - 12/01/25 17:49:15 - 0:16:39 - Memory allocated:  172.12MB, reserved: 4088.00MB
INFO - 12/01/25 17:49:15 - 0:16:39 - __log__:{"epoch": 5, "valid_arithmetic_xe_loss": 8.186418419063556e-06, "valid_arithmetic_acc": 100.0, "valid_arithmetic_perfect": 100.0, "valid_arithmetic_correct": 100.0, "valid_arithmetic_acc_d1": 100.0, "valid_arithmetic_acc_d2": 100.0, "valid_arithmetic_acc_d3": 100.0, "valid_arithmetic_acc_1": 100.0}
INFO - 12/01/25 17:49:15 - 0:16:39 - Saving checkpoint to /mnt/e/AI@UWMELK-local/mobius_case_study/models/model_interCRT100_natural_liouville/lambdasq/1/checkpoint.pth ...
WARNING - 12/01/25 17:49:15 - 0:16:39 - Saving encoder parameters ...
WARNING - 12/01/25 17:49:15 - 0:16:39 - Saving decoder parameters ...
WARNING - 12/01/25 17:49:15 - 0:16:39 - Saving optimizer ...
INFO - 12/01/25 17:49:16 - 0:16:40 - ============ Starting epoch 6 ... ============
INFO - 12/01/25 17:49:37 - 0:17:01 -    6400 -  239.91 equations/s - 96685.51 words/s - ARITHMETIC:  0.0000 - LR: 1.9764e-04
INFO - 12/01/25 17:50:06 - 0:17:30 -    6600 -  330.00 equations/s - 132989.96 words/s - ARITHMETIC:  0.0000 - LR: 1.9462e-04
INFO - 12/01/25 17:50:36 - 0:17:59 -    6800 -  330.16 equations/s - 133053.38 words/s - ARITHMETIC:  0.0000 - LR: 1.9174e-04
INFO - 12/01/25 17:51:05 - 0:18:29 -    7000 -  329.94 equations/s - 132963.94 words/s - ARITHMETIC:  0.0000 - LR: 1.8898e-04
INFO - 12/01/25 17:51:34 - 0:18:58 -    7200 -  330.05 equations/s - 133008.78 words/s - ARITHMETIC:  0.0000 - LR: 1.8634e-04
INFO - 12/01/25 17:51:47 - 0:19:11 - Memory allocated:  172.12MB, reserved: 4088.00MB
INFO - 12/01/25 17:51:47 - 0:19:11 - ============ End of epoch 6 ============
INFO - 12/01/25 17:51:47 - 0:19:11 - Creating valid iterator for arithmetic ...
INFO - 12/01/25 17:51:47 - 0:19:11 - Loading data from /mnt/e/AI@UWMELK-local/mobius_case_study/input/input_dir_interCRT100_natural/lambdasq_interCRT100_natural.txt.test ...
INFO - 12/01/25 17:51:49 - 0:19:12 - Loaded 100000 equations from the disk.
INFO - 12/01/25 17:51:58 - 0:19:22 - 10000/10000 (100.0%) equations were evaluated correctly.
INFO - 12/01/25 17:51:58 - 0:19:22 - 1: 10000 / 10000 (100.00%)
INFO - 12/01/25 17:51:58 - 0:19:22 - Memory allocated:  172.12MB, reserved: 4088.00MB
INFO - 12/01/25 17:51:58 - 0:19:22 - __log__:{"epoch": 6, "valid_arithmetic_xe_loss": 4.053111751272809e-06, "valid_arithmetic_acc": 100.0, "valid_arithmetic_perfect": 100.0, "valid_arithmetic_correct": 100.0, "valid_arithmetic_acc_d1": 100.0, "valid_arithmetic_acc_d2": 100.0, "valid_arithmetic_acc_d3": 100.0, "valid_arithmetic_acc_1": 100.0}
INFO - 12/01/25 17:51:58 - 0:19:22 - Saving checkpoint to /mnt/e/AI@UWMELK-local/mobius_case_study/models/model_interCRT100_natural_liouville/lambdasq/1/checkpoint.pth ...
WARNING - 12/01/25 17:51:58 - 0:19:22 - Saving encoder parameters ...
WARNING - 12/01/25 17:51:58 - 0:19:22 - Saving decoder parameters ...
WARNING - 12/01/25 17:51:58 - 0:19:22 - Saving optimizer ...
INFO - 12/01/25 17:51:58 - 0:19:22 - ============ Starting epoch 7 ... ============
INFO - 12/01/25 17:52:14 - 0:19:38 -    7400 -  239.05 equations/s - 96338.54 words/s - ARITHMETIC:  0.0000 - LR: 1.8380e-04
INFO - 12/01/25 17:52:43 - 0:20:07 -    7600 -  330.00 equations/s - 132989.35 words/s - ARITHMETIC:  0.0000 - LR: 1.8137e-04
INFO - 12/01/25 17:53:12 - 0:20:36 -    7800 -  329.86 equations/s - 132935.59 words/s - ARITHMETIC:  0.0000 - LR: 1.7903e-04
INFO - 12/01/25 17:53:41 - 0:21:05 -    8000 -  329.95 equations/s - 132970.64 words/s - ARITHMETIC:  0.0000 - LR: 1.7678e-04
INFO - 12/01/25 17:54:10 - 0:21:34 -    8200 -  330.16 equations/s - 133054.47 words/s - ARITHMETIC:  0.0000 - LR: 1.7461e-04
INFO - 12/01/25 17:54:30 - 0:21:54 - Memory allocated:  172.12MB, reserved: 4088.00MB
INFO - 12/01/25 17:54:30 - 0:21:54 - ============ End of epoch 7 ============
INFO - 12/01/25 17:54:30 - 0:21:54 - Creating valid iterator for arithmetic ...
INFO - 12/01/25 17:54:30 - 0:21:54 - Loading data from /mnt/e/AI@UWMELK-local/mobius_case_study/input/input_dir_interCRT100_natural/lambdasq_interCRT100_natural.txt.test ...
INFO - 12/01/25 17:54:31 - 0:21:55 - Loaded 100000 equations from the disk.
INFO - 12/01/25 17:54:41 - 0:22:05 - 10000/10000 (100.0%) equations were evaluated correctly.
INFO - 12/01/25 17:54:41 - 0:22:05 - 1: 10000 / 10000 (100.00%)
INFO - 12/01/25 17:54:41 - 0:22:05 - Memory allocated:  172.12MB, reserved: 4088.00MB
INFO - 12/01/25 17:54:41 - 0:22:05 - __log__:{"epoch": 7, "valid_arithmetic_xe_loss": 1.9073477229540003e-06, "valid_arithmetic_acc": 100.0, "valid_arithmetic_perfect": 100.0, "valid_arithmetic_correct": 100.0, "valid_arithmetic_acc_d1": 100.0, "valid_arithmetic_acc_d2": 100.0, "valid_arithmetic_acc_d3": 100.0, "valid_arithmetic_acc_1": 100.0}
INFO - 12/01/25 17:54:41 - 0:22:05 - Saving checkpoint to /mnt/e/AI@UWMELK-local/mobius_case_study/models/model_interCRT100_natural_liouville/lambdasq/1/checkpoint.pth ...
WARNING - 12/01/25 17:54:41 - 0:22:05 - Saving encoder parameters ...
WARNING - 12/01/25 17:54:41 - 0:22:05 - Saving decoder parameters ...
WARNING - 12/01/25 17:54:41 - 0:22:05 - Saving optimizer ...
INFO - 12/01/25 17:54:41 - 0:22:05 - ============ Starting epoch 8 ... ============
INFO - 12/01/25 17:54:50 - 0:22:14 -    8400 -  238.94 equations/s - 96292.01 words/s - ARITHMETIC:  0.0000 - LR: 1.7252e-04
INFO - 12/01/25 17:55:19 - 0:22:43 -    8600 -  330.38 equations/s - 133144.74 words/s - ARITHMETIC:  0.0000 - LR: 1.7050e-04
INFO - 12/01/25 17:55:49 - 0:23:12 -    8800 -  329.91 equations/s - 132952.65 words/s - ARITHMETIC:  0.0000 - LR: 1.6855e-04
INFO - 12/01/25 17:56:18 - 0:23:42 -    9000 -  330.22 equations/s - 133078.36 words/s - ARITHMETIC:  0.0000 - LR: 1.6667e-04
INFO - 12/01/25 17:56:47 - 0:24:11 -    9200 -  330.11 equations/s - 133035.18 words/s - ARITHMETIC:  0.0000 - LR: 1.6485e-04
INFO - 12/01/25 17:57:13 - 0:24:37 - Memory allocated:  172.12MB, reserved: 4088.00MB
INFO - 12/01/25 17:57:13 - 0:24:37 - ============ End of epoch 8 ============
INFO - 12/01/25 17:57:13 - 0:24:37 - Creating valid iterator for arithmetic ...
INFO - 12/01/25 17:57:13 - 0:24:37 - Loading data from /mnt/e/AI@UWMELK-local/mobius_case_study/input/input_dir_interCRT100_natural/lambdasq_interCRT100_natural.txt.test ...
INFO - 12/01/25 17:57:14 - 0:24:38 - Loaded 100000 equations from the disk.
INFO - 12/01/25 17:57:23 - 0:24:47 - 10000/10000 (100.0%) equations were evaluated correctly.
INFO - 12/01/25 17:57:23 - 0:24:47 - 1: 10000 / 10000 (100.00%)
INFO - 12/01/25 17:57:23 - 0:24:47 - Memory allocated:  172.12MB, reserved: 4088.00MB
INFO - 12/01/25 17:57:23 - 0:24:47 - __log__:{"epoch": 8, "valid_arithmetic_xe_loss": 1.0927913299383363e-06, "valid_arithmetic_acc": 100.0, "valid_arithmetic_perfect": 100.0, "valid_arithmetic_correct": 100.0, "valid_arithmetic_acc_d1": 100.0, "valid_arithmetic_acc_d2": 100.0, "valid_arithmetic_acc_d3": 100.0, "valid_arithmetic_acc_1": 100.0}
INFO - 12/01/25 17:57:23 - 0:24:47 - Saving checkpoint to /mnt/e/AI@UWMELK-local/mobius_case_study/models/model_interCRT100_natural_liouville/lambdasq/1/checkpoint.pth ...
WARNING - 12/01/25 17:57:23 - 0:24:47 - Saving encoder parameters ...
WARNING - 12/01/25 17:57:23 - 0:24:47 - Saving decoder parameters ...
WARNING - 12/01/25 17:57:23 - 0:24:47 - Saving optimizer ...
INFO - 12/01/25 17:57:24 - 0:24:48 - ============ Starting epoch 9 ... ============
INFO - 12/01/25 17:57:27 - 0:24:51 -    9400 -  238.98 equations/s - 96306.99 words/s - ARITHMETIC:  0.0000 - LR: 1.6308e-04
INFO - 12/01/25 17:57:56 - 0:25:20 -    9600 -  330.02 equations/s - 133000.03 words/s - ARITHMETIC:  0.0000 - LR: 1.6137e-04
INFO - 12/01/25 17:58:25 - 0:25:49 -    9800 -  329.79 equations/s - 132906.18 words/s - ARITHMETIC:  0.0000 - LR: 1.5972e-04
INFO - 12/01/25 17:58:54 - 0:26:18 -   10000 -  330.02 equations/s - 132997.80 words/s - ARITHMETIC:  0.0000 - LR: 1.5811e-04
INFO - 12/01/25 17:59:23 - 0:26:47 -   10200 -  329.82 equations/s - 132917.86 words/s - ARITHMETIC:  0.0000 - LR: 1.5656e-04
INFO - 12/01/25 17:59:52 - 0:27:16 -   10400 -  329.59 equations/s - 132825.44 words/s - ARITHMETIC:  0.0000 - LR: 1.5504e-04
INFO - 12/01/25 17:59:55 - 0:27:19 - Memory allocated:  172.12MB, reserved: 4088.00MB
INFO - 12/01/25 17:59:55 - 0:27:19 - ============ End of epoch 9 ============
INFO - 12/01/25 17:59:55 - 0:27:19 - Creating valid iterator for arithmetic ...
INFO - 12/01/25 17:59:55 - 0:27:19 - Loading data from /mnt/e/AI@UWMELK-local/mobius_case_study/input/input_dir_interCRT100_natural/lambdasq_interCRT100_natural.txt.test ...
INFO - 12/01/25 17:59:57 - 0:27:20 - Loaded 100000 equations from the disk.
INFO - 12/01/25 18:00:06 - 0:27:30 - 10000/10000 (100.0%) equations were evaluated correctly.
INFO - 12/01/25 18:00:06 - 0:27:30 - 1: 10000 / 10000 (100.00%)
INFO - 12/01/25 18:00:06 - 0:27:30 - Memory allocated:  172.12MB, reserved: 4088.00MB
INFO - 12/01/25 18:00:06 - 0:27:30 - __log__:{"epoch": 9, "valid_arithmetic_xe_loss": 6.21902828970633e-07, "valid_arithmetic_acc": 100.0, "valid_arithmetic_perfect": 100.0, "valid_arithmetic_correct": 100.0, "valid_arithmetic_acc_d1": 100.0, "valid_arithmetic_acc_d2": 100.0, "valid_arithmetic_acc_d3": 100.0, "valid_arithmetic_acc_1": 100.0}
INFO - 12/01/25 18:00:06 - 0:27:30 - Saving checkpoint to /mnt/e/AI@UWMELK-local/mobius_case_study/models/model_interCRT100_natural_liouville/lambdasq/1/checkpoint.pth ...
WARNING - 12/01/25 18:00:06 - 0:27:30 - Saving encoder parameters ...
WARNING - 12/01/25 18:00:06 - 0:27:30 - Saving decoder parameters ...
WARNING - 12/01/25 18:00:06 - 0:27:30 - Saving optimizer ...
INFO - 12/01/25 18:00:07 - 0:27:30 - ============ Starting epoch 10 ... ============
INFO - 12/01/25 18:00:33 - 0:27:57 -   10600 -  238.03 equations/s - 95925.26 words/s - ARITHMETIC:  0.0000 - LR: 1.5357e-04
INFO - 12/01/25 18:01:02 - 0:28:26 -   10800 -  330.00 equations/s - 132989.78 words/s - ARITHMETIC:  0.0000 - LR: 1.5215e-04
INFO - 12/01/25 18:01:31 - 0:28:55 -   11000 -  329.97 equations/s - 132977.58 words/s - ARITHMETIC:  0.0000 - LR: 1.5076e-04
INFO - 12/01/25 18:02:00 - 0:29:24 -   11200 -  330.23 equations/s - 133081.86 words/s - ARITHMETIC:  0.0000 - LR: 1.4940e-04
INFO - 12/01/25 18:02:29 - 0:29:53 -   11400 -  330.17 equations/s - 133059.94 words/s - ARITHMETIC:  0.0000 - LR: 1.4809e-04
INFO - 12/01/25 18:02:38 - 0:30:02 - Memory allocated:  172.12MB, reserved: 4088.00MB
INFO - 12/01/25 18:02:38 - 0:30:02 - ============ End of epoch 10 ============
INFO - 12/01/25 18:02:38 - 0:30:02 - Creating valid iterator for arithmetic ...
INFO - 12/01/25 18:02:38 - 0:30:02 - Loading data from /mnt/e/AI@UWMELK-local/mobius_case_study/input/input_dir_interCRT100_natural/lambdasq_interCRT100_natural.txt.test ...
INFO - 12/01/25 18:02:39 - 0:30:03 - Loaded 100000 equations from the disk.
INFO - 12/01/25 18:02:49 - 0:30:13 - 10000/10000 (100.0%) equations were evaluated correctly.
INFO - 12/01/25 18:02:49 - 0:30:13 - 1: 10000 / 10000 (100.00%)
INFO - 12/01/25 18:02:49 - 0:30:13 - Memory allocated:  172.12MB, reserved: 4088.00MB
INFO - 12/01/25 18:02:49 - 0:30:13 - __log__:{"epoch": 10, "valid_arithmetic_xe_loss": 3.576278402306343e-07, "valid_arithmetic_acc": 100.0, "valid_arithmetic_perfect": 100.0, "valid_arithmetic_correct": 100.0, "valid_arithmetic_acc_d1": 100.0, "valid_arithmetic_acc_d2": 100.0, "valid_arithmetic_acc_d3": 100.0, "valid_arithmetic_acc_1": 100.0}
INFO - 12/01/25 18:02:49 - 0:30:13 - Saving checkpoint to /mnt/e/AI@UWMELK-local/mobius_case_study/models/model_interCRT100_natural_liouville/lambdasq/1/checkpoint.pth ...
WARNING - 12/01/25 18:02:49 - 0:30:13 - Saving encoder parameters ...
WARNING - 12/01/25 18:02:49 - 0:30:13 - Saving decoder parameters ...
WARNING - 12/01/25 18:02:49 - 0:30:13 - Saving optimizer ...
INFO - 12/01/25 18:02:49 - 0:30:13 - ============ Starting epoch 11 ... ============
INFO - 12/01/25 18:03:09 - 0:30:33 -   11600 -  239.51 equations/s - 96523.05 words/s - ARITHMETIC:  0.0000 - LR: 1.4681e-04
INFO - 12/01/25 18:03:38 - 0:31:02 -   11800 -  330.05 equations/s - 133009.72 words/s - ARITHMETIC:  0.0000 - LR: 1.4556e-04
INFO - 12/01/25 18:04:07 - 0:31:31 -   12000 -  330.15 equations/s - 133049.59 words/s - ARITHMETIC:  0.0000 - LR: 1.4434e-04
INFO - 12/01/25 18:04:36 - 0:32:00 -   12200 -  330.23 equations/s - 133081.92 words/s - ARITHMETIC:  0.0000 - LR: 1.4315e-04
INFO - 12/01/25 18:05:05 - 0:32:29 -   12400 -  329.92 equations/s - 132956.06 words/s - ARITHMETIC:  0.0000 - LR: 1.4199e-04
INFO - 12/01/25 18:05:21 - 0:32:45 - Memory allocated:  172.12MB, reserved: 4088.00MB
INFO - 12/01/25 18:05:21 - 0:32:45 - ============ End of epoch 11 ============
INFO - 12/01/25 18:05:21 - 0:32:45 - Creating valid iterator for arithmetic ...
INFO - 12/01/25 18:05:21 - 0:32:45 - Loading data from /mnt/e/AI@UWMELK-local/mobius_case_study/input/input_dir_interCRT100_natural/lambdasq_interCRT100_natural.txt.test ...
INFO - 12/01/25 18:05:22 - 0:32:46 - Loaded 100000 equations from the disk.
INFO - 12/01/25 18:05:31 - 0:32:55 - 10000/10000 (100.0%) equations were evaluated correctly.
INFO - 12/01/25 18:05:31 - 0:32:55 - 1: 10000 / 10000 (100.00%)
INFO - 12/01/25 18:05:31 - 0:32:55 - Memory allocated:  172.12MB, reserved: 4088.00MB
INFO - 12/01/25 18:05:31 - 0:32:55 - __log__:{"epoch": 11, "valid_arithmetic_xe_loss": 2.1337267894523393e-07, "valid_arithmetic_acc": 100.0, "valid_arithmetic_perfect": 100.0, "valid_arithmetic_correct": 100.0, "valid_arithmetic_acc_d1": 100.0, "valid_arithmetic_acc_d2": 100.0, "valid_arithmetic_acc_d3": 100.0, "valid_arithmetic_acc_1": 100.0}
INFO - 12/01/25 18:05:31 - 0:32:55 - Saving checkpoint to /mnt/e/AI@UWMELK-local/mobius_case_study/models/model_interCRT100_natural_liouville/lambdasq/1/checkpoint.pth ...
WARNING - 12/01/25 18:05:31 - 0:32:55 - Saving encoder parameters ...
WARNING - 12/01/25 18:05:31 - 0:32:55 - Saving decoder parameters ...
WARNING - 12/01/25 18:05:31 - 0:32:55 - Saving optimizer ...
INFO - 12/01/25 18:05:32 - 0:32:55 - ============ Starting epoch 12 ... ============
INFO - 12/01/25 18:05:46 - 0:33:09 -   12600 -  239.70 equations/s - 96599.36 words/s - ARITHMETIC:  0.0000 - LR: 1.4086e-04
INFO - 12/01/25 18:06:15 - 0:33:39 -   12800 -  329.85 equations/s - 132931.08 words/s - ARITHMETIC:  0.0000 - LR: 1.3975e-04
INFO - 12/01/25 18:06:44 - 0:34:08 -   13000 -  330.09 equations/s - 133027.95 words/s - ARITHMETIC:  0.0000 - LR: 1.3868e-04
INFO - 12/01/25 18:07:13 - 0:34:37 -   13200 -  328.20 equations/s - 132265.35 words/s - ARITHMETIC:  0.0000 - LR: 1.3762e-04
INFO - 12/01/25 18:07:42 - 0:35:06 -   13400 -  330.08 equations/s - 133021.22 words/s - ARITHMETIC:  0.0000 - LR: 1.3659e-04
INFO - 12/01/25 18:08:03 - 0:35:27 - Memory allocated:  172.12MB, reserved: 4088.00MB
INFO - 12/01/25 18:08:03 - 0:35:27 - ============ End of epoch 12 ============
INFO - 12/01/25 18:08:03 - 0:35:27 - Creating valid iterator for arithmetic ...
INFO - 12/01/25 18:08:03 - 0:35:27 - Loading data from /mnt/e/AI@UWMELK-local/mobius_case_study/input/input_dir_interCRT100_natural/lambdasq_interCRT100_natural.txt.test ...
INFO - 12/01/25 18:08:04 - 0:35:28 - Loaded 100000 equations from the disk.
INFO - 12/01/25 18:08:14 - 0:35:38 - 10000/10000 (100.0%) equations were evaluated correctly.
INFO - 12/01/25 18:08:14 - 0:35:38 - 1: 10000 / 10000 (100.00%)
INFO - 12/01/25 18:08:14 - 0:35:38 - Memory allocated:  172.12MB, reserved: 4088.00MB
INFO - 12/01/25 18:08:14 - 0:35:38 - __log__:{"epoch": 12, "valid_arithmetic_xe_loss": 1.5001295557794946e-07, "valid_arithmetic_acc": 100.0, "valid_arithmetic_perfect": 100.0, "valid_arithmetic_correct": 100.0, "valid_arithmetic_acc_d1": 100.0, "valid_arithmetic_acc_d2": 100.0, "valid_arithmetic_acc_d3": 100.0, "valid_arithmetic_acc_1": 100.0}
INFO - 12/01/25 18:08:14 - 0:35:38 - Saving checkpoint to /mnt/e/AI@UWMELK-local/mobius_case_study/models/model_interCRT100_natural_liouville/lambdasq/1/checkpoint.pth ...
WARNING - 12/01/25 18:08:14 - 0:35:38 - Saving encoder parameters ...
WARNING - 12/01/25 18:08:14 - 0:35:38 - Saving decoder parameters ...
WARNING - 12/01/25 18:08:14 - 0:35:38 - Saving optimizer ...
INFO - 12/01/25 18:08:14 - 0:35:38 - ============ Starting epoch 13 ... ============
INFO - 12/01/25 18:08:22 - 0:35:46 -   13600 -  239.04 equations/s - 96332.76 words/s - ARITHMETIC:  0.0000 - LR: 1.3558e-04
INFO - 12/01/25 18:08:51 - 0:36:15 -   13800 -  329.93 equations/s - 132961.41 words/s - ARITHMETIC:  0.0000 - LR: 1.3460e-04
INFO - 12/01/25 18:09:20 - 0:36:44 -   14000 -  330.20 equations/s - 133068.73 words/s - ARITHMETIC:  0.0000 - LR: 1.3363e-04
INFO - 12/01/25 18:09:49 - 0:37:13 -   14200 -  330.11 equations/s - 133033.38 words/s - ARITHMETIC:  0.0000 - LR: 1.3269e-04
INFO - 12/01/25 18:10:19 - 0:37:42 -   14400 -  329.85 equations/s - 132930.17 words/s - ARITHMETIC:  0.0000 - LR: 1.3176e-04
INFO - 12/01/25 18:10:46 - 0:38:10 - Memory allocated:  172.12MB, reserved: 4088.00MB
INFO - 12/01/25 18:10:46 - 0:38:10 - ============ End of epoch 13 ============
INFO - 12/01/25 18:10:46 - 0:38:10 - Creating valid iterator for arithmetic ...
INFO - 12/01/25 18:10:46 - 0:38:10 - Loading data from /mnt/e/AI@UWMELK-local/mobius_case_study/input/input_dir_interCRT100_natural/lambdasq_interCRT100_natural.txt.test ...
INFO - 12/01/25 18:10:47 - 0:38:11 - Loaded 100000 equations from the disk.
INFO - 12/01/25 18:10:56 - 0:38:20 - 10000/10000 (100.0%) equations were evaluated correctly.
INFO - 12/01/25 18:10:56 - 0:38:20 - 1: 10000 / 10000 (100.00%)
INFO - 12/01/25 18:10:56 - 0:38:20 - Memory allocated:  172.12MB, reserved: 4088.00MB
INFO - 12/01/25 18:10:56 - 0:38:20 - __log__:{"epoch": 13, "valid_arithmetic_xe_loss": 7.733105566671838e-08, "valid_arithmetic_acc": 100.0, "valid_arithmetic_perfect": 100.0, "valid_arithmetic_correct": 100.0, "valid_arithmetic_acc_d1": 100.0, "valid_arithmetic_acc_d2": 100.0, "valid_arithmetic_acc_d3": 100.0, "valid_arithmetic_acc_1": 100.0}
INFO - 12/01/25 18:10:56 - 0:38:20 - Saving checkpoint to /mnt/e/AI@UWMELK-local/mobius_case_study/models/model_interCRT100_natural_liouville/lambdasq/1/checkpoint.pth ...
WARNING - 12/01/25 18:10:56 - 0:38:20 - Saving encoder parameters ...
WARNING - 12/01/25 18:10:56 - 0:38:20 - Saving decoder parameters ...
WARNING - 12/01/25 18:10:56 - 0:38:20 - Saving optimizer ...
INFO - 12/01/25 18:10:57 - 0:38:21 - ============ Starting epoch 14 ... ============
INFO - 12/01/25 18:10:59 - 0:38:22 -   14600 -  240.16 equations/s - 96785.76 words/s - ARITHMETIC:  0.0000 - LR: 1.3086e-04
INFO - 12/01/25 18:11:28 - 0:38:52 -   14800 -  330.27 equations/s - 133098.33 words/s - ARITHMETIC:  0.0000 - LR: 1.2997e-04
INFO - 12/01/25 18:11:57 - 0:39:21 -   15000 -  330.05 equations/s - 133010.35 words/s - ARITHMETIC:  0.0000 - LR: 1.2910e-04
INFO - 12/01/25 18:12:26 - 0:39:50 -   15200 -  330.05 equations/s - 133010.46 words/s - ARITHMETIC:  0.0000 - LR: 1.2825e-04
INFO - 12/01/25 18:12:55 - 0:40:19 -   15400 -  330.25 equations/s - 133091.29 words/s - ARITHMETIC:  0.0000 - LR: 1.2741e-04
INFO - 12/01/25 18:13:24 - 0:40:48 -   15600 -  330.09 equations/s - 133024.74 words/s - ARITHMETIC:  0.0000 - LR: 1.2659e-04
INFO - 12/01/25 18:13:28 - 0:40:52 - Memory allocated:  172.12MB, reserved: 4088.00MB
INFO - 12/01/25 18:13:28 - 0:40:52 - ============ End of epoch 14 ============
INFO - 12/01/25 18:13:28 - 0:40:52 - Creating valid iterator for arithmetic ...
INFO - 12/01/25 18:13:28 - 0:40:52 - Loading data from /mnt/e/AI@UWMELK-local/mobius_case_study/input/input_dir_interCRT100_natural/lambdasq_interCRT100_natural.txt.test ...
INFO - 12/01/25 18:13:29 - 0:40:53 - Loaded 100000 equations from the disk.
INFO - 12/01/25 18:13:39 - 0:41:03 - 10000/10000 (100.0%) equations were evaluated correctly.
INFO - 12/01/25 18:13:39 - 0:41:03 - 1: 10000 / 10000 (100.00%)
INFO - 12/01/25 18:13:39 - 0:41:03 - Memory allocated:  172.12MB, reserved: 4088.00MB
INFO - 12/01/25 18:13:39 - 0:41:03 - __log__:{"epoch": 14, "valid_arithmetic_xe_loss": 1.0721682082248663e-07, "valid_arithmetic_acc": 100.0, "valid_arithmetic_perfect": 100.0, "valid_arithmetic_correct": 100.0, "valid_arithmetic_acc_d1": 100.0, "valid_arithmetic_acc_d2": 100.0, "valid_arithmetic_acc_d3": 100.0, "valid_arithmetic_acc_1": 100.0}
INFO - 12/01/25 18:13:39 - 0:41:03 - Saving checkpoint to /mnt/e/AI@UWMELK-local/mobius_case_study/models/model_interCRT100_natural_liouville/lambdasq/1/checkpoint.pth ...
WARNING - 12/01/25 18:13:39 - 0:41:03 - Saving encoder parameters ...
WARNING - 12/01/25 18:13:39 - 0:41:03 - Saving decoder parameters ...
WARNING - 12/01/25 18:13:39 - 0:41:03 - Saving optimizer ...
INFO - 12/01/25 18:13:39 - 0:41:03 - ============ Starting epoch 15 ... ============
INFO - 12/01/25 18:14:04 - 0:41:28 -   15800 -  239.75 equations/s - 96620.42 words/s - ARITHMETIC:  0.0000 - LR: 1.2579e-04
INFO - 12/01/25 18:14:33 - 0:41:57 -   16000 -  330.26 equations/s - 133096.41 words/s - ARITHMETIC:  0.0000 - LR: 1.2500e-04
INFO - 12/01/25 18:15:02 - 0:42:26 -   16200 -  330.14 equations/s - 133047.44 words/s - ARITHMETIC:  0.0000 - LR: 1.2423e-04
INFO - 12/01/25 18:15:31 - 0:42:55 -   16400 -  330.01 equations/s - 132994.62 words/s - ARITHMETIC:  0.0000 - LR: 1.2347e-04
INFO - 12/01/25 18:16:00 - 0:43:24 -   16600 -  330.05 equations/s - 133011.27 words/s - ARITHMETIC:  0.0000 - LR: 1.2272e-04
INFO - 12/01/25 18:16:11 - 0:43:35 - Memory allocated:  172.12MB, reserved: 4088.00MB
INFO - 12/01/25 18:16:11 - 0:43:35 - ============ End of epoch 15 ============
INFO - 12/01/25 18:16:11 - 0:43:35 - Creating valid iterator for arithmetic ...
INFO - 12/01/25 18:16:11 - 0:43:35 - Loading data from /mnt/e/AI@UWMELK-local/mobius_case_study/input/input_dir_interCRT100_natural/lambdasq_interCRT100_natural.txt.test ...
INFO - 12/01/25 18:16:12 - 0:43:36 - Loaded 100000 equations from the disk.
INFO - 12/01/25 18:16:21 - 0:43:45 - 10000/10000 (100.0%) equations were evaluated correctly.
INFO - 12/01/25 18:16:21 - 0:43:45 - 1: 10000 / 10000 (100.00%)
INFO - 12/01/25 18:16:21 - 0:43:45 - Memory allocated:  172.12MB, reserved: 4088.00MB
INFO - 12/01/25 18:16:21 - 0:43:45 - __log__:{"epoch": 15, "valid_arithmetic_xe_loss": 5.797147018142823e-08, "valid_arithmetic_acc": 100.0, "valid_arithmetic_perfect": 100.0, "valid_arithmetic_correct": 100.0, "valid_arithmetic_acc_d1": 100.0, "valid_arithmetic_acc_d2": 100.0, "valid_arithmetic_acc_d3": 100.0, "valid_arithmetic_acc_1": 100.0}
INFO - 12/01/25 18:16:21 - 0:43:45 - Saving checkpoint to /mnt/e/AI@UWMELK-local/mobius_case_study/models/model_interCRT100_natural_liouville/lambdasq/1/checkpoint.pth ...
WARNING - 12/01/25 18:16:21 - 0:43:45 - Saving encoder parameters ...
WARNING - 12/01/25 18:16:21 - 0:43:45 - Saving decoder parameters ...
WARNING - 12/01/25 18:16:21 - 0:43:45 - Saving optimizer ...
INFO - 12/01/25 18:16:22 - 0:43:46 - ============ Starting epoch 16 ... ============
INFO - 12/01/25 18:16:40 - 0:44:04 -   16800 -  239.18 equations/s - 96389.47 words/s - ARITHMETIC:  0.0000 - LR: 1.2199e-04
INFO - 12/01/25 18:17:09 - 0:44:33 -   17000 -  330.59 equations/s - 133227.57 words/s - ARITHMETIC:  0.0000 - LR: 1.2127e-04
INFO - 12/01/25 18:17:39 - 0:45:02 -   17200 -  330.18 equations/s - 133062.89 words/s - ARITHMETIC:  0.0000 - LR: 1.2056e-04
INFO - 12/01/25 18:18:08 - 0:45:32 -   17400 -  330.20 equations/s - 133068.65 words/s - ARITHMETIC:  0.0000 - LR: 1.1987e-04
INFO - 12/01/25 18:18:37 - 0:46:01 -   17600 -  330.19 equations/s - 133066.45 words/s - ARITHMETIC:  0.0000 - LR: 1.1918e-04
INFO - 12/01/25 18:18:53 - 0:46:17 - Memory allocated:  172.12MB, reserved: 4088.00MB
INFO - 12/01/25 18:18:53 - 0:46:17 - ============ End of epoch 16 ============
INFO - 12/01/25 18:18:53 - 0:46:17 - Creating valid iterator for arithmetic ...
INFO - 12/01/25 18:18:53 - 0:46:17 - Loading data from /mnt/e/AI@UWMELK-local/mobius_case_study/input/input_dir_interCRT100_natural/lambdasq_interCRT100_natural.txt.test ...
INFO - 12/01/25 18:18:54 - 0:46:18 - Loaded 100000 equations from the disk.
INFO - 12/01/25 18:19:04 - 0:46:28 - 10000/10000 (100.0%) equations were evaluated correctly.
INFO - 12/01/25 18:19:04 - 0:46:28 - 1: 10000 / 10000 (100.00%)
INFO - 12/01/25 18:19:04 - 0:46:28 - Memory allocated:  172.12MB, reserved: 4088.00MB
INFO - 12/01/25 18:19:04 - 0:46:28 - __log__:{"epoch": 16, "valid_arithmetic_xe_loss": 8.845327992048624e-08, "valid_arithmetic_acc": 100.0, "valid_arithmetic_perfect": 100.0, "valid_arithmetic_correct": 100.0, "valid_arithmetic_acc_d1": 100.0, "valid_arithmetic_acc_d2": 100.0, "valid_arithmetic_acc_d3": 100.0, "valid_arithmetic_acc_1": 100.0}
INFO - 12/01/25 18:19:04 - 0:46:28 - Saving checkpoint to /mnt/e/AI@UWMELK-local/mobius_case_study/models/model_interCRT100_natural_liouville/lambdasq/1/checkpoint.pth ...
WARNING - 12/01/25 18:19:04 - 0:46:28 - Saving encoder parameters ...
WARNING - 12/01/25 18:19:04 - 0:46:28 - Saving decoder parameters ...
WARNING - 12/01/25 18:19:04 - 0:46:28 - Saving optimizer ...
INFO - 12/01/25 18:19:04 - 0:46:28 - ============ Starting epoch 17 ... ============
INFO - 12/01/25 18:19:17 - 0:46:41 -   17800 -  240.15 equations/s - 96778.94 words/s - ARITHMETIC:  0.0000 - LR: 1.1851e-04
INFO - 12/01/25 18:19:46 - 0:47:10 -   18000 -  330.08 equations/s - 133020.64 words/s - ARITHMETIC:  0.0000 - LR: 1.1785e-04
INFO - 12/01/25 18:20:15 - 0:47:39 -   18200 -  329.96 equations/s - 132972.02 words/s - ARITHMETIC:  0.0000 - LR: 1.1720e-04
INFO - 12/01/25 18:20:44 - 0:48:08 -   18400 -  329.97 equations/s - 132977.36 words/s - ARITHMETIC:  0.0000 - LR: 1.1656e-04
INFO - 12/01/25 18:21:13 - 0:48:37 -   18600 -  330.30 equations/s - 133109.62 words/s - ARITHMETIC:  0.0000 - LR: 1.1593e-04
INFO - 12/01/25 18:21:36 - 0:49:00 - Memory allocated:  172.12MB, reserved: 4088.00MB
INFO - 12/01/25 18:21:36 - 0:49:00 - ============ End of epoch 17 ============
INFO - 12/01/25 18:21:36 - 0:49:00 - Creating valid iterator for arithmetic ...
INFO - 12/01/25 18:21:36 - 0:49:00 - Loading data from /mnt/e/AI@UWMELK-local/mobius_case_study/input/input_dir_interCRT100_natural/lambdasq_interCRT100_natural.txt.test ...
INFO - 12/01/25 18:21:37 - 0:49:01 - Loaded 100000 equations from the disk.
INFO - 12/01/25 18:21:46 - 0:49:10 - 10000/10000 (100.0%) equations were evaluated correctly.
INFO - 12/01/25 18:21:46 - 0:49:10 - 1: 10000 / 10000 (100.00%)
INFO - 12/01/25 18:21:46 - 0:49:10 - Memory allocated:  172.12MB, reserved: 4088.00MB
INFO - 12/01/25 18:21:46 - 0:49:10 - __log__:{"epoch": 17, "valid_arithmetic_xe_loss": 7.984637176718934e-08, "valid_arithmetic_acc": 100.0, "valid_arithmetic_perfect": 100.0, "valid_arithmetic_correct": 100.0, "valid_arithmetic_acc_d1": 100.0, "valid_arithmetic_acc_d2": 100.0, "valid_arithmetic_acc_d3": 100.0, "valid_arithmetic_acc_1": 100.0}
INFO - 12/01/25 18:21:46 - 0:49:10 - Saving checkpoint to /mnt/e/AI@UWMELK-local/mobius_case_study/models/model_interCRT100_natural_liouville/lambdasq/1/checkpoint.pth ...
WARNING - 12/01/25 18:21:46 - 0:49:10 - Saving encoder parameters ...
WARNING - 12/01/25 18:21:46 - 0:49:10 - Saving decoder parameters ...
WARNING - 12/01/25 18:21:46 - 0:49:10 - Saving optimizer ...
INFO - 12/01/25 18:21:47 - 0:49:11 - ============ Starting epoch 18 ... ============
INFO - 12/01/25 18:21:53 - 0:49:17 -   18800 -  239.98 equations/s - 96710.88 words/s - ARITHMETIC:  0.0000 - LR: 1.1532e-04
INFO - 12/01/25 18:22:22 - 0:49:46 -   19000 -  330.10 equations/s - 133031.92 words/s - ARITHMETIC:  0.0000 - LR: 1.1471e-04
INFO - 12/01/25 18:22:51 - 0:50:15 -   19200 -  330.11 equations/s - 133033.92 words/s - ARITHMETIC:  0.0000 - LR: 1.1411e-04
INFO - 12/01/25 18:23:20 - 0:50:44 -   19400 -  329.97 equations/s - 132976.52 words/s - ARITHMETIC:  0.0000 - LR: 1.1352e-04
INFO - 12/01/25 18:23:49 - 0:51:13 -   19600 -  330.15 equations/s - 133050.15 words/s - ARITHMETIC:  0.0000 - LR: 1.1294e-04
INFO - 12/01/25 18:24:18 - 0:51:42 - Memory allocated:  172.12MB, reserved: 4088.00MB
INFO - 12/01/25 18:24:18 - 0:51:42 - ============ End of epoch 18 ============
INFO - 12/01/25 18:24:18 - 0:51:42 - Creating valid iterator for arithmetic ...
INFO - 12/01/25 18:24:18 - 0:51:42 - Loading data from /mnt/e/AI@UWMELK-local/mobius_case_study/input/input_dir_interCRT100_natural/lambdasq_interCRT100_natural.txt.test ...
INFO - 12/01/25 18:24:19 - 0:51:43 - Loaded 100000 equations from the disk.
INFO - 12/01/25 18:24:29 - 0:51:53 - 10000/10000 (100.0%) equations were evaluated correctly.
INFO - 12/01/25 18:24:29 - 0:51:53 - 1: 10000 / 10000 (100.00%)
INFO - 12/01/25 18:24:29 - 0:51:53 - Memory allocated:  172.12MB, reserved: 4088.00MB
INFO - 12/01/25 18:24:29 - 0:51:53 - __log__:{"epoch": 18, "valid_arithmetic_xe_loss": 3.126859325845999e-08, "valid_arithmetic_acc": 100.0, "valid_arithmetic_perfect": 100.0, "valid_arithmetic_correct": 100.0, "valid_arithmetic_acc_d1": 100.0, "valid_arithmetic_acc_d2": 100.0, "valid_arithmetic_acc_d3": 100.0, "valid_arithmetic_acc_1": 100.0}
INFO - 12/01/25 18:24:29 - 0:51:53 - Saving checkpoint to /mnt/e/AI@UWMELK-local/mobius_case_study/models/model_interCRT100_natural_liouville/lambdasq/1/checkpoint.pth ...
WARNING - 12/01/25 18:24:29 - 0:51:53 - Saving encoder parameters ...
WARNING - 12/01/25 18:24:29 - 0:51:53 - Saving decoder parameters ...
WARNING - 12/01/25 18:24:29 - 0:51:53 - Saving optimizer ...
INFO - 12/01/25 18:24:29 - 0:51:53 - ============ Starting epoch 19 ... ============
INFO - 12/01/25 18:24:30 - 0:51:53 -   19800 -  238.87 equations/s - 96265.49 words/s - ARITHMETIC:  0.0000 - LR: 1.1237e-04
INFO - 12/01/25 18:24:59 - 0:52:23 -   20000 -  329.91 equations/s - 132955.31 words/s - ARITHMETIC:  0.0000 - LR: 1.1180e-04
INFO - 12/01/25 18:25:28 - 0:52:52 -   20200 -  330.02 equations/s - 132996.60 words/s - ARITHMETIC:  0.0000 - LR: 1.1125e-04
INFO - 12/01/25 18:25:57 - 0:53:21 -   20400 -  330.10 equations/s - 133031.32 words/s - ARITHMETIC:  0.0000 - LR: 1.1070e-04
INFO - 12/01/25 18:26:26 - 0:53:50 -   20600 -  330.27 equations/s - 133098.58 words/s - ARITHMETIC:  0.0000 - LR: 1.1016e-04
INFO - 12/01/25 18:26:55 - 0:54:19 -   20800 -  329.97 equations/s - 132977.93 words/s - ARITHMETIC:  0.0000 - LR: 1.0963e-04
INFO - 12/01/25 18:27:01 - 0:54:25 - Memory allocated:  172.12MB, reserved: 4088.00MB
INFO - 12/01/25 18:27:01 - 0:54:25 - ============ End of epoch 19 ============
INFO - 12/01/25 18:27:01 - 0:54:25 - Creating valid iterator for arithmetic ...
INFO - 12/01/25 18:27:01 - 0:54:25 - Loading data from /mnt/e/AI@UWMELK-local/mobius_case_study/input/input_dir_interCRT100_natural/lambdasq_interCRT100_natural.txt.test ...
INFO - 12/01/25 18:27:02 - 0:54:26 - Loaded 100000 equations from the disk.
INFO - 12/01/25 18:27:11 - 0:54:35 - 10000/10000 (100.0%) equations were evaluated correctly.
INFO - 12/01/25 18:27:11 - 0:54:35 - 1: 10000 / 10000 (100.00%)
INFO - 12/01/25 18:27:11 - 0:54:35 - Memory allocated:  172.12MB, reserved: 4088.00MB
INFO - 12/01/25 18:27:11 - 0:54:35 - __log__:{"epoch": 19, "valid_arithmetic_xe_loss": 1.5342234144100074e-07, "valid_arithmetic_acc": 100.0, "valid_arithmetic_perfect": 100.0, "valid_arithmetic_correct": 100.0, "valid_arithmetic_acc_d1": 100.0, "valid_arithmetic_acc_d2": 100.0, "valid_arithmetic_acc_d3": 100.0, "valid_arithmetic_acc_1": 100.0}
INFO - 12/01/25 18:27:11 - 0:54:35 - Saving checkpoint to /mnt/e/AI@UWMELK-local/mobius_case_study/models/model_interCRT100_natural_liouville/lambdasq/1/checkpoint.pth ...
WARNING - 12/01/25 18:27:11 - 0:54:35 - Saving encoder parameters ...
WARNING - 12/01/25 18:27:11 - 0:54:35 - Saving decoder parameters ...
WARNING - 12/01/25 18:27:11 - 0:54:35 - Saving optimizer ...
INFO - 12/01/25 18:27:12 - 0:54:36 - ============ Starting epoch 20 ... ============
INFO - 12/01/25 18:27:35 - 0:54:59 -   21000 -  239.36 equations/s - 96460.67 words/s - ARITHMETIC:  0.0000 - LR: 1.0911e-04
INFO - 12/01/25 18:28:04 - 0:55:28 -   21200 -  329.79 equations/s - 132904.71 words/s - ARITHMETIC:  0.0000 - LR: 1.0859e-04
INFO - 12/01/25 18:28:33 - 0:55:57 -   21400 -  329.93 equations/s - 132961.08 words/s - ARITHMETIC:  0.0000 - LR: 1.0808e-04
INFO - 12/01/25 18:29:02 - 0:56:26 -   21600 -  329.94 equations/s - 132964.47 words/s - ARITHMETIC:  0.0000 - LR: 1.0758e-04
INFO - 12/01/25 18:29:31 - 0:56:55 -   21800 -  330.07 equations/s - 133016.27 words/s - ARITHMETIC:  0.0000 - LR: 1.0709e-04
INFO - 12/01/25 18:29:43 - 0:57:07 - Memory allocated:  172.12MB, reserved: 4088.00MB
INFO - 12/01/25 18:29:43 - 0:57:07 - ============ End of epoch 20 ============
INFO - 12/01/25 18:29:43 - 0:57:07 - Creating valid iterator for arithmetic ...
INFO - 12/01/25 18:29:43 - 0:57:07 - Loading data from /mnt/e/AI@UWMELK-local/mobius_case_study/input/input_dir_interCRT100_natural/lambdasq_interCRT100_natural.txt.test ...
INFO - 12/01/25 18:29:44 - 0:57:08 - Loaded 100000 equations from the disk.
INFO - 12/01/25 18:29:54 - 0:57:18 - 10000/10000 (100.0%) equations were evaluated correctly.
INFO - 12/01/25 18:29:54 - 0:57:18 - 1: 10000 / 10000 (100.00%)
INFO - 12/01/25 18:29:54 - 0:57:18 - Memory allocated:  172.12MB, reserved: 4088.00MB
INFO - 12/01/25 18:29:54 - 0:57:18 - __log__:{"epoch": 20, "valid_arithmetic_xe_loss": 1.024365283115003e-07, "valid_arithmetic_acc": 100.0, "valid_arithmetic_perfect": 100.0, "valid_arithmetic_correct": 100.0, "valid_arithmetic_acc_d1": 100.0, "valid_arithmetic_acc_d2": 100.0, "valid_arithmetic_acc_d3": 100.0, "valid_arithmetic_acc_1": 100.0}
INFO - 12/01/25 18:29:54 - 0:57:18 - Saving checkpoint to /mnt/e/AI@UWMELK-local/mobius_case_study/models/model_interCRT100_natural_liouville/lambdasq/1/checkpoint.pth ...
WARNING - 12/01/25 18:29:54 - 0:57:18 - Saving encoder parameters ...
WARNING - 12/01/25 18:29:54 - 0:57:18 - Saving decoder parameters ...
WARNING - 12/01/25 18:29:54 - 0:57:18 - Saving optimizer ...
INFO - 12/01/25 18:29:54 - 0:57:18 - ============ Starting epoch 21 ... ============
INFO - 12/01/25 18:30:12 - 0:57:35 -   22000 -  239.65 equations/s - 96580.26 words/s - ARITHMETIC:  0.0000 - LR: 1.0660e-04
INFO - 12/01/25 18:30:41 - 0:58:05 -   22200 -  329.85 equations/s - 132928.91 words/s - ARITHMETIC:  0.0000 - LR: 1.0612e-04
INFO - 12/01/25 18:31:10 - 0:58:34 -   22400 -  330.11 equations/s - 133034.23 words/s - ARITHMETIC:  0.0000 - LR: 1.0564e-04
INFO - 12/01/25 18:31:39 - 0:59:03 -   22600 -  329.90 equations/s - 132949.81 words/s - ARITHMETIC:  0.0000 - LR: 1.0518e-04
INFO - 12/01/25 18:32:08 - 0:59:32 -   22800 -  330.25 equations/s - 133090.73 words/s - ARITHMETIC:  0.0000 - LR: 1.0471e-04
INFO - 12/01/25 18:32:26 - 0:59:50 - Memory allocated:  172.12MB, reserved: 4088.00MB
INFO - 12/01/25 18:32:26 - 0:59:50 - ============ End of epoch 21 ============
INFO - 12/01/25 18:32:26 - 0:59:50 - Creating valid iterator for arithmetic ...
INFO - 12/01/25 18:32:26 - 0:59:50 - Loading data from /mnt/e/AI@UWMELK-local/mobius_case_study/input/input_dir_interCRT100_natural/lambdasq_interCRT100_natural.txt.test ...
INFO - 12/01/25 18:32:27 - 0:59:51 - Loaded 100000 equations from the disk.
INFO - 12/01/25 18:32:36 - 1:00:00 - 10000/10000 (100.0%) equations were evaluated correctly.
INFO - 12/01/25 18:32:36 - 1:00:00 - 1: 10000 / 10000 (100.00%)
INFO - 12/01/25 18:32:37 - 1:00:00 - Memory allocated:  172.12MB, reserved: 4088.00MB
INFO - 12/01/25 18:32:37 - 1:00:00 - __log__:{"epoch": 21, "valid_arithmetic_xe_loss": 1.2943743238338358e-07, "valid_arithmetic_acc": 100.0, "valid_arithmetic_perfect": 100.0, "valid_arithmetic_correct": 100.0, "valid_arithmetic_acc_d1": 100.0, "valid_arithmetic_acc_d2": 100.0, "valid_arithmetic_acc_d3": 100.0, "valid_arithmetic_acc_1": 100.0}
INFO - 12/01/25 18:32:37 - 1:00:00 - Saving checkpoint to /mnt/e/AI@UWMELK-local/mobius_case_study/models/model_interCRT100_natural_liouville/lambdasq/1/checkpoint.pth ...
WARNING - 12/01/25 18:32:37 - 1:00:00 - Saving encoder parameters ...
WARNING - 12/01/25 18:32:37 - 1:00:00 - Saving decoder parameters ...
WARNING - 12/01/25 18:32:37 - 1:00:00 - Saving optimizer ...
INFO - 12/01/25 18:32:37 - 1:00:01 - ============ Starting epoch 22 ... ============
INFO - 12/01/25 18:32:48 - 1:00:12 -   23000 -  238.87 equations/s - 96264.76 words/s - ARITHMETIC:  0.0000 - LR: 1.0426e-04
INFO - 12/01/25 18:33:17 - 1:00:41 -   23200 -  330.06 equations/s - 133014.71 words/s - ARITHMETIC:  0.0000 - LR: 1.0381e-04
INFO - 12/01/25 18:33:46 - 1:01:10 -   23400 -  329.93 equations/s - 132963.27 words/s - ARITHMETIC:  0.0000 - LR: 1.0336e-04
INFO - 12/01/25 18:34:15 - 1:01:39 -   23600 -  329.93 equations/s - 132962.65 words/s - ARITHMETIC:  0.0000 - LR: 1.0292e-04
INFO - 12/01/25 18:34:44 - 1:02:08 -   23800 -  330.11 equations/s - 133033.80 words/s - ARITHMETIC:  0.0000 - LR: 1.0249e-04
INFO - 12/01/25 18:35:11 - 1:02:35 - Memory allocated:  172.12MB, reserved: 4088.00MB
INFO - 12/01/25 18:35:11 - 1:02:35 - ============ End of epoch 22 ============
INFO - 12/01/25 18:35:11 - 1:02:35 - Creating valid iterator for arithmetic ...
INFO - 12/01/25 18:35:11 - 1:02:35 - Loading data from /mnt/e/AI@UWMELK-local/mobius_case_study/input/input_dir_interCRT100_natural/lambdasq_interCRT100_natural.txt.test ...
INFO - 12/01/25 18:35:12 - 1:02:36 - Loaded 100000 equations from the disk.
INFO - 12/01/25 18:35:22 - 1:02:46 - 10000/10000 (100.0%) equations were evaluated correctly.
INFO - 12/01/25 18:35:22 - 1:02:46 - 1: 10000 / 10000 (100.00%)
INFO - 12/01/25 18:35:22 - 1:02:46 - Memory allocated:  172.12MB, reserved: 4088.00MB
INFO - 12/01/25 18:35:22 - 1:02:46 - __log__:{"epoch": 22, "valid_arithmetic_xe_loss": 3.5762784733606165e-10, "valid_arithmetic_acc": 100.0, "valid_arithmetic_perfect": 100.0, "valid_arithmetic_correct": 100.0, "valid_arithmetic_acc_d1": 100.0, "valid_arithmetic_acc_d2": 100.0, "valid_arithmetic_acc_d3": 100.0, "valid_arithmetic_acc_1": 100.0}
INFO - 12/01/25 18:35:22 - 1:02:46 - Saving checkpoint to /mnt/e/AI@UWMELK-local/mobius_case_study/models/model_interCRT100_natural_liouville/lambdasq/1/checkpoint.pth ...
WARNING - 12/01/25 18:35:22 - 1:02:46 - Saving encoder parameters ...
WARNING - 12/01/25 18:35:22 - 1:02:46 - Saving decoder parameters ...
WARNING - 12/01/25 18:35:22 - 1:02:46 - Saving optimizer ...
INFO - 12/01/25 18:35:22 - 1:02:46 - ============ Starting epoch 23 ... ============
INFO - 12/01/25 18:35:27 - 1:02:51 -   24000 -  223.95 equations/s - 90252.60 words/s - ARITHMETIC:  0.0000 - LR: 1.0206e-04
INFO - 12/01/25 18:35:56 - 1:03:20 -   24200 -  330.25 equations/s - 133089.95 words/s - ARITHMETIC:  0.0000 - LR: 1.0164e-04
INFO - 12/01/25 18:36:25 - 1:03:49 -   24400 -  330.41 equations/s - 133155.61 words/s - ARITHMETIC:  0.0000 - LR: 1.0122e-04
INFO - 12/01/25 18:36:54 - 1:04:18 -   24600 -  329.93 equations/s - 132960.24 words/s - ARITHMETIC:  0.0000 - LR: 1.0081e-04
INFO - 12/01/25 18:37:24 - 1:04:48 -   24800 -  329.93 equations/s - 132963.15 words/s - ARITHMETIC:  0.0000 - LR: 1.0040e-04
INFO - 12/01/25 18:37:53 - 1:05:17 -   25000 -  330.05 equations/s - 133011.42 words/s - ARITHMETIC:  0.0000 - LR: 1.0000e-04
INFO - 12/01/25 18:37:54 - 1:05:18 - Memory allocated:  172.12MB, reserved: 4088.00MB
INFO - 12/01/25 18:37:54 - 1:05:18 - ============ End of epoch 23 ============
INFO - 12/01/25 18:37:54 - 1:05:18 - Creating valid iterator for arithmetic ...
INFO - 12/01/25 18:37:54 - 1:05:18 - Loading data from /mnt/e/AI@UWMELK-local/mobius_case_study/input/input_dir_interCRT100_natural/lambdasq_interCRT100_natural.txt.test ...
INFO - 12/01/25 18:37:55 - 1:05:19 - Loaded 100000 equations from the disk.
INFO - 12/01/25 18:38:04 - 1:05:28 - 10000/10000 (100.0%) equations were evaluated correctly.
INFO - 12/01/25 18:38:04 - 1:05:28 - 1: 10000 / 10000 (100.00%)
INFO - 12/01/25 18:38:04 - 1:05:28 - Memory allocated:  172.12MB, reserved: 4088.00MB
INFO - 12/01/25 18:38:04 - 1:05:28 - __log__:{"epoch": 23, "valid_arithmetic_xe_loss": 1.611709434428121e-08, "valid_arithmetic_acc": 100.0, "valid_arithmetic_perfect": 100.0, "valid_arithmetic_correct": 100.0, "valid_arithmetic_acc_d1": 100.0, "valid_arithmetic_acc_d2": 100.0, "valid_arithmetic_acc_d3": 100.0, "valid_arithmetic_acc_1": 100.0}
INFO - 12/01/25 18:38:04 - 1:05:28 - Saving checkpoint to /mnt/e/AI@UWMELK-local/mobius_case_study/models/model_interCRT100_natural_liouville/lambdasq/1/checkpoint.pth ...
WARNING - 12/01/25 18:38:04 - 1:05:28 - Saving encoder parameters ...
WARNING - 12/01/25 18:38:04 - 1:05:28 - Saving decoder parameters ...
WARNING - 12/01/25 18:38:04 - 1:05:28 - Saving optimizer ...
INFO - 12/01/25 18:38:05 - 1:05:29 - ============ Starting epoch 24 ... ============
INFO - 12/01/25 18:38:33 - 1:05:57 -   25200 -  239.21 equations/s - 96401.12 words/s - ARITHMETIC:  0.0000 - LR: 9.9602e-05
INFO - 12/01/25 18:39:02 - 1:06:26 -   25400 -  330.09 equations/s - 133024.79 words/s - ARITHMETIC:  0.0000 - LR: 9.9209e-05
INFO - 12/01/25 18:39:31 - 1:06:55 -   25600 -  330.35 equations/s - 133130.18 words/s - ARITHMETIC:  0.0000 - LR: 9.8821e-05
INFO - 12/01/25 18:40:00 - 1:07:24 -   25800 -  330.55 equations/s - 133209.70 words/s - ARITHMETIC:  0.0000 - LR: 9.8437e-05
INFO - 12/01/25 18:40:29 - 1:07:53 -   26000 -  329.87 equations/s - 132939.53 words/s - ARITHMETIC:  0.0000 - LR: 9.8058e-05
INFO - 12/01/25 18:40:36 - 1:08:00 - Memory allocated:  172.12MB, reserved: 4088.00MB
INFO - 12/01/25 18:40:36 - 1:08:00 - ============ End of epoch 24 ============
INFO - 12/01/25 18:40:36 - 1:08:00 - Creating valid iterator for arithmetic ...
INFO - 12/01/25 18:40:36 - 1:08:00 - Loading data from /mnt/e/AI@UWMELK-local/mobius_case_study/input/input_dir_interCRT100_natural/lambdasq_interCRT100_natural.txt.test ...
INFO - 12/01/25 18:40:38 - 1:08:01 - Loaded 100000 equations from the disk.
INFO - 12/01/25 18:40:47 - 1:08:11 - 10000/10000 (100.0%) equations were evaluated correctly.
INFO - 12/01/25 18:40:47 - 1:08:11 - 1: 10000 / 10000 (100.00%)
INFO - 12/01/25 18:40:47 - 1:08:11 - Memory allocated:  172.12MB, reserved: 4088.00MB
INFO - 12/01/25 18:40:47 - 1:08:11 - __log__:{"epoch": 24, "valid_arithmetic_xe_loss": 1.192092824453539e-11, "valid_arithmetic_acc": 100.0, "valid_arithmetic_perfect": 100.0, "valid_arithmetic_correct": 100.0, "valid_arithmetic_acc_d1": 100.0, "valid_arithmetic_acc_d2": 100.0, "valid_arithmetic_acc_d3": 100.0, "valid_arithmetic_acc_1": 100.0}
INFO - 12/01/25 18:40:47 - 1:08:11 - Saving checkpoint to /mnt/e/AI@UWMELK-local/mobius_case_study/models/model_interCRT100_natural_liouville/lambdasq/1/checkpoint.pth ...
WARNING - 12/01/25 18:40:47 - 1:08:11 - Saving encoder parameters ...
WARNING - 12/01/25 18:40:47 - 1:08:11 - Saving decoder parameters ...
WARNING - 12/01/25 18:40:47 - 1:08:11 - Saving optimizer ...
INFO - 12/01/25 18:40:47 - 1:08:11 - ============ Starting epoch 25 ... ============
INFO - 12/01/25 18:41:09 - 1:08:33 -   26200 -  238.96 equations/s - 96300.05 words/s - ARITHMETIC:  0.0000 - LR: 9.7683e-05
INFO - 12/01/25 18:41:38 - 1:09:02 -   26400 -  330.31 equations/s - 133112.98 words/s - ARITHMETIC:  0.0000 - LR: 9.7312e-05
INFO - 12/01/25 18:42:07 - 1:09:31 -   26600 -  330.08 equations/s - 133023.50 words/s - ARITHMETIC:  0.0000 - LR: 9.6946e-05
INFO - 12/01/25 18:42:36 - 1:10:00 -   26800 -  330.50 equations/s - 133191.12 words/s - ARITHMETIC:  0.0000 - LR: 9.6583e-05
INFO - 12/01/25 18:43:06 - 1:10:29 -   27000 -  330.23 equations/s - 133082.65 words/s - ARITHMETIC:  0.0000 - LR: 9.6225e-05
INFO - 12/01/25 18:43:19 - 1:10:43 - Memory allocated:  172.12MB, reserved: 4088.00MB
INFO - 12/01/25 18:43:19 - 1:10:43 - ============ End of epoch 25 ============
INFO - 12/01/25 18:43:19 - 1:10:43 - Creating valid iterator for arithmetic ...
INFO - 12/01/25 18:43:19 - 1:10:43 - Loading data from /mnt/e/AI@UWMELK-local/mobius_case_study/input/input_dir_interCRT100_natural/lambdasq_interCRT100_natural.txt.test ...
INFO - 12/01/25 18:43:20 - 1:10:44 - Loaded 100000 equations from the disk.
INFO - 12/01/25 18:43:29 - 1:10:53 - 10000/10000 (100.0%) equations were evaluated correctly.
INFO - 12/01/25 18:43:29 - 1:10:53 - 1: 10000 / 10000 (100.00%)
INFO - 12/01/25 18:43:30 - 1:10:53 - Memory allocated:  172.12MB, reserved: 4088.00MB
INFO - 12/01/25 18:43:30 - 1:10:53 - __log__:{"epoch": 25, "valid_arithmetic_xe_loss": 0.0, "valid_arithmetic_acc": 100.0, "valid_arithmetic_perfect": 100.0, "valid_arithmetic_correct": 100.0, "valid_arithmetic_acc_d1": 100.0, "valid_arithmetic_acc_d2": 100.0, "valid_arithmetic_acc_d3": 100.0, "valid_arithmetic_acc_1": 100.0}
INFO - 12/01/25 18:43:30 - 1:10:53 - Saving checkpoint to /mnt/e/AI@UWMELK-local/mobius_case_study/models/model_interCRT100_natural_liouville/lambdasq/1/checkpoint.pth ...
WARNING - 12/01/25 18:43:30 - 1:10:53 - Saving encoder parameters ...
WARNING - 12/01/25 18:43:30 - 1:10:53 - Saving decoder parameters ...
WARNING - 12/01/25 18:43:30 - 1:10:53 - Saving optimizer ...
INFO - 12/01/25 18:43:30 - 1:10:54 - ============ Starting epoch 26 ... ============
INFO - 12/01/25 18:43:46 - 1:11:10 -   27200 -  237.91 equations/s - 95878.24 words/s - ARITHMETIC:  0.0000 - LR: 9.5871e-05
INFO - 12/01/25 18:44:15 - 1:11:39 -   27400 -  330.22 equations/s - 133079.74 words/s - ARITHMETIC:  0.0000 - LR: 9.5520e-05
INFO - 12/01/25 18:44:44 - 1:12:08 -   27600 -  329.83 equations/s - 132921.84 words/s - ARITHMETIC:  0.0000 - LR: 9.5173e-05
INFO - 12/01/25 18:45:13 - 1:12:37 -   27800 -  330.12 equations/s - 133038.49 words/s - ARITHMETIC:  0.0000 - LR: 9.4830e-05
INFO - 12/01/25 18:45:42 - 1:13:06 -   28000 -  329.85 equations/s - 132928.23 words/s - ARITHMETIC:  0.0000 - LR: 9.4491e-05
INFO - 12/01/25 18:46:02 - 1:13:26 - Memory allocated:  172.12MB, reserved: 4088.00MB
INFO - 12/01/25 18:46:02 - 1:13:26 - ============ End of epoch 26 ============
INFO - 12/01/25 18:46:02 - 1:13:26 - Creating valid iterator for arithmetic ...
INFO - 12/01/25 18:46:02 - 1:13:26 - Loading data from /mnt/e/AI@UWMELK-local/mobius_case_study/input/input_dir_interCRT100_natural/lambdasq_interCRT100_natural.txt.test ...
INFO - 12/01/25 18:46:03 - 1:13:27 - Loaded 100000 equations from the disk.
INFO - 12/01/25 18:46:12 - 1:13:36 - 10000/10000 (100.0%) equations were evaluated correctly.
INFO - 12/01/25 18:46:12 - 1:13:36 - 1: 10000 / 10000 (100.00%)
INFO - 12/01/25 18:46:12 - 1:13:36 - Memory allocated:  172.12MB, reserved: 4088.00MB
INFO - 12/01/25 18:46:12 - 1:13:36 - __log__:{"epoch": 26, "valid_arithmetic_xe_loss": 0.0, "valid_arithmetic_acc": 100.0, "valid_arithmetic_perfect": 100.0, "valid_arithmetic_correct": 100.0, "valid_arithmetic_acc_d1": 100.0, "valid_arithmetic_acc_d2": 100.0, "valid_arithmetic_acc_d3": 100.0, "valid_arithmetic_acc_1": 100.0}
INFO - 12/01/25 18:46:12 - 1:13:36 - Saving checkpoint to /mnt/e/AI@UWMELK-local/mobius_case_study/models/model_interCRT100_natural_liouville/lambdasq/1/checkpoint.pth ...
WARNING - 12/01/25 18:46:12 - 1:13:36 - Saving encoder parameters ...
WARNING - 12/01/25 18:46:12 - 1:13:36 - Saving decoder parameters ...
WARNING - 12/01/25 18:46:12 - 1:13:36 - Saving optimizer ...
INFO - 12/01/25 18:46:13 - 1:13:37 - ============ Starting epoch 27 ... ============
INFO - 12/01/25 18:46:22 - 1:13:46 -   28200 -  240.00 equations/s - 96721.81 words/s - ARITHMETIC:  0.0000 - LR: 9.4155e-05
INFO - 12/01/25 18:46:51 - 1:14:15 -   28400 -  330.04 equations/s - 133006.51 words/s - ARITHMETIC:  0.0000 - LR: 9.3823e-05
INFO - 12/01/25 18:47:20 - 1:14:44 -   28600 -  330.25 equations/s - 133091.66 words/s - ARITHMETIC:  0.0000 - LR: 9.3495e-05
INFO - 12/01/25 18:47:49 - 1:15:13 -   28800 -  330.05 equations/s - 133010.67 words/s - ARITHMETIC:  0.0000 - LR: 9.3169e-05
INFO - 12/01/25 18:48:19 - 1:15:42 -   29000 -  330.41 equations/s - 133153.54 words/s - ARITHMETIC:  0.0000 - LR: 9.2848e-05
INFO - 12/01/25 18:48:44 - 1:16:08 - Memory allocated:  172.12MB, reserved: 4088.00MB
INFO - 12/01/25 18:48:44 - 1:16:08 - ============ End of epoch 27 ============
INFO - 12/01/25 18:48:44 - 1:16:08 - Creating valid iterator for arithmetic ...
INFO - 12/01/25 18:48:44 - 1:16:08 - Loading data from /mnt/e/AI@UWMELK-local/mobius_case_study/input/input_dir_interCRT100_natural/lambdasq_interCRT100_natural.txt.test ...
INFO - 12/01/25 18:48:45 - 1:16:09 - Loaded 100000 equations from the disk.
INFO - 12/01/25 18:48:55 - 1:16:19 - 10000/10000 (100.0%) equations were evaluated correctly.
INFO - 12/01/25 18:48:55 - 1:16:19 - 1: 10000 / 10000 (100.00%)
INFO - 12/01/25 18:48:55 - 1:16:19 - Memory allocated:  172.12MB, reserved: 4088.00MB
INFO - 12/01/25 18:48:55 - 1:16:19 - __log__:{"epoch": 27, "valid_arithmetic_xe_loss": 1.0788439723796727e-08, "valid_arithmetic_acc": 100.0, "valid_arithmetic_perfect": 100.0, "valid_arithmetic_correct": 100.0, "valid_arithmetic_acc_d1": 100.0, "valid_arithmetic_acc_d2": 100.0, "valid_arithmetic_acc_d3": 100.0, "valid_arithmetic_acc_1": 100.0}
INFO - 12/01/25 18:48:55 - 1:16:19 - Saving checkpoint to /mnt/e/AI@UWMELK-local/mobius_case_study/models/model_interCRT100_natural_liouville/lambdasq/1/checkpoint.pth ...
WARNING - 12/01/25 18:48:55 - 1:16:19 - Saving encoder parameters ...
WARNING - 12/01/25 18:48:55 - 1:16:19 - Saving decoder parameters ...
WARNING - 12/01/25 18:48:55 - 1:16:19 - Saving optimizer ...
INFO - 12/01/25 18:48:55 - 1:16:19 - ============ Starting epoch 28 ... ============
INFO - 12/01/25 18:48:59 - 1:16:23 -   29200 -  238.95 equations/s - 96297.97 words/s - ARITHMETIC:  0.0000 - LR: 9.2529e-05
INFO - 12/01/25 18:49:28 - 1:16:52 -   29400 -  330.00 equations/s - 132990.57 words/s - ARITHMETIC:  0.0000 - LR: 9.2214e-05
INFO - 12/01/25 18:49:57 - 1:17:21 -   29600 -  329.96 equations/s - 132975.62 words/s - ARITHMETIC:  0.0000 - LR: 9.1902e-05
INFO - 12/01/25 18:50:26 - 1:17:50 -   29800 -  330.20 equations/s - 133071.67 words/s - ARITHMETIC:  0.0000 - LR: 9.1593e-05
INFO - 12/01/25 18:50:55 - 1:18:19 -   30000 -  329.75 equations/s - 132887.57 words/s - ARITHMETIC:  0.0000 - LR: 9.1287e-05
INFO - 12/01/25 18:51:24 - 1:18:48 -   30200 -  330.02 equations/s - 132996.62 words/s - ARITHMETIC:  0.0000 - LR: 9.0984e-05
INFO - 12/01/25 18:51:27 - 1:18:51 - Memory allocated:  172.12MB, reserved: 4088.00MB
INFO - 12/01/25 18:51:27 - 1:18:51 - ============ End of epoch 28 ============
INFO - 12/01/25 18:51:27 - 1:18:51 - Creating valid iterator for arithmetic ...
INFO - 12/01/25 18:51:27 - 1:18:51 - Loading data from /mnt/e/AI@UWMELK-local/mobius_case_study/input/input_dir_interCRT100_natural/lambdasq_interCRT100_natural.txt.test ...
INFO - 12/01/25 18:51:28 - 1:18:52 - Loaded 100000 equations from the disk.
INFO - 12/01/25 18:51:37 - 1:19:01 - 10000/10000 (100.0%) equations were evaluated correctly.
INFO - 12/01/25 18:51:37 - 1:19:01 - 1: 10000 / 10000 (100.00%)
INFO - 12/01/25 18:51:37 - 1:19:01 - Memory allocated:  172.12MB, reserved: 4088.00MB
INFO - 12/01/25 18:51:37 - 1:19:01 - __log__:{"epoch": 28, "valid_arithmetic_xe_loss": 0.0, "valid_arithmetic_acc": 100.0, "valid_arithmetic_perfect": 100.0, "valid_arithmetic_correct": 100.0, "valid_arithmetic_acc_d1": 100.0, "valid_arithmetic_acc_d2": 100.0, "valid_arithmetic_acc_d3": 100.0, "valid_arithmetic_acc_1": 100.0}
INFO - 12/01/25 18:51:37 - 1:19:01 - Saving checkpoint to /mnt/e/AI@UWMELK-local/mobius_case_study/models/model_interCRT100_natural_liouville/lambdasq/1/checkpoint.pth ...
WARNING - 12/01/25 18:51:37 - 1:19:01 - Saving encoder parameters ...
WARNING - 12/01/25 18:51:37 - 1:19:01 - Saving decoder parameters ...
WARNING - 12/01/25 18:51:37 - 1:19:01 - Saving optimizer ...
INFO - 12/01/25 18:51:38 - 1:19:02 - ============ Starting epoch 29 ... ============
INFO - 12/01/25 18:52:04 - 1:19:28 -   30400 -  239.99 equations/s - 96717.90 words/s - ARITHMETIC:  0.0000 - LR: 9.0685e-05
INFO - 12/01/25 18:52:33 - 1:19:57 -   30600 -  329.95 equations/s - 132969.73 words/s - ARITHMETIC:  0.0000 - LR: 9.0388e-05
INFO - 12/01/25 18:53:02 - 1:20:26 -   30800 -  329.95 equations/s - 132971.24 words/s - ARITHMETIC:  0.0000 - LR: 9.0094e-05
INFO - 12/01/25 18:53:31 - 1:20:55 -   31000 -  329.98 equations/s - 132982.52 words/s - ARITHMETIC:  0.0000 - LR: 8.9803e-05
INFO - 12/01/25 18:54:01 - 1:21:24 -   31200 -  329.97 equations/s - 132976.04 words/s - ARITHMETIC:  0.0000 - LR: 8.9514e-05
INFO - 12/01/25 18:54:09 - 1:21:33 - Memory allocated:  172.12MB, reserved: 4088.00MB
INFO - 12/01/25 18:54:09 - 1:21:33 - ============ End of epoch 29 ============
INFO - 12/01/25 18:54:09 - 1:21:33 - Creating valid iterator for arithmetic ...
INFO - 12/01/25 18:54:09 - 1:21:33 - Loading data from /mnt/e/AI@UWMELK-local/mobius_case_study/input/input_dir_interCRT100_natural/lambdasq_interCRT100_natural.txt.test ...
INFO - 12/01/25 18:54:10 - 1:21:34 - Loaded 100000 equations from the disk.
INFO - 12/01/25 18:54:20 - 1:21:44 - 10000/10000 (100.0%) equations were evaluated correctly.
INFO - 12/01/25 18:54:20 - 1:21:44 - 1: 10000 / 10000 (100.00%)
INFO - 12/01/25 18:54:20 - 1:21:44 - Memory allocated:  172.12MB, reserved: 4088.00MB
INFO - 12/01/25 18:54:20 - 1:21:44 - __log__:{"epoch": 29, "valid_arithmetic_xe_loss": 0.0, "valid_arithmetic_acc": 100.0, "valid_arithmetic_perfect": 100.0, "valid_arithmetic_correct": 100.0, "valid_arithmetic_acc_d1": 100.0, "valid_arithmetic_acc_d2": 100.0, "valid_arithmetic_acc_d3": 100.0, "valid_arithmetic_acc_1": 100.0}
INFO - 12/01/25 18:54:20 - 1:21:44 - Saving checkpoint to /mnt/e/AI@UWMELK-local/mobius_case_study/models/model_interCRT100_natural_liouville/lambdasq/1/checkpoint.pth ...
WARNING - 12/01/25 18:54:20 - 1:21:44 - Saving encoder parameters ...
WARNING - 12/01/25 18:54:20 - 1:21:44 - Saving decoder parameters ...
WARNING - 12/01/25 18:54:20 - 1:21:44 - Saving optimizer ...
INFO - 12/01/25 18:54:20 - 1:21:44 - ============ Starting epoch 30 ... ============
INFO - 12/01/25 18:54:41 - 1:22:05 -   31400 -  239.42 equations/s - 96486.96 words/s - ARITHMETIC:  0.0000 - LR: 8.9229e-05
INFO - 12/01/25 18:55:10 - 1:22:34 -   31600 -  329.65 equations/s - 132849.74 words/s - ARITHMETIC:  0.0000 - LR: 8.8946e-05
INFO - 12/01/25 18:55:39 - 1:23:03 -   31800 -  330.04 equations/s - 133005.27 words/s - ARITHMETIC:  0.0000 - LR: 8.8666e-05
INFO - 12/01/25 18:56:08 - 1:23:32 -   32000 -  329.88 equations/s - 132941.84 words/s - ARITHMETIC:  0.0000 - LR: 8.8388e-05
INFO - 12/01/25 18:56:37 - 1:24:01 -   32200 -  329.84 equations/s - 132924.82 words/s - ARITHMETIC:  0.0000 - LR: 8.8113e-05
INFO - 12/01/25 18:56:52 - 1:24:16 - Memory allocated:  172.12MB, reserved: 4088.00MB
INFO - 12/01/25 18:56:52 - 1:24:16 - ============ End of epoch 30 ============
INFO - 12/01/25 18:56:52 - 1:24:16 - Creating valid iterator for arithmetic ...
INFO - 12/01/25 18:56:52 - 1:24:16 - Loading data from /mnt/e/AI@UWMELK-local/mobius_case_study/input/input_dir_interCRT100_natural/lambdasq_interCRT100_natural.txt.test ...
INFO - 12/01/25 18:56:53 - 1:24:17 - Loaded 100000 equations from the disk.
INFO - 12/01/25 18:57:03 - 1:24:27 - 10000/10000 (100.0%) equations were evaluated correctly.
INFO - 12/01/25 18:57:03 - 1:24:27 - 1: 10000 / 10000 (100.00%)
INFO - 12/01/25 18:57:03 - 1:24:27 - Memory allocated:  172.12MB, reserved: 4088.00MB
INFO - 12/01/25 18:57:03 - 1:24:27 - __log__:{"epoch": 30, "valid_arithmetic_xe_loss": 0.0, "valid_arithmetic_acc": 100.0, "valid_arithmetic_perfect": 100.0, "valid_arithmetic_correct": 100.0, "valid_arithmetic_acc_d1": 100.0, "valid_arithmetic_acc_d2": 100.0, "valid_arithmetic_acc_d3": 100.0, "valid_arithmetic_acc_1": 100.0}
INFO - 12/01/25 18:57:03 - 1:24:27 - Saving checkpoint to /mnt/e/AI@UWMELK-local/mobius_case_study/models/model_interCRT100_natural_liouville/lambdasq/1/checkpoint.pth ...
WARNING - 12/01/25 18:57:03 - 1:24:27 - Saving encoder parameters ...
WARNING - 12/01/25 18:57:03 - 1:24:27 - Saving decoder parameters ...
WARNING - 12/01/25 18:57:03 - 1:24:27 - Saving optimizer ...
INFO - 12/01/25 18:57:03 - 1:24:27 - ============ Starting epoch 31 ... ============
INFO - 12/01/25 18:57:17 - 1:24:41 -   32400 -  239.03 equations/s - 96328.40 words/s - ARITHMETIC:  0.0000 - LR: 8.7841e-05
INFO - 12/01/25 18:57:46 - 1:25:10 -   32600 -  329.66 equations/s - 132850.99 words/s - ARITHMETIC:  0.0000 - LR: 8.7571e-05
INFO - 12/01/25 18:58:15 - 1:25:39 -   32800 -  329.88 equations/s - 132940.62 words/s - ARITHMETIC:  0.0000 - LR: 8.7304e-05
INFO - 12/01/25 18:58:45 - 1:26:08 -   33000 -  330.08 equations/s - 133022.34 words/s - ARITHMETIC:  0.0000 - LR: 8.7039e-05
INFO - 12/01/25 18:59:14 - 1:26:38 -   33200 -  330.24 equations/s - 133087.57 words/s - ARITHMETIC:  0.0000 - LR: 8.6776e-05
INFO - 12/01/25 18:59:35 - 1:26:58 - Memory allocated:  172.12MB, reserved: 4088.00MB
INFO - 12/01/25 18:59:35 - 1:26:58 - ============ End of epoch 31 ============
INFO - 12/01/25 18:59:35 - 1:26:58 - Creating valid iterator for arithmetic ...
INFO - 12/01/25 18:59:35 - 1:26:58 - Loading data from /mnt/e/AI@UWMELK-local/mobius_case_study/input/input_dir_interCRT100_natural/lambdasq_interCRT100_natural.txt.test ...
INFO - 12/01/25 18:59:36 - 1:27:00 - Loaded 100000 equations from the disk.
INFO - 12/01/25 18:59:45 - 1:27:09 - 10000/10000 (100.0%) equations were evaluated correctly.
INFO - 12/01/25 18:59:45 - 1:27:09 - 1: 10000 / 10000 (100.00%)
INFO - 12/01/25 18:59:45 - 1:27:09 - Memory allocated:  172.12MB, reserved: 4088.00MB
INFO - 12/01/25 18:59:45 - 1:27:09 - __log__:{"epoch": 31, "valid_arithmetic_xe_loss": 0.0, "valid_arithmetic_acc": 100.0, "valid_arithmetic_perfect": 100.0, "valid_arithmetic_correct": 100.0, "valid_arithmetic_acc_d1": 100.0, "valid_arithmetic_acc_d2": 100.0, "valid_arithmetic_acc_d3": 100.0, "valid_arithmetic_acc_1": 100.0}
INFO - 12/01/25 18:59:45 - 1:27:09 - Saving checkpoint to /mnt/e/AI@UWMELK-local/mobius_case_study/models/model_interCRT100_natural_liouville/lambdasq/1/checkpoint.pth ...
WARNING - 12/01/25 18:59:45 - 1:27:09 - Saving encoder parameters ...
WARNING - 12/01/25 18:59:45 - 1:27:09 - Saving decoder parameters ...
WARNING - 12/01/25 18:59:45 - 1:27:09 - Saving optimizer ...
INFO - 12/01/25 18:59:46 - 1:27:10 - ============ Starting epoch 32 ... ============
INFO - 12/01/25 18:59:54 - 1:27:18 -   33400 -  239.31 equations/s - 96442.79 words/s - ARITHMETIC:  0.0000 - LR: 8.6516e-05
INFO - 12/01/25 19:00:23 - 1:27:47 -   33600 -  330.18 equations/s - 133064.12 words/s - ARITHMETIC:  0.0000 - LR: 8.6258e-05
INFO - 12/01/25 19:00:52 - 1:28:16 -   33800 -  330.12 equations/s - 133037.98 words/s - ARITHMETIC:  0.0000 - LR: 8.6003e-05
INFO - 12/01/25 19:01:22 - 1:28:46 -   34000 -  316.26 equations/s - 127454.71 words/s - ARITHMETIC:  0.0000 - LR: 8.5749e-05
INFO - 12/01/25 19:01:52 - 1:29:16 -   34200 -  318.23 equations/s - 128245.93 words/s - ARITHMETIC:  0.0000 - LR: 8.5498e-05
INFO - 12/01/25 19:02:20 - 1:29:44 - Memory allocated:  172.12MB, reserved: 4088.00MB
INFO - 12/01/25 19:02:20 - 1:29:44 - ============ End of epoch 32 ============
INFO - 12/01/25 19:02:20 - 1:29:44 - Creating valid iterator for arithmetic ...
INFO - 12/01/25 19:02:20 - 1:29:44 - Loading data from /mnt/e/AI@UWMELK-local/mobius_case_study/input/input_dir_interCRT100_natural/lambdasq_interCRT100_natural.txt.test ...
INFO - 12/01/25 19:02:21 - 1:29:45 - Loaded 100000 equations from the disk.
INFO - 12/01/25 19:02:30 - 1:29:54 - 10000/10000 (100.0%) equations were evaluated correctly.
INFO - 12/01/25 19:02:30 - 1:29:54 - 1: 10000 / 10000 (100.00%)
INFO - 12/01/25 19:02:30 - 1:29:54 - Memory allocated:  172.12MB, reserved: 4088.00MB
INFO - 12/01/25 19:02:30 - 1:29:54 - __log__:{"epoch": 32, "valid_arithmetic_xe_loss": 0.0, "valid_arithmetic_acc": 100.0, "valid_arithmetic_perfect": 100.0, "valid_arithmetic_correct": 100.0, "valid_arithmetic_acc_d1": 100.0, "valid_arithmetic_acc_d2": 100.0, "valid_arithmetic_acc_d3": 100.0, "valid_arithmetic_acc_1": 100.0}
INFO - 12/01/25 19:02:30 - 1:29:54 - Saving checkpoint to /mnt/e/AI@UWMELK-local/mobius_case_study/models/model_interCRT100_natural_liouville/lambdasq/1/checkpoint.pth ...
WARNING - 12/01/25 19:02:30 - 1:29:54 - Saving encoder parameters ...
WARNING - 12/01/25 19:02:30 - 1:29:54 - Saving decoder parameters ...
WARNING - 12/01/25 19:02:30 - 1:29:54 - Saving optimizer ...
INFO - 12/01/25 19:02:31 - 1:29:55 - ============ Starting epoch 33 ... ============
INFO - 12/01/25 19:02:33 - 1:29:57 -   34400 -  237.26 equations/s - 95614.52 words/s - ARITHMETIC:  0.0000 - LR: 8.5249e-05
INFO - 12/01/25 19:03:02 - 1:30:26 -   34600 -  329.31 equations/s - 132713.67 words/s - ARITHMETIC:  0.0000 - LR: 8.5003e-05
INFO - 12/01/25 19:03:31 - 1:30:55 -   34800 -  329.53 equations/s - 132801.02 words/s - ARITHMETIC:  0.0000 - LR: 8.4758e-05
INFO - 12/01/25 19:04:00 - 1:31:24 -   35000 -  329.83 equations/s - 132923.47 words/s - ARITHMETIC:  0.0000 - LR: 8.4515e-05
INFO - 12/01/25 19:04:29 - 1:31:53 -   35200 -  330.09 equations/s - 133027.02 words/s - ARITHMETIC:  0.0000 - LR: 8.4275e-05
INFO - 12/01/25 19:04:58 - 1:32:22 -   35400 -  329.79 equations/s - 132903.52 words/s - ARITHMETIC:  0.0000 - LR: 8.4037e-05
INFO - 12/01/25 19:05:03 - 1:32:26 - Memory allocated:  172.12MB, reserved: 4088.00MB
INFO - 12/01/25 19:05:03 - 1:32:26 - ============ End of epoch 33 ============
INFO - 12/01/25 19:05:03 - 1:32:26 - Creating valid iterator for arithmetic ...
INFO - 12/01/25 19:05:03 - 1:32:26 - Loading data from /mnt/e/AI@UWMELK-local/mobius_case_study/input/input_dir_interCRT100_natural/lambdasq_interCRT100_natural.txt.test ...
INFO - 12/01/25 19:05:04 - 1:32:28 - Loaded 100000 equations from the disk.
INFO - 12/01/25 19:05:13 - 1:32:37 - 10000/10000 (100.0%) equations were evaluated correctly.
INFO - 12/01/25 19:05:13 - 1:32:37 - 1: 10000 / 10000 (100.00%)
INFO - 12/01/25 19:05:13 - 1:32:37 - Memory allocated:  172.12MB, reserved: 4088.00MB
INFO - 12/01/25 19:05:13 - 1:32:37 - __log__:{"epoch": 33, "valid_arithmetic_xe_loss": 1.1920928244535389e-07, "valid_arithmetic_acc": 100.0, "valid_arithmetic_perfect": 100.0, "valid_arithmetic_correct": 100.0, "valid_arithmetic_acc_d1": 100.0, "valid_arithmetic_acc_d2": 100.0, "valid_arithmetic_acc_d3": 100.0, "valid_arithmetic_acc_1": 100.0}
INFO - 12/01/25 19:05:13 - 1:32:37 - Saving checkpoint to /mnt/e/AI@UWMELK-local/mobius_case_study/models/model_interCRT100_natural_liouville/lambdasq/1/checkpoint.pth ...
WARNING - 12/01/25 19:05:13 - 1:32:37 - Saving encoder parameters ...
WARNING - 12/01/25 19:05:13 - 1:32:37 - Saving decoder parameters ...
WARNING - 12/01/25 19:05:13 - 1:32:37 - Saving optimizer ...
INFO - 12/01/25 19:05:14 - 1:32:38 - ============ Starting epoch 34 ... ============
INFO - 12/01/25 19:05:39 - 1:33:03 -   35600 -  238.63 equations/s - 96166.88 words/s - ARITHMETIC:  0.0000 - LR: 8.3800e-05
INFO - 12/01/25 19:06:08 - 1:33:32 -   35800 -  330.13 equations/s - 133040.83 words/s - ARITHMETIC:  0.0000 - LR: 8.3566e-05
INFO - 12/01/25 19:06:37 - 1:34:01 -   36000 -  330.21 equations/s - 133074.90 words/s - ARITHMETIC:  0.0000 - LR: 8.3333e-05
INFO - 12/01/25 19:07:06 - 1:34:30 -   36200 -  330.18 equations/s - 133060.65 words/s - ARITHMETIC:  0.0000 - LR: 8.3103e-05
INFO - 12/01/25 19:07:35 - 1:34:59 -   36400 -  330.58 equations/s - 133225.31 words/s - ARITHMETIC:  0.0000 - LR: 8.2874e-05
INFO - 12/01/25 19:07:45 - 1:35:09 - Memory allocated:  172.12MB, reserved: 4088.00MB
INFO - 12/01/25 19:07:45 - 1:35:09 - ============ End of epoch 34 ============
INFO - 12/01/25 19:07:45 - 1:35:09 - Creating valid iterator for arithmetic ...
INFO - 12/01/25 19:07:45 - 1:35:09 - Loading data from /mnt/e/AI@UWMELK-local/mobius_case_study/input/input_dir_interCRT100_natural/lambdasq_interCRT100_natural.txt.test ...
INFO - 12/01/25 19:07:46 - 1:35:10 - Loaded 100000 equations from the disk.
INFO - 12/01/25 19:07:56 - 1:35:20 - 10000/10000 (100.0%) equations were evaluated correctly.
INFO - 12/01/25 19:07:56 - 1:35:20 - 1: 10000 / 10000 (100.00%)
INFO - 12/01/25 19:07:56 - 1:35:20 - Memory allocated:  172.12MB, reserved: 4088.00MB
INFO - 12/01/25 19:07:56 - 1:35:20 - __log__:{"epoch": 34, "valid_arithmetic_xe_loss": 0.0, "valid_arithmetic_acc": 100.0, "valid_arithmetic_perfect": 100.0, "valid_arithmetic_correct": 100.0, "valid_arithmetic_acc_d1": 100.0, "valid_arithmetic_acc_d2": 100.0, "valid_arithmetic_acc_d3": 100.0, "valid_arithmetic_acc_1": 100.0}
INFO - 12/01/25 19:07:56 - 1:35:20 - Saving checkpoint to /mnt/e/AI@UWMELK-local/mobius_case_study/models/model_interCRT100_natural_liouville/lambdasq/1/checkpoint.pth ...
WARNING - 12/01/25 19:07:56 - 1:35:20 - Saving encoder parameters ...
WARNING - 12/01/25 19:07:56 - 1:35:20 - Saving decoder parameters ...
WARNING - 12/01/25 19:07:56 - 1:35:20 - Saving optimizer ...
INFO - 12/01/25 19:07:56 - 1:35:20 - ============ Starting epoch 35 ... ============
INFO - 12/01/25 19:08:15 - 1:35:39 -   36600 -  240.15 equations/s - 96778.65 words/s - ARITHMETIC:  0.0000 - LR: 8.2647e-05
INFO - 12/01/25 19:08:44 - 1:36:08 -   36800 -  330.28 equations/s - 133104.73 words/s - ARITHMETIC:  0.0000 - LR: 8.2423e-05
INFO - 12/01/25 19:09:13 - 1:36:37 -   37000 -  330.50 equations/s - 133192.23 words/s - ARITHMETIC:  0.0000 - LR: 8.2199e-05
INFO - 12/01/25 19:09:42 - 1:37:06 -   37200 -  330.53 equations/s - 133202.59 words/s - ARITHMETIC:  0.0000 - LR: 8.1978e-05
INFO - 12/01/25 19:10:11 - 1:37:35 -   37400 -  330.17 equations/s - 133057.89 words/s - ARITHMETIC:  0.0000 - LR: 8.1759e-05
INFO - 12/01/25 19:10:27 - 1:37:51 - Memory allocated:  172.12MB, reserved: 4088.00MB
INFO - 12/01/25 19:10:27 - 1:37:51 - ============ End of epoch 35 ============
INFO - 12/01/25 19:10:27 - 1:37:51 - Creating valid iterator for arithmetic ...
INFO - 12/01/25 19:10:27 - 1:37:51 - Loading data from /mnt/e/AI@UWMELK-local/mobius_case_study/input/input_dir_interCRT100_natural/lambdasq_interCRT100_natural.txt.test ...
INFO - 12/01/25 19:10:29 - 1:37:52 - Loaded 100000 equations from the disk.
INFO - 12/01/25 19:10:38 - 1:38:02 - 10000/10000 (100.0%) equations were evaluated correctly.
INFO - 12/01/25 19:10:38 - 1:38:02 - 1: 10000 / 10000 (100.00%)
INFO - 12/01/25 19:10:38 - 1:38:02 - Memory allocated:  172.12MB, reserved: 4088.00MB
INFO - 12/01/25 19:10:38 - 1:38:02 - __log__:{"epoch": 35, "valid_arithmetic_xe_loss": 0.0, "valid_arithmetic_acc": 100.0, "valid_arithmetic_perfect": 100.0, "valid_arithmetic_correct": 100.0, "valid_arithmetic_acc_d1": 100.0, "valid_arithmetic_acc_d2": 100.0, "valid_arithmetic_acc_d3": 100.0, "valid_arithmetic_acc_1": 100.0}
INFO - 12/01/25 19:10:38 - 1:38:02 - Saving checkpoint to /mnt/e/AI@UWMELK-local/mobius_case_study/models/model_interCRT100_natural_liouville/lambdasq/1/checkpoint.pth ...
WARNING - 12/01/25 19:10:38 - 1:38:02 - Saving encoder parameters ...
WARNING - 12/01/25 19:10:38 - 1:38:02 - Saving decoder parameters ...
WARNING - 12/01/25 19:10:38 - 1:38:02 - Saving optimizer ...
INFO - 12/01/25 19:10:38 - 1:38:02 - ============ Starting epoch 36 ... ============
INFO - 12/01/25 19:10:51 - 1:38:15 -   37600 -  239.22 equations/s - 96405.93 words/s - ARITHMETIC:  0.0000 - LR: 8.1541e-05
INFO - 12/01/25 19:11:20 - 1:38:44 -   37800 -  330.75 equations/s - 133292.52 words/s - ARITHMETIC:  0.0000 - LR: 8.1325e-05
INFO - 12/01/25 19:11:49 - 1:39:13 -   38000 -  330.44 equations/s - 133166.85 words/s - ARITHMETIC:  0.0000 - LR: 8.1111e-05
INFO - 12/01/25 19:12:18 - 1:39:42 -   38200 -  330.32 equations/s - 133120.03 words/s - ARITHMETIC:  0.0000 - LR: 8.0898e-05
INFO - 12/01/25 19:12:48 - 1:40:11 -   38400 -  330.21 equations/s - 133073.91 words/s - ARITHMETIC:  0.0000 - LR: 8.0687e-05
INFO - 12/01/25 19:13:10 - 1:40:34 - Memory allocated:  172.12MB, reserved: 4088.00MB
INFO - 12/01/25 19:13:10 - 1:40:34 - ============ End of epoch 36 ============
INFO - 12/01/25 19:13:10 - 1:40:34 - Creating valid iterator for arithmetic ...
INFO - 12/01/25 19:13:10 - 1:40:34 - Loading data from /mnt/e/AI@UWMELK-local/mobius_case_study/input/input_dir_interCRT100_natural/lambdasq_interCRT100_natural.txt.test ...
INFO - 12/01/25 19:13:11 - 1:40:35 - Loaded 100000 equations from the disk.
INFO - 12/01/25 19:13:20 - 1:40:44 - 10000/10000 (100.0%) equations were evaluated correctly.
INFO - 12/01/25 19:13:20 - 1:40:44 - 1: 10000 / 10000 (100.00%)
INFO - 12/01/25 19:13:20 - 1:40:44 - Memory allocated:  172.12MB, reserved: 4088.00MB
INFO - 12/01/25 19:13:20 - 1:40:44 - __log__:{"epoch": 36, "valid_arithmetic_xe_loss": 0.0, "valid_arithmetic_acc": 100.0, "valid_arithmetic_perfect": 100.0, "valid_arithmetic_correct": 100.0, "valid_arithmetic_acc_d1": 100.0, "valid_arithmetic_acc_d2": 100.0, "valid_arithmetic_acc_d3": 100.0, "valid_arithmetic_acc_1": 100.0}
INFO - 12/01/25 19:13:20 - 1:40:44 - Saving checkpoint to /mnt/e/AI@UWMELK-local/mobius_case_study/models/model_interCRT100_natural_liouville/lambdasq/1/checkpoint.pth ...
WARNING - 12/01/25 19:13:20 - 1:40:44 - Saving encoder parameters ...
WARNING - 12/01/25 19:13:20 - 1:40:44 - Saving decoder parameters ...
WARNING - 12/01/25 19:13:20 - 1:40:44 - Saving optimizer ...
INFO - 12/01/25 19:13:21 - 1:40:45 - ============ Starting epoch 37 ... ============
INFO - 12/01/25 19:13:28 - 1:40:51 -   38600 -  239.74 equations/s - 96616.95 words/s - ARITHMETIC:  0.0000 - LR: 8.0478e-05
INFO - 12/01/25 19:13:57 - 1:41:21 -   38800 -  330.44 equations/s - 133169.31 words/s - ARITHMETIC:  0.0000 - LR: 8.0270e-05
INFO - 12/01/25 19:14:26 - 1:41:50 -   39000 -  330.41 equations/s - 133155.44 words/s - ARITHMETIC:  0.0000 - LR: 8.0064e-05
INFO - 12/01/25 19:14:55 - 1:42:19 -   39200 -  330.44 equations/s - 133167.75 words/s - ARITHMETIC:  0.0000 - LR: 7.9860e-05
INFO - 12/01/25 19:15:24 - 1:42:48 -   39400 -  330.30 equations/s - 133109.93 words/s - ARITHMETIC:  0.0000 - LR: 7.9657e-05
INFO - 12/01/25 19:15:52 - 1:43:16 - Memory allocated:  172.12MB, reserved: 4088.00MB
INFO - 12/01/25 19:15:52 - 1:43:16 - ============ End of epoch 37 ============
INFO - 12/01/25 19:15:52 - 1:43:16 - Creating valid iterator for arithmetic ...
INFO - 12/01/25 19:15:52 - 1:43:16 - Loading data from /mnt/e/AI@UWMELK-local/mobius_case_study/input/input_dir_interCRT100_natural/lambdasq_interCRT100_natural.txt.test ...
INFO - 12/01/25 19:15:53 - 1:43:17 - Loaded 100000 equations from the disk.
INFO - 12/01/25 19:16:03 - 1:43:27 - 10000/10000 (100.0%) equations were evaluated correctly.
INFO - 12/01/25 19:16:03 - 1:43:27 - 1: 10000 / 10000 (100.00%)
INFO - 12/01/25 19:16:03 - 1:43:27 - Memory allocated:  172.12MB, reserved: 4088.00MB
INFO - 12/01/25 19:16:03 - 1:43:27 - __log__:{"epoch": 37, "valid_arithmetic_xe_loss": 0.0, "valid_arithmetic_acc": 100.0, "valid_arithmetic_perfect": 100.0, "valid_arithmetic_correct": 100.0, "valid_arithmetic_acc_d1": 100.0, "valid_arithmetic_acc_d2": 100.0, "valid_arithmetic_acc_d3": 100.0, "valid_arithmetic_acc_1": 100.0}
INFO - 12/01/25 19:16:03 - 1:43:27 - Saving checkpoint to /mnt/e/AI@UWMELK-local/mobius_case_study/models/model_interCRT100_natural_liouville/lambdasq/1/checkpoint.pth ...
WARNING - 12/01/25 19:16:03 - 1:43:27 - Saving encoder parameters ...
WARNING - 12/01/25 19:16:03 - 1:43:27 - Saving decoder parameters ...
WARNING - 12/01/25 19:16:03 - 1:43:27 - Saving optimizer ...
INFO - 12/01/25 19:16:03 - 1:43:27 - ============ Starting epoch 38 ... ============
INFO - 12/01/25 19:16:04 - 1:43:28 -   39600 -  238.49 equations/s - 96110.84 words/s - ARITHMETIC:  0.0000 - LR: 7.9455e-05
INFO - 12/01/25 19:16:33 - 1:43:57 -   39800 -  330.57 equations/s - 133218.74 words/s - ARITHMETIC:  0.0000 - LR: 7.9255e-05
INFO - 12/01/25 19:17:02 - 1:44:26 -   40000 -  330.05 equations/s - 133008.15 words/s - ARITHMETIC:  0.0000 - LR: 7.9057e-05
INFO - 12/01/25 19:17:31 - 1:44:55 -   40200 -  330.60 equations/s - 133233.34 words/s - ARITHMETIC:  0.0000 - LR: 7.8860e-05
INFO - 12/01/25 19:18:00 - 1:45:24 -   40400 -  330.19 equations/s - 133067.68 words/s - ARITHMETIC:  0.0000 - LR: 7.8665e-05
INFO - 12/01/25 19:18:29 - 1:45:53 -   40600 -  330.87 equations/s - 133339.15 words/s - ARITHMETIC:  0.0000 - LR: 7.8471e-05
INFO - 12/01/25 19:18:35 - 1:45:59 - Memory allocated:  172.12MB, reserved: 4088.00MB
INFO - 12/01/25 19:18:35 - 1:45:59 - ============ End of epoch 38 ============
INFO - 12/01/25 19:18:35 - 1:45:59 - Creating valid iterator for arithmetic ...
INFO - 12/01/25 19:18:35 - 1:45:59 - Loading data from /mnt/e/AI@UWMELK-local/mobius_case_study/input/input_dir_interCRT100_natural/lambdasq_interCRT100_natural.txt.test ...
INFO - 12/01/25 19:18:36 - 1:46:00 - Loaded 100000 equations from the disk.
INFO - 12/01/25 19:18:45 - 1:46:09 - 10000/10000 (100.0%) equations were evaluated correctly.
INFO - 12/01/25 19:18:45 - 1:46:09 - 1: 10000 / 10000 (100.00%)
INFO - 12/01/25 19:18:45 - 1:46:09 - Memory allocated:  172.12MB, reserved: 4088.00MB
INFO - 12/01/25 19:18:45 - 1:46:09 - __log__:{"epoch": 38, "valid_arithmetic_xe_loss": 0.0, "valid_arithmetic_acc": 100.0, "valid_arithmetic_perfect": 100.0, "valid_arithmetic_correct": 100.0, "valid_arithmetic_acc_d1": 100.0, "valid_arithmetic_acc_d2": 100.0, "valid_arithmetic_acc_d3": 100.0, "valid_arithmetic_acc_1": 100.0}
INFO - 12/01/25 19:18:45 - 1:46:09 - Saving checkpoint to /mnt/e/AI@UWMELK-local/mobius_case_study/models/model_interCRT100_natural_liouville/lambdasq/1/checkpoint.pth ...
WARNING - 12/01/25 19:18:45 - 1:46:09 - Saving encoder parameters ...
WARNING - 12/01/25 19:18:45 - 1:46:09 - Saving decoder parameters ...
WARNING - 12/01/25 19:18:45 - 1:46:09 - Saving optimizer ...
INFO - 12/01/25 19:18:46 - 1:46:10 - ============ Starting epoch 39 ... ============
INFO - 12/01/25 19:19:09 - 1:46:33 -   40800 -  239.74 equations/s - 96615.50 words/s - ARITHMETIC:  0.0000 - LR: 7.8278e-05
INFO - 12/01/25 19:19:38 - 1:47:02 -   41000 -  330.69 equations/s - 133267.00 words/s - ARITHMETIC:  0.0000 - LR: 7.8087e-05
INFO - 12/01/25 19:20:07 - 1:47:31 -   41200 -  330.46 equations/s - 133177.22 words/s - ARITHMETIC:  0.0000 - LR: 7.7897e-05
INFO - 12/01/25 19:20:36 - 1:48:00 -   41400 -  330.62 equations/s - 133241.22 words/s - ARITHMETIC:  0.0000 - LR: 7.7709e-05
INFO - 12/01/25 19:21:05 - 1:48:29 -   41600 -  330.71 equations/s - 133275.31 words/s - ARITHMETIC:  0.0000 - LR: 7.7522e-05
INFO - 12/01/25 19:21:17 - 1:48:41 - Memory allocated:  172.12MB, reserved: 4088.00MB
INFO - 12/01/25 19:21:17 - 1:48:41 - ============ End of epoch 39 ============
INFO - 12/01/25 19:21:17 - 1:48:41 - Creating valid iterator for arithmetic ...
INFO - 12/01/25 19:21:17 - 1:48:41 - Loading data from /mnt/e/AI@UWMELK-local/mobius_case_study/input/input_dir_interCRT100_natural/lambdasq_interCRT100_natural.txt.test ...
INFO - 12/01/25 19:21:18 - 1:48:42 - Loaded 100000 equations from the disk.
INFO - 12/01/25 19:21:28 - 1:48:52 - 10000/10000 (100.0%) equations were evaluated correctly.
INFO - 12/01/25 19:21:28 - 1:48:52 - 1: 10000 / 10000 (100.00%)
INFO - 12/01/25 19:21:28 - 1:48:52 - Memory allocated:  172.12MB, reserved: 4088.00MB
INFO - 12/01/25 19:21:28 - 1:48:52 - __log__:{"epoch": 39, "valid_arithmetic_xe_loss": 0.0, "valid_arithmetic_acc": 100.0, "valid_arithmetic_perfect": 100.0, "valid_arithmetic_correct": 100.0, "valid_arithmetic_acc_d1": 100.0, "valid_arithmetic_acc_d2": 100.0, "valid_arithmetic_acc_d3": 100.0, "valid_arithmetic_acc_1": 100.0}
INFO - 12/01/25 19:21:28 - 1:48:52 - Saving checkpoint to /mnt/e/AI@UWMELK-local/mobius_case_study/models/model_interCRT100_natural_liouville/lambdasq/1/checkpoint.pth ...
WARNING - 12/01/25 19:21:28 - 1:48:52 - Saving encoder parameters ...
WARNING - 12/01/25 19:21:28 - 1:48:52 - Saving decoder parameters ...
WARNING - 12/01/25 19:21:28 - 1:48:52 - Saving optimizer ...
INFO - 12/01/25 19:21:28 - 1:48:52 - ============ Starting epoch 40 ... ============
INFO - 12/01/25 19:21:46 - 1:49:10 -   41800 -  239.14 equations/s - 96371.61 words/s - ARITHMETIC:  0.0000 - LR: 7.7336e-05
INFO - 12/01/25 19:22:15 - 1:49:39 -   42000 -  330.12 equations/s - 133037.55 words/s - ARITHMETIC:  0.0000 - LR: 7.7152e-05
INFO - 12/01/25 19:22:44 - 1:50:08 -   42200 -  330.33 equations/s - 133124.24 words/s - ARITHMETIC:  0.0000 - LR: 7.6969e-05
INFO - 12/01/25 19:23:13 - 1:50:37 -   42400 -  330.59 equations/s - 133226.20 words/s - ARITHMETIC:  0.0000 - LR: 7.6787e-05
INFO - 12/01/25 19:23:42 - 1:51:06 -   42600 -  330.11 equations/s - 133034.18 words/s - ARITHMETIC:  0.0000 - LR: 7.6606e-05
INFO - 12/01/25 19:24:00 - 1:51:24 - Memory allocated:  172.12MB, reserved: 4088.00MB
INFO - 12/01/25 19:24:00 - 1:51:24 - ============ End of epoch 40 ============
INFO - 12/01/25 19:24:00 - 1:51:24 - Creating valid iterator for arithmetic ...
INFO - 12/01/25 19:24:00 - 1:51:24 - Loading data from /mnt/e/AI@UWMELK-local/mobius_case_study/input/input_dir_interCRT100_natural/lambdasq_interCRT100_natural.txt.test ...
INFO - 12/01/25 19:24:01 - 1:51:25 - Loaded 100000 equations from the disk.
INFO - 12/01/25 19:24:10 - 1:51:34 - 10000/10000 (100.0%) equations were evaluated correctly.
INFO - 12/01/25 19:24:10 - 1:51:34 - 1: 10000 / 10000 (100.00%)
INFO - 12/01/25 19:24:10 - 1:51:34 - Memory allocated:  172.12MB, reserved: 4088.00MB
INFO - 12/01/25 19:24:10 - 1:51:34 - __log__:{"epoch": 40, "valid_arithmetic_xe_loss": 0.0, "valid_arithmetic_acc": 100.0, "valid_arithmetic_perfect": 100.0, "valid_arithmetic_correct": 100.0, "valid_arithmetic_acc_d1": 100.0, "valid_arithmetic_acc_d2": 100.0, "valid_arithmetic_acc_d3": 100.0, "valid_arithmetic_acc_1": 100.0}
INFO - 12/01/25 19:24:10 - 1:51:34 - Saving checkpoint to /mnt/e/AI@UWMELK-local/mobius_case_study/models/model_interCRT100_natural_liouville/lambdasq/1/checkpoint.pth ...
WARNING - 12/01/25 19:24:10 - 1:51:34 - Saving encoder parameters ...
WARNING - 12/01/25 19:24:10 - 1:51:34 - Saving decoder parameters ...
WARNING - 12/01/25 19:24:10 - 1:51:34 - Saving optimizer ...
INFO - 12/01/25 19:24:11 - 1:51:35 - ============ Starting epoch 41 ... ============
INFO - 12/01/25 19:24:22 - 1:51:46 -   42800 -  238.61 equations/s - 96158.42 words/s - ARITHMETIC:  0.0000 - LR: 7.6427e-05
INFO - 12/01/25 19:24:51 - 1:52:15 -   43000 -  330.21 equations/s - 133074.96 words/s - ARITHMETIC:  0.0000 - LR: 7.6249e-05
INFO - 12/01/25 19:25:20 - 1:52:44 -   43200 -  330.47 equations/s - 133179.10 words/s - ARITHMETIC:  0.0000 - LR: 7.6073e-05
INFO - 12/01/25 19:25:49 - 1:53:13 -   43400 -  330.35 equations/s - 133129.40 words/s - ARITHMETIC:  0.0000 - LR: 7.5897e-05
INFO - 12/01/25 19:26:18 - 1:53:42 -   43600 -  330.30 equations/s - 133110.40 words/s - ARITHMETIC:  0.0000 - LR: 7.5723e-05
INFO - 12/01/25 19:26:42 - 1:54:06 - Memory allocated:  172.12MB, reserved: 4088.00MB
INFO - 12/01/25 19:26:42 - 1:54:06 - ============ End of epoch 41 ============
INFO - 12/01/25 19:26:42 - 1:54:06 - Creating valid iterator for arithmetic ...
INFO - 12/01/25 19:26:42 - 1:54:06 - Loading data from /mnt/e/AI@UWMELK-local/mobius_case_study/input/input_dir_interCRT100_natural/lambdasq_interCRT100_natural.txt.test ...
INFO - 12/01/25 19:26:43 - 1:54:07 - Loaded 100000 equations from the disk.
INFO - 12/01/25 19:26:53 - 1:54:17 - 10000/10000 (100.0%) equations were evaluated correctly.
INFO - 12/01/25 19:26:53 - 1:54:17 - 1: 10000 / 10000 (100.00%)
INFO - 12/01/25 19:26:53 - 1:54:17 - Memory allocated:  172.12MB, reserved: 4088.00MB
INFO - 12/01/25 19:26:53 - 1:54:17 - __log__:{"epoch": 41, "valid_arithmetic_xe_loss": 0.0, "valid_arithmetic_acc": 100.0, "valid_arithmetic_perfect": 100.0, "valid_arithmetic_correct": 100.0, "valid_arithmetic_acc_d1": 100.0, "valid_arithmetic_acc_d2": 100.0, "valid_arithmetic_acc_d3": 100.0, "valid_arithmetic_acc_1": 100.0}
INFO - 12/01/25 19:26:53 - 1:54:17 - Saving checkpoint to /mnt/e/AI@UWMELK-local/mobius_case_study/models/model_interCRT100_natural_liouville/lambdasq/1/checkpoint.pth ...
WARNING - 12/01/25 19:26:53 - 1:54:17 - Saving encoder parameters ...
WARNING - 12/01/25 19:26:53 - 1:54:17 - Saving decoder parameters ...
WARNING - 12/01/25 19:26:53 - 1:54:17 - Saving optimizer ...
INFO - 12/01/25 19:26:53 - 1:54:17 - ============ Starting epoch 42 ... ============
INFO - 12/01/25 19:26:58 - 1:54:22 -   43800 -  239.15 equations/s - 96378.18 words/s - ARITHMETIC:  0.0000 - LR: 7.5550e-05
INFO - 12/01/25 19:27:28 - 1:54:51 -   44000 -  330.58 equations/s - 133224.74 words/s - ARITHMETIC:  0.0000 - LR: 7.5378e-05
INFO - 12/01/25 19:27:57 - 1:55:20 -   44200 -  330.57 equations/s - 133221.46 words/s - ARITHMETIC:  0.0000 - LR: 7.5207e-05
INFO - 12/01/25 19:28:26 - 1:55:50 -   44400 -  330.53 equations/s - 133204.25 words/s - ARITHMETIC:  0.0000 - LR: 7.5038e-05
INFO - 12/01/25 19:28:55 - 1:56:19 -   44600 -  330.50 equations/s - 133190.20 words/s - ARITHMETIC:  0.0000 - LR: 7.4869e-05
INFO - 12/01/25 19:29:24 - 1:56:48 -   44800 -  330.29 equations/s - 133107.49 words/s - ARITHMETIC:  0.0000 - LR: 7.4702e-05
INFO - 12/01/25 19:29:25 - 1:56:49 - Memory allocated:  172.12MB, reserved: 4088.00MB
INFO - 12/01/25 19:29:25 - 1:56:49 - ============ End of epoch 42 ============
INFO - 12/01/25 19:29:25 - 1:56:49 - Creating valid iterator for arithmetic ...
INFO - 12/01/25 19:29:25 - 1:56:49 - Loading data from /mnt/e/AI@UWMELK-local/mobius_case_study/input/input_dir_interCRT100_natural/lambdasq_interCRT100_natural.txt.test ...
INFO - 12/01/25 19:29:26 - 1:56:50 - Loaded 100000 equations from the disk.
INFO - 12/01/25 19:29:35 - 1:56:59 - 10000/10000 (100.0%) equations were evaluated correctly.
INFO - 12/01/25 19:29:35 - 1:56:59 - 1: 10000 / 10000 (100.00%)
INFO - 12/01/25 19:29:35 - 1:56:59 - Memory allocated:  172.12MB, reserved: 4088.00MB
INFO - 12/01/25 19:29:35 - 1:56:59 - __log__:{"epoch": 42, "valid_arithmetic_xe_loss": 0.0, "valid_arithmetic_acc": 100.0, "valid_arithmetic_perfect": 100.0, "valid_arithmetic_correct": 100.0, "valid_arithmetic_acc_d1": 100.0, "valid_arithmetic_acc_d2": 100.0, "valid_arithmetic_acc_d3": 100.0, "valid_arithmetic_acc_1": 100.0}
INFO - 12/01/25 19:29:35 - 1:56:59 - Saving checkpoint to /mnt/e/AI@UWMELK-local/mobius_case_study/models/model_interCRT100_natural_liouville/lambdasq/1/checkpoint.pth ...
WARNING - 12/01/25 19:29:35 - 1:56:59 - Saving encoder parameters ...
WARNING - 12/01/25 19:29:35 - 1:56:59 - Saving decoder parameters ...
WARNING - 12/01/25 19:29:35 - 1:56:59 - Saving optimizer ...
INFO - 12/01/25 19:29:36 - 1:57:00 - ============ Starting epoch 43 ... ============
INFO - 12/01/25 19:30:04 - 1:57:28 -   45000 -  239.11 equations/s - 96360.89 words/s - ARITHMETIC:  0.0000 - LR: 7.4536e-05
INFO - 12/01/25 19:30:33 - 1:57:57 -   45200 -  330.18 equations/s - 133062.63 words/s - ARITHMETIC:  0.0000 - LR: 7.4371e-05
INFO - 12/01/25 19:31:02 - 1:58:26 -   45400 -  330.25 equations/s - 133092.15 words/s - ARITHMETIC:  0.0000 - LR: 7.4207e-05
INFO - 12/01/25 19:31:31 - 1:58:55 -   45600 -  330.23 equations/s - 133080.93 words/s - ARITHMETIC:  0.0000 - LR: 7.4044e-05
INFO - 12/01/25 19:32:00 - 1:59:24 -   45800 -  330.01 equations/s - 132994.47 words/s - ARITHMETIC:  0.0000 - LR: 7.3882e-05
INFO - 12/01/25 19:32:07 - 1:59:31 - Memory allocated:  172.12MB, reserved: 4088.00MB
INFO - 12/01/25 19:32:07 - 1:59:31 - ============ End of epoch 43 ============
INFO - 12/01/25 19:32:07 - 1:59:31 - Creating valid iterator for arithmetic ...
INFO - 12/01/25 19:32:07 - 1:59:31 - Loading data from /mnt/e/AI@UWMELK-local/mobius_case_study/input/input_dir_interCRT100_natural/lambdasq_interCRT100_natural.txt.test ...
INFO - 12/01/25 19:32:08 - 1:59:32 - Loaded 100000 equations from the disk.
INFO - 12/01/25 19:32:18 - 1:59:42 - 10000/10000 (100.0%) equations were evaluated correctly.
INFO - 12/01/25 19:32:18 - 1:59:42 - 1: 10000 / 10000 (100.00%)
INFO - 12/01/25 19:32:18 - 1:59:42 - Memory allocated:  172.12MB, reserved: 4088.00MB
INFO - 12/01/25 19:32:18 - 1:59:42 - __log__:{"epoch": 43, "valid_arithmetic_xe_loss": 0.0, "valid_arithmetic_acc": 100.0, "valid_arithmetic_perfect": 100.0, "valid_arithmetic_correct": 100.0, "valid_arithmetic_acc_d1": 100.0, "valid_arithmetic_acc_d2": 100.0, "valid_arithmetic_acc_d3": 100.0, "valid_arithmetic_acc_1": 100.0}
INFO - 12/01/25 19:32:18 - 1:59:42 - Saving checkpoint to /mnt/e/AI@UWMELK-local/mobius_case_study/models/model_interCRT100_natural_liouville/lambdasq/1/checkpoint.pth ...
WARNING - 12/01/25 19:32:18 - 1:59:42 - Saving encoder parameters ...
WARNING - 12/01/25 19:32:18 - 1:59:42 - Saving decoder parameters ...
WARNING - 12/01/25 19:32:18 - 1:59:42 - Saving optimizer ...
INFO - 12/01/25 19:32:18 - 1:59:42 - ============ Starting epoch 44 ... ============
INFO - 12/01/25 19:32:41 - 2:00:04 -   46000 -  237.91 equations/s - 95879.64 words/s - ARITHMETIC:  0.0000 - LR: 7.3721e-05
INFO - 12/01/25 19:33:10 - 2:00:34 -   46200 -  330.09 equations/s - 133024.29 words/s - ARITHMETIC:  0.0000 - LR: 7.3561e-05
INFO - 12/01/25 19:33:39 - 2:01:03 -   46400 -  329.98 equations/s - 132983.47 words/s - ARITHMETIC:  0.0000 - LR: 7.3403e-05
INFO - 12/01/25 19:34:08 - 2:01:32 -   46600 -  329.86 equations/s - 132932.00 words/s - ARITHMETIC:  0.0000 - LR: 7.3245e-05
INFO - 12/01/25 19:34:38 - 2:02:02 -   46800 -  322.16 equations/s - 129830.95 words/s - ARITHMETIC:  0.0000 - LR: 7.3088e-05
INFO - 12/01/25 19:34:51 - 2:02:15 - Memory allocated:  172.12MB, reserved: 4088.00MB
INFO - 12/01/25 19:34:51 - 2:02:15 - ============ End of epoch 44 ============
INFO - 12/01/25 19:34:51 - 2:02:15 - Creating valid iterator for arithmetic ...
INFO - 12/01/25 19:34:51 - 2:02:15 - Loading data from /mnt/e/AI@UWMELK-local/mobius_case_study/input/input_dir_interCRT100_natural/lambdasq_interCRT100_natural.txt.test ...
INFO - 12/01/25 19:34:52 - 2:02:16 - Loaded 100000 equations from the disk.
INFO - 12/01/25 19:35:01 - 2:02:25 - 10000/10000 (100.0%) equations were evaluated correctly.
INFO - 12/01/25 19:35:01 - 2:02:25 - 1: 10000 / 10000 (100.00%)
INFO - 12/01/25 19:35:01 - 2:02:25 - Memory allocated:  172.12MB, reserved: 4088.00MB
INFO - 12/01/25 19:35:01 - 2:02:25 - __log__:{"epoch": 44, "valid_arithmetic_xe_loss": 0.0, "valid_arithmetic_acc": 100.0, "valid_arithmetic_perfect": 100.0, "valid_arithmetic_correct": 100.0, "valid_arithmetic_acc_d1": 100.0, "valid_arithmetic_acc_d2": 100.0, "valid_arithmetic_acc_d3": 100.0, "valid_arithmetic_acc_1": 100.0}
INFO - 12/01/25 19:35:01 - 2:02:25 - Saving checkpoint to /mnt/e/AI@UWMELK-local/mobius_case_study/models/model_interCRT100_natural_liouville/lambdasq/1/checkpoint.pth ...
WARNING - 12/01/25 19:35:01 - 2:02:25 - Saving encoder parameters ...
WARNING - 12/01/25 19:35:01 - 2:02:25 - Saving decoder parameters ...
WARNING - 12/01/25 19:35:01 - 2:02:25 - Saving optimizer ...
INFO - 12/01/25 19:35:02 - 2:02:26 - ============ Starting epoch 45 ... ============
INFO - 12/01/25 19:35:18 - 2:02:42 -   47000 -  237.26 equations/s - 95615.00 words/s - ARITHMETIC:  0.0000 - LR: 7.2932e-05
INFO - 12/01/25 19:35:47 - 2:03:11 -   47200 -  328.61 equations/s - 132430.72 words/s - ARITHMETIC:  0.0000 - LR: 7.2778e-05
INFO - 12/01/25 19:36:16 - 2:03:40 -   47400 -  328.69 equations/s - 132460.16 words/s - ARITHMETIC:  0.0000 - LR: 7.2624e-05
INFO - 12/01/25 19:36:46 - 2:04:10 -   47600 -  328.74 equations/s - 132481.85 words/s - ARITHMETIC:  0.0000 - LR: 7.2471e-05
INFO - 12/01/25 19:37:15 - 2:04:39 -   47800 -  329.50 equations/s - 132787.93 words/s - ARITHMETIC:  0.0000 - LR: 7.2320e-05
INFO - 12/01/25 19:37:34 - 2:04:58 - Memory allocated:  172.12MB, reserved: 4088.00MB
INFO - 12/01/25 19:37:34 - 2:04:58 - ============ End of epoch 45 ============
INFO - 12/01/25 19:37:34 - 2:04:58 - Creating valid iterator for arithmetic ...
INFO - 12/01/25 19:37:34 - 2:04:58 - Loading data from /mnt/e/AI@UWMELK-local/mobius_case_study/input/input_dir_interCRT100_natural/lambdasq_interCRT100_natural.txt.test ...
INFO - 12/01/25 19:37:35 - 2:04:59 - Loaded 100000 equations from the disk.
INFO - 12/01/25 19:37:45 - 2:05:09 - 10000/10000 (100.0%) equations were evaluated correctly.
INFO - 12/01/25 19:37:45 - 2:05:09 - 1: 10000 / 10000 (100.00%)
INFO - 12/01/25 19:37:45 - 2:05:09 - Memory allocated:  172.12MB, reserved: 4088.00MB
INFO - 12/01/25 19:37:45 - 2:05:09 - __log__:{"epoch": 45, "valid_arithmetic_xe_loss": 0.0, "valid_arithmetic_acc": 100.0, "valid_arithmetic_perfect": 100.0, "valid_arithmetic_correct": 100.0, "valid_arithmetic_acc_d1": 100.0, "valid_arithmetic_acc_d2": 100.0, "valid_arithmetic_acc_d3": 100.0, "valid_arithmetic_acc_1": 100.0}
INFO - 12/01/25 19:37:45 - 2:05:09 - Saving checkpoint to /mnt/e/AI@UWMELK-local/mobius_case_study/models/model_interCRT100_natural_liouville/lambdasq/1/checkpoint.pth ...
WARNING - 12/01/25 19:37:45 - 2:05:09 - Saving encoder parameters ...
WARNING - 12/01/25 19:37:45 - 2:05:09 - Saving decoder parameters ...
WARNING - 12/01/25 19:37:45 - 2:05:09 - Saving optimizer ...
INFO - 12/01/25 19:37:45 - 2:05:09 - ============ Starting epoch 46 ... ============
INFO - 12/01/25 19:37:55 - 2:05:19 -   48000 -  237.89 equations/s - 95868.61 words/s - ARITHMETIC:  0.0000 - LR: 7.2169e-05
INFO - 12/01/25 19:38:24 - 2:05:48 -   48200 -  329.66 equations/s - 132851.41 words/s - ARITHMETIC:  0.0000 - LR: 7.2019e-05
INFO - 12/01/25 19:38:53 - 2:06:17 -   48400 -  330.05 equations/s - 133012.09 words/s - ARITHMETIC:  0.0000 - LR: 7.1870e-05
INFO - 12/01/25 19:39:23 - 2:06:46 -   48600 -  329.59 equations/s - 132825.88 words/s - ARITHMETIC:  0.0000 - LR: 7.1722e-05
INFO - 12/01/25 19:39:52 - 2:07:16 -   48800 -  329.73 equations/s - 132880.16 words/s - ARITHMETIC:  0.0000 - LR: 7.1575e-05
INFO - 12/01/25 19:40:17 - 2:07:41 - Memory allocated:  172.12MB, reserved: 4088.00MB
INFO - 12/01/25 19:40:17 - 2:07:41 - ============ End of epoch 46 ============
INFO - 12/01/25 19:40:17 - 2:07:41 - Creating valid iterator for arithmetic ...
INFO - 12/01/25 19:40:17 - 2:07:41 - Loading data from /mnt/e/AI@UWMELK-local/mobius_case_study/input/input_dir_interCRT100_natural/lambdasq_interCRT100_natural.txt.test ...
INFO - 12/01/25 19:40:18 - 2:07:42 - Loaded 100000 equations from the disk.
INFO - 12/01/25 19:40:28 - 2:07:52 - 10000/10000 (100.0%) equations were evaluated correctly.
INFO - 12/01/25 19:40:28 - 2:07:52 - 1: 10000 / 10000 (100.00%)
INFO - 12/01/25 19:40:28 - 2:07:52 - Memory allocated:  172.12MB, reserved: 4088.00MB
INFO - 12/01/25 19:40:28 - 2:07:52 - __log__:{"epoch": 46, "valid_arithmetic_xe_loss": 0.0, "valid_arithmetic_acc": 100.0, "valid_arithmetic_perfect": 100.0, "valid_arithmetic_correct": 100.0, "valid_arithmetic_acc_d1": 100.0, "valid_arithmetic_acc_d2": 100.0, "valid_arithmetic_acc_d3": 100.0, "valid_arithmetic_acc_1": 100.0}
INFO - 12/01/25 19:40:28 - 2:07:52 - Saving checkpoint to /mnt/e/AI@UWMELK-local/mobius_case_study/models/model_interCRT100_natural_liouville/lambdasq/1/checkpoint.pth ...
WARNING - 12/01/25 19:40:28 - 2:07:52 - Saving encoder parameters ...
WARNING - 12/01/25 19:40:28 - 2:07:52 - Saving decoder parameters ...
WARNING - 12/01/25 19:40:28 - 2:07:52 - Saving optimizer ...
INFO - 12/01/25 19:40:28 - 2:07:52 - ============ Starting epoch 47 ... ============
INFO - 12/01/25 19:40:32 - 2:07:56 -   49000 -  237.68 equations/s - 95784.37 words/s - ARITHMETIC:  0.0000 - LR: 7.1429e-05
INFO - 12/01/25 19:41:01 - 2:08:25 -   49200 -  329.53 equations/s - 132799.06 words/s - ARITHMETIC:  0.0000 - LR: 7.1283e-05
INFO - 12/01/25 19:41:30 - 2:08:54 -   49400 -  329.50 equations/s - 132789.13 words/s - ARITHMETIC:  0.0000 - LR: 7.1139e-05
INFO - 12/01/25 19:41:59 - 2:09:23 -   49600 -  329.31 equations/s - 132712.72 words/s - ARITHMETIC:  0.0000 - LR: 7.0995e-05
INFO - 12/01/25 19:42:29 - 2:09:52 -   49800 -  329.58 equations/s - 132821.38 words/s - ARITHMETIC:  0.0000 - LR: 7.0853e-05
INFO - 12/01/25 19:42:58 - 2:10:22 -   50000 -  329.72 equations/s - 132875.43 words/s - ARITHMETIC:  0.0000 - LR: 7.0711e-05
INFO - 12/01/25 19:43:00 - 2:10:24 - Memory allocated:  172.12MB, reserved: 4088.00MB
INFO - 12/01/25 19:43:00 - 2:10:24 - ============ End of epoch 47 ============
INFO - 12/01/25 19:43:00 - 2:10:24 - Creating valid iterator for arithmetic ...
INFO - 12/01/25 19:43:00 - 2:10:24 - Loading data from /mnt/e/AI@UWMELK-local/mobius_case_study/input/input_dir_interCRT100_natural/lambdasq_interCRT100_natural.txt.test ...
INFO - 12/01/25 19:43:01 - 2:10:25 - Loaded 100000 equations from the disk.
INFO - 12/01/25 19:43:11 - 2:10:35 - 10000/10000 (100.0%) equations were evaluated correctly.
INFO - 12/01/25 19:43:11 - 2:10:35 - 1: 10000 / 10000 (100.00%)
INFO - 12/01/25 19:43:11 - 2:10:35 - Memory allocated:  172.12MB, reserved: 4088.00MB
INFO - 12/01/25 19:43:11 - 2:10:35 - __log__:{"epoch": 47, "valid_arithmetic_xe_loss": 0.0, "valid_arithmetic_acc": 100.0, "valid_arithmetic_perfect": 100.0, "valid_arithmetic_correct": 100.0, "valid_arithmetic_acc_d1": 100.0, "valid_arithmetic_acc_d2": 100.0, "valid_arithmetic_acc_d3": 100.0, "valid_arithmetic_acc_1": 100.0}
INFO - 12/01/25 19:43:11 - 2:10:35 - Saving checkpoint to /mnt/e/AI@UWMELK-local/mobius_case_study/models/model_interCRT100_natural_liouville/lambdasq/1/checkpoint.pth ...
WARNING - 12/01/25 19:43:11 - 2:10:35 - Saving encoder parameters ...
WARNING - 12/01/25 19:43:11 - 2:10:35 - Saving decoder parameters ...
WARNING - 12/01/25 19:43:11 - 2:10:35 - Saving optimizer ...
INFO - 12/01/25 19:43:11 - 2:10:35 - ============ Starting epoch 48 ... ============
INFO - 12/01/25 19:43:38 - 2:11:02 -   50200 -  238.87 equations/s - 96264.79 words/s - ARITHMETIC:  0.0000 - LR: 7.0570e-05
INFO - 12/01/25 19:44:07 - 2:11:31 -   50400 -  329.61 equations/s - 132831.65 words/s - ARITHMETIC:  0.0000 - LR: 7.0430e-05
INFO - 12/01/25 19:44:36 - 2:12:00 -   50600 -  329.75 equations/s - 132891.10 words/s - ARITHMETIC:  0.0000 - LR: 7.0290e-05
INFO - 12/01/25 19:45:05 - 2:12:29 -   50800 -  329.66 equations/s - 132852.74 words/s - ARITHMETIC:  0.0000 - LR: 7.0152e-05
INFO - 12/01/25 19:45:34 - 2:12:58 -   51000 -  328.94 equations/s - 132562.22 words/s - ARITHMETIC:  0.0000 - LR: 7.0014e-05
INFO - 12/01/25 19:45:43 - 2:13:07 - Memory allocated:  172.12MB, reserved: 4088.00MB
INFO - 12/01/25 19:45:43 - 2:13:07 - ============ End of epoch 48 ============
INFO - 12/01/25 19:45:43 - 2:13:07 - Creating valid iterator for arithmetic ...
INFO - 12/01/25 19:45:43 - 2:13:07 - Loading data from /mnt/e/AI@UWMELK-local/mobius_case_study/input/input_dir_interCRT100_natural/lambdasq_interCRT100_natural.txt.test ...
INFO - 12/01/25 19:45:44 - 2:13:08 - Loaded 100000 equations from the disk.
INFO - 12/01/25 19:45:54 - 2:13:18 - 10000/10000 (100.0%) equations were evaluated correctly.
INFO - 12/01/25 19:45:54 - 2:13:18 - 1: 10000 / 10000 (100.00%)
INFO - 12/01/25 19:45:54 - 2:13:18 - Memory allocated:  172.12MB, reserved: 4088.00MB
INFO - 12/01/25 19:45:54 - 2:13:18 - __log__:{"epoch": 48, "valid_arithmetic_xe_loss": 0.0, "valid_arithmetic_acc": 100.0, "valid_arithmetic_perfect": 100.0, "valid_arithmetic_correct": 100.0, "valid_arithmetic_acc_d1": 100.0, "valid_arithmetic_acc_d2": 100.0, "valid_arithmetic_acc_d3": 100.0, "valid_arithmetic_acc_1": 100.0}
INFO - 12/01/25 19:45:54 - 2:13:18 - Saving checkpoint to /mnt/e/AI@UWMELK-local/mobius_case_study/models/model_interCRT100_natural_liouville/lambdasq/1/checkpoint.pth ...
WARNING - 12/01/25 19:45:54 - 2:13:18 - Saving encoder parameters ...
WARNING - 12/01/25 19:45:54 - 2:13:18 - Saving decoder parameters ...
WARNING - 12/01/25 19:45:54 - 2:13:18 - Saving optimizer ...
INFO - 12/01/25 19:45:54 - 2:13:18 - ============ Starting epoch 49 ... ============
INFO - 12/01/25 19:46:15 - 2:13:39 -   51200 -  237.59 equations/s - 95749.03 words/s - ARITHMETIC:  0.0000 - LR: 6.9877e-05
INFO - 12/01/25 19:46:44 - 2:14:08 -   51400 -  330.08 equations/s - 133022.29 words/s - ARITHMETIC:  0.0000 - LR: 6.9741e-05
INFO - 12/01/25 19:47:13 - 2:14:37 -   51600 -  330.62 equations/s - 133240.20 words/s - ARITHMETIC:  0.0000 - LR: 6.9606e-05
INFO - 12/01/25 19:47:42 - 2:15:06 -   51800 -  330.20 equations/s - 133069.35 words/s - ARITHMETIC:  0.0000 - LR: 6.9471e-05
INFO - 12/01/25 19:48:11 - 2:15:35 -   52000 -  330.34 equations/s - 133128.49 words/s - ARITHMETIC:  0.0000 - LR: 6.9338e-05
INFO - 12/01/25 19:48:26 - 2:15:50 - Memory allocated:  172.12MB, reserved: 4088.00MB
INFO - 12/01/25 19:48:26 - 2:15:50 - ============ End of epoch 49 ============
INFO - 12/01/25 19:48:26 - 2:15:50 - Creating valid iterator for arithmetic ...
INFO - 12/01/25 19:48:26 - 2:15:50 - Loading data from /mnt/e/AI@UWMELK-local/mobius_case_study/input/input_dir_interCRT100_natural/lambdasq_interCRT100_natural.txt.test ...
INFO - 12/01/25 19:48:27 - 2:15:51 - Loaded 100000 equations from the disk.
INFO - 12/01/25 19:48:36 - 2:16:00 - 10000/10000 (100.0%) equations were evaluated correctly.
INFO - 12/01/25 19:48:36 - 2:16:00 - 1: 10000 / 10000 (100.00%)
INFO - 12/01/25 19:48:36 - 2:16:00 - Memory allocated:  172.12MB, reserved: 4088.00MB
INFO - 12/01/25 19:48:36 - 2:16:00 - __log__:{"epoch": 49, "valid_arithmetic_xe_loss": 0.0, "valid_arithmetic_acc": 100.0, "valid_arithmetic_perfect": 100.0, "valid_arithmetic_correct": 100.0, "valid_arithmetic_acc_d1": 100.0, "valid_arithmetic_acc_d2": 100.0, "valid_arithmetic_acc_d3": 100.0, "valid_arithmetic_acc_1": 100.0}
INFO - 12/01/25 19:48:36 - 2:16:00 - Saving checkpoint to /mnt/e/AI@UWMELK-local/mobius_case_study/models/model_interCRT100_natural_liouville/lambdasq/1/checkpoint.pth ...
WARNING - 12/01/25 19:48:36 - 2:16:00 - Saving encoder parameters ...
WARNING - 12/01/25 19:48:36 - 2:16:00 - Saving decoder parameters ...
WARNING - 12/01/25 19:48:36 - 2:16:00 - Saving optimizer ...
INFO - 12/01/25 19:48:37 - 2:16:01 - ============ Starting epoch 50 ... ============
INFO - 12/01/25 19:48:51 - 2:16:15 -   52200 -  238.19 equations/s - 95990.98 words/s - ARITHMETIC:  0.0000 - LR: 6.9205e-05
INFO - 12/01/25 19:49:20 - 2:16:44 -   52400 -  330.41 equations/s - 133154.78 words/s - ARITHMETIC:  0.0000 - LR: 6.9072e-05
INFO - 12/01/25 19:49:49 - 2:17:13 -   52600 -  330.57 equations/s - 133218.44 words/s - ARITHMETIC:  0.0000 - LR: 6.8941e-05
INFO - 12/01/25 19:50:19 - 2:17:42 -   52800 -  330.28 equations/s - 133101.32 words/s - ARITHMETIC:  0.0000 - LR: 6.8810e-05
INFO - 12/01/25 19:50:48 - 2:18:12 -   53000 -  330.33 equations/s - 133122.75 words/s - ARITHMETIC:  0.0000 - LR: 6.8680e-05
INFO - 12/01/25 19:51:08 - 2:18:32 - Memory allocated:  172.12MB, reserved: 4088.00MB
INFO - 12/01/25 19:51:08 - 2:18:32 - ============ End of epoch 50 ============
INFO - 12/01/25 19:51:08 - 2:18:32 - Creating valid iterator for arithmetic ...
INFO - 12/01/25 19:51:08 - 2:18:32 - Loading data from /mnt/e/AI@UWMELK-local/mobius_case_study/input/input_dir_interCRT100_natural/lambdasq_interCRT100_natural.txt.test ...
INFO - 12/01/25 19:51:09 - 2:18:33 - Loaded 100000 equations from the disk.
INFO - 12/01/25 19:51:19 - 2:18:43 - 10000/10000 (100.0%) equations were evaluated correctly.
INFO - 12/01/25 19:51:19 - 2:18:43 - 1: 10000 / 10000 (100.00%)
INFO - 12/01/25 19:51:19 - 2:18:43 - Memory allocated:  172.12MB, reserved: 4088.00MB
INFO - 12/01/25 19:51:19 - 2:18:43 - __log__:{"epoch": 50, "valid_arithmetic_xe_loss": 0.0, "valid_arithmetic_acc": 100.0, "valid_arithmetic_perfect": 100.0, "valid_arithmetic_correct": 100.0, "valid_arithmetic_acc_d1": 100.0, "valid_arithmetic_acc_d2": 100.0, "valid_arithmetic_acc_d3": 100.0, "valid_arithmetic_acc_1": 100.0}
INFO - 12/01/25 19:51:19 - 2:18:43 - Saving checkpoint to /mnt/e/AI@UWMELK-local/mobius_case_study/models/model_interCRT100_natural_liouville/lambdasq/1/checkpoint.pth ...
WARNING - 12/01/25 19:51:19 - 2:18:43 - Saving encoder parameters ...
WARNING - 12/01/25 19:51:19 - 2:18:43 - Saving decoder parameters ...
WARNING - 12/01/25 19:51:19 - 2:18:43 - Saving optimizer ...
INFO - 12/01/25 19:51:19 - 2:18:43 - ============ Starting epoch 51 ... ============
INFO - 12/01/25 19:51:28 - 2:18:52 -   53200 -  238.24 equations/s - 96010.09 words/s - ARITHMETIC:  0.0000 - LR: 6.8551e-05
INFO - 12/01/25 19:51:57 - 2:19:21 -   53400 -  329.64 equations/s - 132846.07 words/s - ARITHMETIC:  0.0000 - LR: 6.8423e-05
INFO - 12/01/25 19:52:26 - 2:19:50 -   53600 -  330.01 equations/s - 132992.80 words/s - ARITHMETIC:  0.0000 - LR: 6.8295e-05
INFO - 12/01/25 19:52:55 - 2:20:19 -   53800 -  330.31 equations/s - 133113.05 words/s - ARITHMETIC:  0.0000 - LR: 6.8168e-05
INFO - 12/01/25 19:53:24 - 2:20:48 -   54000 -  330.03 equations/s - 133000.93 words/s - ARITHMETIC:  0.0000 - LR: 6.8041e-05
INFO - 12/01/25 19:53:51 - 2:21:15 - Memory allocated:  172.12MB, reserved: 4088.00MB
INFO - 12/01/25 19:53:51 - 2:21:15 - ============ End of epoch 51 ============
INFO - 12/01/25 19:53:51 - 2:21:15 - Creating valid iterator for arithmetic ...
INFO - 12/01/25 19:53:51 - 2:21:15 - Loading data from /mnt/e/AI@UWMELK-local/mobius_case_study/input/input_dir_interCRT100_natural/lambdasq_interCRT100_natural.txt.test ...
INFO - 12/01/25 19:53:52 - 2:21:16 - Loaded 100000 equations from the disk.
INFO - 12/01/25 19:54:02 - 2:21:26 - 10000/10000 (100.0%) equations were evaluated correctly.
INFO - 12/01/25 19:54:02 - 2:21:26 - 1: 10000 / 10000 (100.00%)
INFO - 12/01/25 19:54:02 - 2:21:26 - Memory allocated:  172.12MB, reserved: 4088.00MB
INFO - 12/01/25 19:54:02 - 2:21:26 - __log__:{"epoch": 51, "valid_arithmetic_xe_loss": 0.0, "valid_arithmetic_acc": 100.0, "valid_arithmetic_perfect": 100.0, "valid_arithmetic_correct": 100.0, "valid_arithmetic_acc_d1": 100.0, "valid_arithmetic_acc_d2": 100.0, "valid_arithmetic_acc_d3": 100.0, "valid_arithmetic_acc_1": 100.0}
INFO - 12/01/25 19:54:02 - 2:21:26 - Saving checkpoint to /mnt/e/AI@UWMELK-local/mobius_case_study/models/model_interCRT100_natural_liouville/lambdasq/1/checkpoint.pth ...
WARNING - 12/01/25 19:54:02 - 2:21:26 - Saving encoder parameters ...
WARNING - 12/01/25 19:54:02 - 2:21:26 - Saving decoder parameters ...
WARNING - 12/01/25 19:54:02 - 2:21:26 - Saving optimizer ...
INFO - 12/01/25 19:54:02 - 2:21:26 - ============ Starting epoch 52 ... ============
INFO - 12/01/25 19:54:04 - 2:21:28 -   54200 -  238.93 equations/s - 96289.31 words/s - ARITHMETIC:  0.0000 - LR: 6.7916e-05
INFO - 12/01/25 19:54:34 - 2:21:57 -   54400 -  329.82 equations/s - 132916.21 words/s - ARITHMETIC:  0.0000 - LR: 6.7791e-05
INFO - 12/01/25 19:55:03 - 2:22:27 -   54600 -  329.58 equations/s - 132822.04 words/s - ARITHMETIC:  0.0000 - LR: 6.7666e-05
INFO - 12/01/25 19:55:32 - 2:22:56 -   54800 -  329.54 equations/s - 132804.16 words/s - ARITHMETIC:  0.0000 - LR: 6.7543e-05
INFO - 12/01/25 19:56:01 - 2:23:25 -   55000 -  330.64 equations/s - 133248.41 words/s - ARITHMETIC:  0.0000 - LR: 6.7420e-05
INFO - 12/01/25 19:56:30 - 2:23:54 -   55200 -  329.84 equations/s - 132923.67 words/s - ARITHMETIC:  0.0000 - LR: 6.7298e-05
INFO - 12/01/25 19:56:34 - 2:23:58 - Memory allocated:  172.12MB, reserved: 4088.00MB
INFO - 12/01/25 19:56:34 - 2:23:58 - ============ End of epoch 52 ============
INFO - 12/01/25 19:56:34 - 2:23:58 - Creating valid iterator for arithmetic ...
INFO - 12/01/25 19:56:34 - 2:23:58 - Loading data from /mnt/e/AI@UWMELK-local/mobius_case_study/input/input_dir_interCRT100_natural/lambdasq_interCRT100_natural.txt.test ...
INFO - 12/01/25 19:56:35 - 2:23:59 - Loaded 100000 equations from the disk.
INFO - 12/01/25 19:56:44 - 2:24:08 - 10000/10000 (100.0%) equations were evaluated correctly.
INFO - 12/01/25 19:56:44 - 2:24:08 - 1: 10000 / 10000 (100.00%)
INFO - 12/01/25 19:56:44 - 2:24:08 - Memory allocated:  172.12MB, reserved: 4088.00MB
INFO - 12/01/25 19:56:44 - 2:24:08 - __log__:{"epoch": 52, "valid_arithmetic_xe_loss": 0.0, "valid_arithmetic_acc": 100.0, "valid_arithmetic_perfect": 100.0, "valid_arithmetic_correct": 100.0, "valid_arithmetic_acc_d1": 100.0, "valid_arithmetic_acc_d2": 100.0, "valid_arithmetic_acc_d3": 100.0, "valid_arithmetic_acc_1": 100.0}
INFO - 12/01/25 19:56:44 - 2:24:08 - Saving checkpoint to /mnt/e/AI@UWMELK-local/mobius_case_study/models/model_interCRT100_natural_liouville/lambdasq/1/checkpoint.pth ...
WARNING - 12/01/25 19:56:44 - 2:24:08 - Saving encoder parameters ...
WARNING - 12/01/25 19:56:44 - 2:24:08 - Saving decoder parameters ...
WARNING - 12/01/25 19:56:44 - 2:24:08 - Saving optimizer ...
INFO - 12/01/25 19:56:45 - 2:24:09 - ============ Starting epoch 53 ... ============
INFO - 12/01/25 19:57:10 - 2:24:34 -   55400 -  238.77 equations/s - 96225.52 words/s - ARITHMETIC:  0.0000 - LR: 6.7176e-05
INFO - 12/01/25 19:57:39 - 2:25:03 -   55600 -  330.43 equations/s - 133161.36 words/s - ARITHMETIC:  0.0000 - LR: 6.7055e-05
INFO - 12/01/25 19:58:08 - 2:25:32 -   55800 -  330.25 equations/s - 133091.51 words/s - ARITHMETIC:  0.0000 - LR: 6.6935e-05
INFO - 12/01/25 19:58:37 - 2:26:01 -   56000 -  330.74 equations/s - 133289.74 words/s - ARITHMETIC:  0.0000 - LR: 6.6815e-05
INFO - 12/01/25 19:59:06 - 2:26:30 -   56200 -  330.76 equations/s - 133296.47 words/s - ARITHMETIC:  0.0000 - LR: 6.6696e-05
INFO - 12/01/25 19:59:16 - 2:26:40 - Memory allocated:  172.12MB, reserved: 4088.00MB
INFO - 12/01/25 19:59:16 - 2:26:40 - ============ End of epoch 53 ============
INFO - 12/01/25 19:59:16 - 2:26:40 - Creating valid iterator for arithmetic ...
INFO - 12/01/25 19:59:16 - 2:26:40 - Loading data from /mnt/e/AI@UWMELK-local/mobius_case_study/input/input_dir_interCRT100_natural/lambdasq_interCRT100_natural.txt.test ...
INFO - 12/01/25 19:59:17 - 2:26:41 - Loaded 100000 equations from the disk.
INFO - 12/01/25 19:59:27 - 2:26:51 - 10000/10000 (100.0%) equations were evaluated correctly.
INFO - 12/01/25 19:59:27 - 2:26:51 - 1: 10000 / 10000 (100.00%)
INFO - 12/01/25 19:59:27 - 2:26:51 - Memory allocated:  172.12MB, reserved: 4088.00MB
INFO - 12/01/25 19:59:27 - 2:26:51 - __log__:{"epoch": 53, "valid_arithmetic_xe_loss": 0.0, "valid_arithmetic_acc": 100.0, "valid_arithmetic_perfect": 100.0, "valid_arithmetic_correct": 100.0, "valid_arithmetic_acc_d1": 100.0, "valid_arithmetic_acc_d2": 100.0, "valid_arithmetic_acc_d3": 100.0, "valid_arithmetic_acc_1": 100.0}
INFO - 12/01/25 19:59:27 - 2:26:51 - Saving checkpoint to /mnt/e/AI@UWMELK-local/mobius_case_study/models/model_interCRT100_natural_liouville/lambdasq/1/checkpoint.pth ...
WARNING - 12/01/25 19:59:27 - 2:26:51 - Saving encoder parameters ...
WARNING - 12/01/25 19:59:27 - 2:26:51 - Saving decoder parameters ...
WARNING - 12/01/25 19:59:27 - 2:26:51 - Saving optimizer ...
INFO - 12/01/25 19:59:27 - 2:26:51 - ============ Starting epoch 54 ... ============
INFO - 12/01/25 19:59:47 - 2:27:10 -   56400 -  238.60 equations/s - 96156.07 words/s - ARITHMETIC:  0.0000 - LR: 6.6578e-05
INFO - 12/01/25 20:00:16 - 2:27:40 -   56600 -  330.06 equations/s - 133013.79 words/s - ARITHMETIC:  0.0000 - LR: 6.6460e-05
INFO - 12/01/25 20:00:45 - 2:28:09 -   56800 -  329.55 equations/s - 132810.07 words/s - ARITHMETIC:  0.0000 - LR: 6.6343e-05
INFO - 12/01/25 20:01:14 - 2:28:38 -   57000 -  330.37 equations/s - 133140.04 words/s - ARITHMETIC:  0.0000 - LR: 6.6227e-05
INFO - 12/01/25 20:01:43 - 2:29:07 -   57200 -  329.62 equations/s - 132837.31 words/s - ARITHMETIC:  0.0000 - LR: 6.6111e-05
INFO - 12/01/25 20:01:59 - 2:29:23 - Memory allocated:  172.12MB, reserved: 4088.00MB
INFO - 12/01/25 20:01:59 - 2:29:23 - ============ End of epoch 54 ============
INFO - 12/01/25 20:01:59 - 2:29:23 - Creating valid iterator for arithmetic ...
INFO - 12/01/25 20:01:59 - 2:29:23 - Loading data from /mnt/e/AI@UWMELK-local/mobius_case_study/input/input_dir_interCRT100_natural/lambdasq_interCRT100_natural.txt.test ...
INFO - 12/01/25 20:02:00 - 2:29:24 - Loaded 100000 equations from the disk.
INFO - 12/01/25 20:02:10 - 2:29:33 - 10000/10000 (100.0%) equations were evaluated correctly.
INFO - 12/01/25 20:02:10 - 2:29:33 - 1: 10000 / 10000 (100.00%)
INFO - 12/01/25 20:02:10 - 2:29:33 - Memory allocated:  172.12MB, reserved: 4088.00MB
INFO - 12/01/25 20:02:10 - 2:29:33 - __log__:{"epoch": 54, "valid_arithmetic_xe_loss": 0.0, "valid_arithmetic_acc": 100.0, "valid_arithmetic_perfect": 100.0, "valid_arithmetic_correct": 100.0, "valid_arithmetic_acc_d1": 100.0, "valid_arithmetic_acc_d2": 100.0, "valid_arithmetic_acc_d3": 100.0, "valid_arithmetic_acc_1": 100.0}
INFO - 12/01/25 20:02:10 - 2:29:33 - Saving checkpoint to /mnt/e/AI@UWMELK-local/mobius_case_study/models/model_interCRT100_natural_liouville/lambdasq/1/checkpoint.pth ...
WARNING - 12/01/25 20:02:10 - 2:29:33 - Saving encoder parameters ...
WARNING - 12/01/25 20:02:10 - 2:29:33 - Saving decoder parameters ...
WARNING - 12/01/25 20:02:10 - 2:29:33 - Saving optimizer ...
INFO - 12/01/25 20:02:10 - 2:29:34 - ============ Starting epoch 55 ... ============
INFO - 12/01/25 20:02:23 - 2:29:47 -   57400 -  239.01 equations/s - 96319.80 words/s - ARITHMETIC:  0.0000 - LR: 6.5995e-05
INFO - 12/01/25 20:02:52 - 2:30:16 -   57600 -  328.89 equations/s - 132541.36 words/s - ARITHMETIC:  0.0000 - LR: 6.5881e-05
INFO - 12/01/25 20:03:21 - 2:30:45 -   57800 -  330.01 equations/s - 132995.60 words/s - ARITHMETIC:  0.0000 - LR: 6.5767e-05
INFO - 12/01/25 20:03:51 - 2:31:14 -   58000 -  330.01 equations/s - 132994.00 words/s - ARITHMETIC:  0.0000 - LR: 6.5653e-05
INFO - 12/01/25 20:04:20 - 2:31:44 -   58200 -  329.99 equations/s - 132986.91 words/s - ARITHMETIC:  0.0000 - LR: 6.5540e-05
INFO - 12/01/25 20:04:42 - 2:32:06 - Memory allocated:  172.12MB, reserved: 4088.00MB
INFO - 12/01/25 20:04:42 - 2:32:06 - ============ End of epoch 55 ============
INFO - 12/01/25 20:04:42 - 2:32:06 - Creating valid iterator for arithmetic ...
INFO - 12/01/25 20:04:42 - 2:32:06 - Loading data from /mnt/e/AI@UWMELK-local/mobius_case_study/input/input_dir_interCRT100_natural/lambdasq_interCRT100_natural.txt.test ...
INFO - 12/01/25 20:04:43 - 2:32:07 - Loaded 100000 equations from the disk.
INFO - 12/01/25 20:04:52 - 2:32:16 - 10000/10000 (100.0%) equations were evaluated correctly.
INFO - 12/01/25 20:04:52 - 2:32:16 - 1: 10000 / 10000 (100.00%)
INFO - 12/01/25 20:04:53 - 2:32:16 - Memory allocated:  172.12MB, reserved: 4088.00MB
INFO - 12/01/25 20:04:53 - 2:32:16 - __log__:{"epoch": 55, "valid_arithmetic_xe_loss": 0.0, "valid_arithmetic_acc": 100.0, "valid_arithmetic_perfect": 100.0, "valid_arithmetic_correct": 100.0, "valid_arithmetic_acc_d1": 100.0, "valid_arithmetic_acc_d2": 100.0, "valid_arithmetic_acc_d3": 100.0, "valid_arithmetic_acc_1": 100.0}
INFO - 12/01/25 20:04:53 - 2:32:16 - Saving checkpoint to /mnt/e/AI@UWMELK-local/mobius_case_study/models/model_interCRT100_natural_liouville/lambdasq/1/checkpoint.pth ...
WARNING - 12/01/25 20:04:53 - 2:32:16 - Saving encoder parameters ...
WARNING - 12/01/25 20:04:53 - 2:32:16 - Saving decoder parameters ...
WARNING - 12/01/25 20:04:53 - 2:32:16 - Saving optimizer ...
INFO - 12/01/25 20:04:53 - 2:32:17 - ============ Starting epoch 56 ... ============
INFO - 12/01/25 20:05:00 - 2:32:24 -   58400 -  237.66 equations/s - 95778.95 words/s - ARITHMETIC:  0.0000 - LR: 6.5428e-05
INFO - 12/01/25 20:05:29 - 2:32:53 -   58600 -  329.59 equations/s - 132826.03 words/s - ARITHMETIC:  0.0000 - LR: 6.5316e-05
INFO - 12/01/25 20:05:58 - 2:33:22 -   58800 -  329.50 equations/s - 132789.11 words/s - ARITHMETIC:  0.0000 - LR: 6.5205e-05
INFO - 12/01/25 20:06:27 - 2:33:51 -   59000 -  329.47 equations/s - 132776.84 words/s - ARITHMETIC:  0.0000 - LR: 6.5094e-05
INFO - 12/01/25 20:06:57 - 2:34:20 -   59200 -  329.06 equations/s - 132612.64 words/s - ARITHMETIC:  0.0000 - LR: 6.4984e-05
INFO - 12/01/25 20:07:25 - 2:34:49 - Memory allocated:  172.12MB, reserved: 4088.00MB
INFO - 12/01/25 20:07:25 - 2:34:49 - ============ End of epoch 56 ============
INFO - 12/01/25 20:07:25 - 2:34:49 - Creating valid iterator for arithmetic ...
INFO - 12/01/25 20:07:25 - 2:34:49 - Loading data from /mnt/e/AI@UWMELK-local/mobius_case_study/input/input_dir_interCRT100_natural/lambdasq_interCRT100_natural.txt.test ...
INFO - 12/01/25 20:07:26 - 2:34:50 - Loaded 100000 equations from the disk.
INFO - 12/01/25 20:07:36 - 2:35:00 - 10000/10000 (100.0%) equations were evaluated correctly.
INFO - 12/01/25 20:07:36 - 2:35:00 - 1: 10000 / 10000 (100.00%)
INFO - 12/01/25 20:07:36 - 2:35:00 - Memory allocated:  172.12MB, reserved: 4088.00MB
INFO - 12/01/25 20:07:36 - 2:35:00 - __log__:{"epoch": 56, "valid_arithmetic_xe_loss": 0.0, "valid_arithmetic_acc": 100.0, "valid_arithmetic_perfect": 100.0, "valid_arithmetic_correct": 100.0, "valid_arithmetic_acc_d1": 100.0, "valid_arithmetic_acc_d2": 100.0, "valid_arithmetic_acc_d3": 100.0, "valid_arithmetic_acc_1": 100.0}
INFO - 12/01/25 20:07:36 - 2:35:00 - Saving checkpoint to /mnt/e/AI@UWMELK-local/mobius_case_study/models/model_interCRT100_natural_liouville/lambdasq/1/checkpoint.pth ...
WARNING - 12/01/25 20:07:36 - 2:35:00 - Saving encoder parameters ...
WARNING - 12/01/25 20:07:36 - 2:35:00 - Saving decoder parameters ...
WARNING - 12/01/25 20:07:36 - 2:35:00 - Saving optimizer ...
INFO - 12/01/25 20:07:36 - 2:35:00 - ============ Starting epoch 57 ... ============
INFO - 12/01/25 20:07:37 - 2:35:01 -   59400 -  237.26 equations/s - 95617.19 words/s - ARITHMETIC:  0.0000 - LR: 6.4875e-05
INFO - 12/01/25 20:08:06 - 2:35:30 -   59600 -  329.28 equations/s - 132698.42 words/s - ARITHMETIC:  0.0000 - LR: 6.4766e-05
INFO - 12/01/25 20:08:35 - 2:35:59 -   59800 -  329.66 equations/s - 132853.11 words/s - ARITHMETIC:  0.0000 - LR: 6.4658e-05
INFO - 12/01/25 20:09:04 - 2:36:28 -   60000 -  329.70 equations/s - 132870.54 words/s - ARITHMETIC:  0.0000 - LR: 6.4550e-05
INFO - 12/01/25 20:09:34 - 2:36:57 -   60200 -  329.39 equations/s - 132745.34 words/s - ARITHMETIC:  0.0000 - LR: 6.4442e-05
INFO - 12/01/25 20:10:03 - 2:37:27 -   60400 -  329.82 equations/s - 132918.19 words/s - ARITHMETIC:  0.0000 - LR: 6.4336e-05
INFO - 12/01/25 20:10:08 - 2:37:32 - Memory allocated:  172.12MB, reserved: 4088.00MB
INFO - 12/01/25 20:10:08 - 2:37:32 - ============ End of epoch 57 ============
INFO - 12/01/25 20:10:08 - 2:37:32 - Creating valid iterator for arithmetic ...
INFO - 12/01/25 20:10:08 - 2:37:32 - Loading data from /mnt/e/AI@UWMELK-local/mobius_case_study/input/input_dir_interCRT100_natural/lambdasq_interCRT100_natural.txt.test ...
INFO - 12/01/25 20:10:09 - 2:37:33 - Loaded 100000 equations from the disk.
INFO - 12/01/25 20:10:19 - 2:37:42 - 10000/10000 (100.0%) equations were evaluated correctly.
INFO - 12/01/25 20:10:19 - 2:37:42 - 1: 10000 / 10000 (100.00%)
INFO - 12/01/25 20:10:19 - 2:37:43 - Memory allocated:  172.12MB, reserved: 4088.00MB
INFO - 12/01/25 20:10:19 - 2:37:43 - __log__:{"epoch": 57, "valid_arithmetic_xe_loss": 3.5274024838827246e-08, "valid_arithmetic_acc": 100.0, "valid_arithmetic_perfect": 100.0, "valid_arithmetic_correct": 100.0, "valid_arithmetic_acc_d1": 100.0, "valid_arithmetic_acc_d2": 100.0, "valid_arithmetic_acc_d3": 100.0, "valid_arithmetic_acc_1": 100.0}
INFO - 12/01/25 20:10:19 - 2:37:43 - Saving checkpoint to /mnt/e/AI@UWMELK-local/mobius_case_study/models/model_interCRT100_natural_liouville/lambdasq/1/checkpoint.pth ...
WARNING - 12/01/25 20:10:19 - 2:37:43 - Saving encoder parameters ...
WARNING - 12/01/25 20:10:19 - 2:37:43 - Saving decoder parameters ...
WARNING - 12/01/25 20:10:19 - 2:37:43 - Saving optimizer ...
INFO - 12/01/25 20:10:19 - 2:37:43 - ============ Starting epoch 58 ... ============
INFO - 12/01/25 20:10:43 - 2:38:07 -   60600 -  238.37 equations/s - 96062.88 words/s - ARITHMETIC:  0.0000 - LR: 6.4229e-05
INFO - 12/01/25 20:11:12 - 2:38:36 -   60800 -  329.33 equations/s - 132719.99 words/s - ARITHMETIC:  0.0000 - LR: 6.4124e-05
INFO - 12/01/25 20:11:41 - 2:39:05 -   61000 -  329.89 equations/s - 132945.01 words/s - ARITHMETIC:  0.0000 - LR: 6.4018e-05
INFO - 12/01/25 20:12:10 - 2:39:34 -   61200 -  328.51 equations/s - 132390.21 words/s - ARITHMETIC:  0.0000 - LR: 6.3914e-05
INFO - 12/01/25 20:12:40 - 2:40:03 -   61400 -  329.29 equations/s - 132702.73 words/s - ARITHMETIC:  0.0000 - LR: 6.3810e-05
INFO - 12/01/25 20:12:51 - 2:40:15 - Memory allocated:  172.12MB, reserved: 4088.00MB
INFO - 12/01/25 20:12:51 - 2:40:15 - ============ End of epoch 58 ============
INFO - 12/01/25 20:12:51 - 2:40:15 - Creating valid iterator for arithmetic ...
INFO - 12/01/25 20:12:51 - 2:40:15 - Loading data from /mnt/e/AI@UWMELK-local/mobius_case_study/input/input_dir_interCRT100_natural/lambdasq_interCRT100_natural.txt.test ...
INFO - 12/01/25 20:12:52 - 2:40:16 - Loaded 100000 equations from the disk.
INFO - 12/01/25 20:13:02 - 2:40:26 - 10000/10000 (100.0%) equations were evaluated correctly.
INFO - 12/01/25 20:13:02 - 2:40:26 - 1: 10000 / 10000 (100.00%)
INFO - 12/01/25 20:13:02 - 2:40:26 - Memory allocated:  172.12MB, reserved: 4088.00MB
INFO - 12/01/25 20:13:02 - 2:40:26 - __log__:{"epoch": 58, "valid_arithmetic_xe_loss": 0.0, "valid_arithmetic_acc": 100.0, "valid_arithmetic_perfect": 100.0, "valid_arithmetic_correct": 100.0, "valid_arithmetic_acc_d1": 100.0, "valid_arithmetic_acc_d2": 100.0, "valid_arithmetic_acc_d3": 100.0, "valid_arithmetic_acc_1": 100.0}
INFO - 12/01/25 20:13:02 - 2:40:26 - Saving checkpoint to /mnt/e/AI@UWMELK-local/mobius_case_study/models/model_interCRT100_natural_liouville/lambdasq/1/checkpoint.pth ...
WARNING - 12/01/25 20:13:02 - 2:40:26 - Saving encoder parameters ...
WARNING - 12/01/25 20:13:02 - 2:40:26 - Saving decoder parameters ...
WARNING - 12/01/25 20:13:02 - 2:40:26 - Saving optimizer ...
INFO - 12/01/25 20:13:02 - 2:40:26 - ============ Starting epoch 59 ... ============
INFO - 12/01/25 20:13:20 - 2:40:44 -   61600 -  238.01 equations/s - 95916.46 words/s - ARITHMETIC:  0.0000 - LR: 6.3706e-05
INFO - 12/01/25 20:13:49 - 2:41:13 -   61800 -  329.15 equations/s - 132647.60 words/s - ARITHMETIC:  0.0000 - LR: 6.3603e-05
INFO - 12/01/25 20:14:18 - 2:41:42 -   62000 -  329.65 equations/s - 132848.13 words/s - ARITHMETIC:  0.0000 - LR: 6.3500e-05
INFO - 12/01/25 20:14:47 - 2:42:11 -   62200 -  329.58 equations/s - 132819.94 words/s - ARITHMETIC:  0.0000 - LR: 6.3398e-05
INFO - 12/01/25 20:15:16 - 2:42:40 -   62400 -  329.69 equations/s - 132863.06 words/s - ARITHMETIC:  0.0000 - LR: 6.3296e-05
INFO - 12/01/25 20:15:34 - 2:42:58 - Memory allocated:  172.12MB, reserved: 4088.00MB
INFO - 12/01/25 20:15:34 - 2:42:58 - ============ End of epoch 59 ============
INFO - 12/01/25 20:15:34 - 2:42:58 - Creating valid iterator for arithmetic ...
INFO - 12/01/25 20:15:34 - 2:42:58 - Loading data from /mnt/e/AI@UWMELK-local/mobius_case_study/input/input_dir_interCRT100_natural/lambdasq_interCRT100_natural.txt.test ...
INFO - 12/01/25 20:15:35 - 2:42:59 - Loaded 100000 equations from the disk.
INFO - 12/01/25 20:15:45 - 2:43:09 - 10000/10000 (100.0%) equations were evaluated correctly.
INFO - 12/01/25 20:15:45 - 2:43:09 - 1: 10000 / 10000 (100.00%)
INFO - 12/01/25 20:15:45 - 2:43:09 - Memory allocated:  172.12MB, reserved: 4088.00MB
INFO - 12/01/25 20:15:45 - 2:43:09 - __log__:{"epoch": 59, "valid_arithmetic_xe_loss": 0.0, "valid_arithmetic_acc": 100.0, "valid_arithmetic_perfect": 100.0, "valid_arithmetic_correct": 100.0, "valid_arithmetic_acc_d1": 100.0, "valid_arithmetic_acc_d2": 100.0, "valid_arithmetic_acc_d3": 100.0, "valid_arithmetic_acc_1": 100.0}
INFO - 12/01/25 20:15:45 - 2:43:09 - Saving checkpoint to /mnt/e/AI@UWMELK-local/mobius_case_study/models/model_interCRT100_natural_liouville/lambdasq/1/checkpoint.pth ...
WARNING - 12/01/25 20:15:45 - 2:43:09 - Saving encoder parameters ...
WARNING - 12/01/25 20:15:45 - 2:43:09 - Saving decoder parameters ...
WARNING - 12/01/25 20:15:45 - 2:43:09 - Saving optimizer ...
INFO - 12/01/25 20:15:45 - 2:43:09 - ============ Starting epoch 60 ... ============
INFO - 12/01/25 20:15:57 - 2:43:21 -   62600 -  237.35 equations/s - 95652.78 words/s - ARITHMETIC:  0.0000 - LR: 6.3195e-05
INFO - 12/01/25 20:16:26 - 2:43:50 -   62800 -  329.26 equations/s - 132692.08 words/s - ARITHMETIC:  0.0000 - LR: 6.3094e-05
INFO - 12/01/25 20:16:55 - 2:44:19 -   63000 -  329.30 equations/s - 132706.53 words/s - ARITHMETIC:  0.0000 - LR: 6.2994e-05
INFO - 12/01/25 20:17:24 - 2:44:48 -   63200 -  329.29 equations/s - 132703.98 words/s - ARITHMETIC:  0.0000 - LR: 6.2894e-05
INFO - 12/01/25 20:17:53 - 2:45:17 -   63400 -  329.53 equations/s - 132798.81 words/s - ARITHMETIC:  0.0000 - LR: 6.2795e-05
INFO - 12/01/25 20:18:17 - 2:45:41 - Memory allocated:  172.12MB, reserved: 4088.00MB
INFO - 12/01/25 20:18:17 - 2:45:41 - ============ End of epoch 60 ============
INFO - 12/01/25 20:18:17 - 2:45:41 - Creating valid iterator for arithmetic ...
INFO - 12/01/25 20:18:17 - 2:45:41 - Loading data from /mnt/e/AI@UWMELK-local/mobius_case_study/input/input_dir_interCRT100_natural/lambdasq_interCRT100_natural.txt.test ...
INFO - 12/01/25 20:18:18 - 2:45:42 - Loaded 100000 equations from the disk.
INFO - 12/01/25 20:18:28 - 2:45:52 - 10000/10000 (100.0%) equations were evaluated correctly.
INFO - 12/01/25 20:18:28 - 2:45:52 - 1: 10000 / 10000 (100.00%)
INFO - 12/01/25 20:18:28 - 2:45:52 - Memory allocated:  172.12MB, reserved: 4088.00MB
INFO - 12/01/25 20:18:28 - 2:45:52 - __log__:{"epoch": 60, "valid_arithmetic_xe_loss": 0.0, "valid_arithmetic_acc": 100.0, "valid_arithmetic_perfect": 100.0, "valid_arithmetic_correct": 100.0, "valid_arithmetic_acc_d1": 100.0, "valid_arithmetic_acc_d2": 100.0, "valid_arithmetic_acc_d3": 100.0, "valid_arithmetic_acc_1": 100.0}
INFO - 12/01/25 20:18:28 - 2:45:52 - Saving checkpoint to /mnt/e/AI@UWMELK-local/mobius_case_study/models/model_interCRT100_natural_liouville/lambdasq/1/checkpoint.pth ...
WARNING - 12/01/25 20:18:28 - 2:45:52 - Saving encoder parameters ...
WARNING - 12/01/25 20:18:28 - 2:45:52 - Saving decoder parameters ...
WARNING - 12/01/25 20:18:28 - 2:45:52 - Saving optimizer ...
INFO - 12/01/25 20:18:28 - 2:45:52 - ============ Starting epoch 61 ... ============
INFO - 12/01/25 20:18:34 - 2:45:58 -   63600 -  238.78 equations/s - 96229.91 words/s - ARITHMETIC:  0.0000 - LR: 6.2696e-05
INFO - 12/01/25 20:19:03 - 2:46:27 -   63800 -  329.39 equations/s - 132745.76 words/s - ARITHMETIC:  0.0000 - LR: 6.2598e-05
INFO - 12/01/25 20:19:32 - 2:46:56 -   64000 -  329.19 equations/s - 132664.29 words/s - ARITHMETIC:  0.0000 - LR: 6.2500e-05
INFO - 12/01/25 20:20:01 - 2:47:25 -   64200 -  329.51 equations/s - 132792.88 words/s - ARITHMETIC:  0.0000 - LR: 6.2403e-05
INFO - 12/01/25 20:20:30 - 2:47:54 -   64400 -  328.37 equations/s - 132332.50 words/s - ARITHMETIC:  0.0000 - LR: 6.2306e-05
INFO - 12/01/25 20:20:59 - 2:48:23 -   64600 -  329.50 equations/s - 132789.04 words/s - ARITHMETIC:  0.0000 - LR: 6.2209e-05
INFO - 12/01/25 20:21:00 - 2:48:24 - Memory allocated:  172.12MB, reserved: 4088.00MB
INFO - 12/01/25 20:21:00 - 2:48:24 - ============ End of epoch 61 ============
INFO - 12/01/25 20:21:00 - 2:48:24 - Creating valid iterator for arithmetic ...
INFO - 12/01/25 20:21:00 - 2:48:24 - Loading data from /mnt/e/AI@UWMELK-local/mobius_case_study/input/input_dir_interCRT100_natural/lambdasq_interCRT100_natural.txt.test ...
INFO - 12/01/25 20:21:01 - 2:48:25 - Loaded 100000 equations from the disk.
INFO - 12/01/25 20:21:11 - 2:48:35 - 10000/10000 (100.0%) equations were evaluated correctly.
INFO - 12/01/25 20:21:11 - 2:48:35 - 1: 10000 / 10000 (100.00%)
INFO - 12/01/25 20:21:11 - 2:48:35 - Memory allocated:  172.12MB, reserved: 4088.00MB
INFO - 12/01/25 20:21:11 - 2:48:35 - __log__:{"epoch": 61, "valid_arithmetic_xe_loss": 0.0, "valid_arithmetic_acc": 100.0, "valid_arithmetic_perfect": 100.0, "valid_arithmetic_correct": 100.0, "valid_arithmetic_acc_d1": 100.0, "valid_arithmetic_acc_d2": 100.0, "valid_arithmetic_acc_d3": 100.0, "valid_arithmetic_acc_1": 100.0}
INFO - 12/01/25 20:21:11 - 2:48:35 - Saving checkpoint to /mnt/e/AI@UWMELK-local/mobius_case_study/models/model_interCRT100_natural_liouville/lambdasq/1/checkpoint.pth ...
WARNING - 12/01/25 20:21:11 - 2:48:35 - Saving encoder parameters ...
WARNING - 12/01/25 20:21:11 - 2:48:35 - Saving decoder parameters ...
WARNING - 12/01/25 20:21:11 - 2:48:35 - Saving optimizer ...
INFO - 12/01/25 20:21:11 - 2:48:35 - ============ Starting epoch 62 ... ============
INFO - 12/01/25 20:21:40 - 2:49:04 -   64800 -  238.17 equations/s - 95981.44 words/s - ARITHMETIC:  0.0000 - LR: 6.2113e-05
INFO - 12/01/25 20:22:09 - 2:49:33 -   65000 -  328.16 equations/s - 132249.41 words/s - ARITHMETIC:  0.0000 - LR: 6.2017e-05
INFO - 12/01/25 20:22:38 - 2:50:02 -   65200 -  328.63 equations/s - 132439.23 words/s - ARITHMETIC:  0.0000 - LR: 6.1922e-05
INFO - 12/01/25 20:23:07 - 2:50:31 -   65400 -  329.58 equations/s - 132822.30 words/s - ARITHMETIC:  0.0000 - LR: 6.1827e-05
INFO - 12/01/25 20:23:37 - 2:51:00 -   65600 -  329.50 equations/s - 132786.84 words/s - ARITHMETIC:  0.0000 - LR: 6.1733e-05
INFO - 12/01/25 20:23:43 - 2:51:07 - Memory allocated:  172.12MB, reserved: 4088.00MB
INFO - 12/01/25 20:23:43 - 2:51:07 - ============ End of epoch 62 ============
INFO - 12/01/25 20:23:43 - 2:51:07 - Creating valid iterator for arithmetic ...
INFO - 12/01/25 20:23:43 - 2:51:07 - Loading data from /mnt/e/AI@UWMELK-local/mobius_case_study/input/input_dir_interCRT100_natural/lambdasq_interCRT100_natural.txt.test ...
INFO - 12/01/25 20:23:44 - 2:51:08 - Loaded 100000 equations from the disk.
INFO - 12/01/25 20:23:54 - 2:51:18 - 10000/10000 (100.0%) equations were evaluated correctly.
INFO - 12/01/25 20:23:54 - 2:51:18 - 1: 10000 / 10000 (100.00%)
INFO - 12/01/25 20:23:54 - 2:51:18 - Memory allocated:  172.12MB, reserved: 4088.00MB
INFO - 12/01/25 20:23:54 - 2:51:18 - __log__:{"epoch": 62, "valid_arithmetic_xe_loss": 0.0, "valid_arithmetic_acc": 100.0, "valid_arithmetic_perfect": 100.0, "valid_arithmetic_correct": 100.0, "valid_arithmetic_acc_d1": 100.0, "valid_arithmetic_acc_d2": 100.0, "valid_arithmetic_acc_d3": 100.0, "valid_arithmetic_acc_1": 100.0}
INFO - 12/01/25 20:23:54 - 2:51:18 - Saving checkpoint to /mnt/e/AI@UWMELK-local/mobius_case_study/models/model_interCRT100_natural_liouville/lambdasq/1/checkpoint.pth ...
WARNING - 12/01/25 20:23:54 - 2:51:18 - Saving encoder parameters ...
WARNING - 12/01/25 20:23:54 - 2:51:18 - Saving decoder parameters ...
WARNING - 12/01/25 20:23:54 - 2:51:18 - Saving optimizer ...
INFO - 12/01/25 20:23:54 - 2:51:18 - ============ Starting epoch 63 ... ============
INFO - 12/01/25 20:24:17 - 2:51:41 -   65800 -  238.21 equations/s - 95999.42 words/s - ARITHMETIC:  0.0000 - LR: 6.1639e-05
INFO - 12/01/25 20:24:46 - 2:52:10 -   66000 -  330.08 equations/s - 133021.97 words/s - ARITHMETIC:  0.0000 - LR: 6.1546e-05
INFO - 12/01/25 20:25:15 - 2:52:39 -   66200 -  330.04 equations/s - 133005.92 words/s - ARITHMETIC:  0.0000 - LR: 6.1453e-05
INFO - 12/01/25 20:25:44 - 2:53:08 -   66400 -  329.55 equations/s - 132806.81 words/s - ARITHMETIC:  0.0000 - LR: 6.1360e-05
INFO - 12/01/25 20:26:13 - 2:53:37 -   66600 -  329.90 equations/s - 132949.73 words/s - ARITHMETIC:  0.0000 - LR: 6.1268e-05
INFO - 12/01/25 20:26:26 - 2:53:50 - Memory allocated:  172.12MB, reserved: 4088.00MB
INFO - 12/01/25 20:26:26 - 2:53:50 - ============ End of epoch 63 ============
INFO - 12/01/25 20:26:26 - 2:53:50 - Creating valid iterator for arithmetic ...
INFO - 12/01/25 20:26:26 - 2:53:50 - Loading data from /mnt/e/AI@UWMELK-local/mobius_case_study/input/input_dir_interCRT100_natural/lambdasq_interCRT100_natural.txt.test ...
INFO - 12/01/25 20:26:27 - 2:53:51 - Loaded 100000 equations from the disk.
INFO - 12/01/25 20:26:37 - 2:54:01 - 10000/10000 (100.0%) equations were evaluated correctly.
INFO - 12/01/25 20:26:37 - 2:54:01 - 1: 10000 / 10000 (100.00%)
INFO - 12/01/25 20:26:37 - 2:54:01 - Memory allocated:  172.12MB, reserved: 4088.00MB
INFO - 12/01/25 20:26:37 - 2:54:01 - __log__:{"epoch": 63, "valid_arithmetic_xe_loss": 0.0, "valid_arithmetic_acc": 100.0, "valid_arithmetic_perfect": 100.0, "valid_arithmetic_correct": 100.0, "valid_arithmetic_acc_d1": 100.0, "valid_arithmetic_acc_d2": 100.0, "valid_arithmetic_acc_d3": 100.0, "valid_arithmetic_acc_1": 100.0}
INFO - 12/01/25 20:26:37 - 2:54:01 - Saving checkpoint to /mnt/e/AI@UWMELK-local/mobius_case_study/models/model_interCRT100_natural_liouville/lambdasq/1/checkpoint.pth ...
WARNING - 12/01/25 20:26:37 - 2:54:01 - Saving encoder parameters ...
WARNING - 12/01/25 20:26:37 - 2:54:01 - Saving decoder parameters ...
WARNING - 12/01/25 20:26:37 - 2:54:01 - Saving optimizer ...
INFO - 12/01/25 20:26:37 - 2:54:01 - ============ Starting epoch 64 ... ============
INFO - 12/01/25 20:26:53 - 2:54:17 -   66800 -  238.89 equations/s - 96273.95 words/s - ARITHMETIC:  0.0000 - LR: 6.1176e-05
INFO - 12/01/25 20:27:23 - 2:54:46 -   67000 -  329.32 equations/s - 132716.74 words/s - ARITHMETIC:  0.0000 - LR: 6.1085e-05
INFO - 12/01/25 20:27:52 - 2:55:16 -   67200 -  329.63 equations/s - 132842.43 words/s - ARITHMETIC:  0.0000 - LR: 6.0994e-05
INFO - 12/01/25 20:28:21 - 2:55:45 -   67400 -  329.23 equations/s - 132678.56 words/s - ARITHMETIC:  0.0000 - LR: 6.0903e-05
INFO - 12/01/25 20:28:50 - 2:56:14 -   67600 -  328.66 equations/s - 132449.92 words/s - ARITHMETIC:  0.0000 - LR: 6.0813e-05
INFO - 12/01/25 20:29:09 - 2:56:33 - Memory allocated:  172.12MB, reserved: 4088.00MB
INFO - 12/01/25 20:29:09 - 2:56:33 - ============ End of epoch 64 ============
INFO - 12/01/25 20:29:09 - 2:56:33 - Creating valid iterator for arithmetic ...
INFO - 12/01/25 20:29:09 - 2:56:33 - Loading data from /mnt/e/AI@UWMELK-local/mobius_case_study/input/input_dir_interCRT100_natural/lambdasq_interCRT100_natural.txt.test ...
INFO - 12/01/25 20:29:10 - 2:56:34 - Loaded 100000 equations from the disk.
INFO - 12/01/25 20:29:20 - 2:56:44 - 10000/10000 (100.0%) equations were evaluated correctly.
INFO - 12/01/25 20:29:20 - 2:56:44 - 1: 10000 / 10000 (100.00%)
INFO - 12/01/25 20:29:20 - 2:56:44 - Memory allocated:  172.12MB, reserved: 4088.00MB
INFO - 12/01/25 20:29:20 - 2:56:44 - __log__:{"epoch": 64, "valid_arithmetic_xe_loss": 0.0, "valid_arithmetic_acc": 100.0, "valid_arithmetic_perfect": 100.0, "valid_arithmetic_correct": 100.0, "valid_arithmetic_acc_d1": 100.0, "valid_arithmetic_acc_d2": 100.0, "valid_arithmetic_acc_d3": 100.0, "valid_arithmetic_acc_1": 100.0}
INFO - 12/01/25 20:29:20 - 2:56:44 - Saving checkpoint to /mnt/e/AI@UWMELK-local/mobius_case_study/models/model_interCRT100_natural_liouville/lambdasq/1/checkpoint.pth ...
WARNING - 12/01/25 20:29:20 - 2:56:44 - Saving encoder parameters ...
WARNING - 12/01/25 20:29:20 - 2:56:44 - Saving decoder parameters ...
WARNING - 12/01/25 20:29:20 - 2:56:44 - Saving optimizer ...
INFO - 12/01/25 20:29:20 - 2:56:44 - ============ Starting epoch 65 ... ============
INFO - 12/01/25 20:29:30 - 2:56:54 -   67800 -  238.83 equations/s - 96248.49 words/s - ARITHMETIC:  0.0000 - LR: 6.0723e-05
INFO - 12/01/25 20:29:59 - 2:57:23 -   68000 -  330.18 equations/s - 133063.56 words/s - ARITHMETIC:  0.0000 - LR: 6.0634e-05
INFO - 12/01/25 20:30:28 - 2:57:52 -   68200 -  329.84 equations/s - 132927.18 words/s - ARITHMETIC:  0.0000 - LR: 6.0545e-05
INFO - 12/01/25 20:30:58 - 2:58:21 -   68400 -  329.54 equations/s - 132804.79 words/s - ARITHMETIC:  0.0000 - LR: 6.0456e-05
INFO - 12/01/25 20:31:27 - 2:58:51 -   68600 -  330.26 equations/s - 133093.58 words/s - ARITHMETIC:  0.0000 - LR: 6.0368e-05
INFO - 12/01/25 20:31:52 - 2:59:16 - Memory allocated:  172.12MB, reserved: 4088.00MB
INFO - 12/01/25 20:31:52 - 2:59:16 - ============ End of epoch 65 ============
INFO - 12/01/25 20:31:52 - 2:59:16 - Creating valid iterator for arithmetic ...
INFO - 12/01/25 20:31:52 - 2:59:16 - Loading data from /mnt/e/AI@UWMELK-local/mobius_case_study/input/input_dir_interCRT100_natural/lambdasq_interCRT100_natural.txt.test ...
INFO - 12/01/25 20:31:53 - 2:59:17 - Loaded 100000 equations from the disk.
INFO - 12/01/25 20:32:02 - 2:59:26 - 10000/10000 (100.0%) equations were evaluated correctly.
INFO - 12/01/25 20:32:02 - 2:59:26 - 1: 10000 / 10000 (100.00%)
INFO - 12/01/25 20:32:02 - 2:59:26 - Memory allocated:  172.12MB, reserved: 4088.00MB
INFO - 12/01/25 20:32:02 - 2:59:26 - __log__:{"epoch": 65, "valid_arithmetic_xe_loss": 0.0, "valid_arithmetic_acc": 100.0, "valid_arithmetic_perfect": 100.0, "valid_arithmetic_correct": 100.0, "valid_arithmetic_acc_d1": 100.0, "valid_arithmetic_acc_d2": 100.0, "valid_arithmetic_acc_d3": 100.0, "valid_arithmetic_acc_1": 100.0}
INFO - 12/01/25 20:32:02 - 2:59:26 - Saving checkpoint to /mnt/e/AI@UWMELK-local/mobius_case_study/models/model_interCRT100_natural_liouville/lambdasq/1/checkpoint.pth ...
WARNING - 12/01/25 20:32:02 - 2:59:26 - Saving encoder parameters ...
WARNING - 12/01/25 20:32:02 - 2:59:26 - Saving decoder parameters ...
WARNING - 12/01/25 20:32:02 - 2:59:26 - Saving optimizer ...
INFO - 12/01/25 20:32:03 - 2:59:27 - ============ Starting epoch 66 ... ============
INFO - 12/01/25 20:32:07 - 2:59:31 -   68800 -  238.19 equations/s - 95990.38 words/s - ARITHMETIC:  0.0000 - LR: 6.0280e-05
INFO - 12/01/25 20:32:36 - 3:00:00 -   69000 -  330.42 equations/s - 133159.60 words/s - ARITHMETIC:  0.0000 - LR: 6.0193e-05
INFO - 12/01/25 20:33:05 - 3:00:29 -   69200 -  330.07 equations/s - 133017.06 words/s - ARITHMETIC:  0.0000 - LR: 6.0106e-05
INFO - 12/01/25 20:33:34 - 3:00:58 -   69400 -  330.02 equations/s - 132998.10 words/s - ARITHMETIC:  0.0000 - LR: 6.0019e-05
INFO - 12/01/25 20:34:03 - 3:01:27 -   69600 -  329.83 equations/s - 132920.55 words/s - ARITHMETIC:  0.0000 - LR: 5.9933e-05
INFO - 12/01/25 20:34:32 - 3:01:56 -   69800 -  329.65 equations/s - 132847.37 words/s - ARITHMETIC:  0.0000 - LR: 5.9847e-05
INFO - 12/01/25 20:34:34 - 3:01:58 - Memory allocated:  172.12MB, reserved: 4088.00MB
INFO - 12/01/25 20:34:34 - 3:01:58 - ============ End of epoch 66 ============
INFO - 12/01/25 20:34:34 - 3:01:58 - Creating valid iterator for arithmetic ...
INFO - 12/01/25 20:34:34 - 3:01:58 - Loading data from /mnt/e/AI@UWMELK-local/mobius_case_study/input/input_dir_interCRT100_natural/lambdasq_interCRT100_natural.txt.test ...
INFO - 12/01/25 20:34:36 - 3:01:59 - Loaded 100000 equations from the disk.
INFO - 12/01/25 20:34:45 - 3:02:09 - 10000/10000 (100.0%) equations were evaluated correctly.
INFO - 12/01/25 20:34:45 - 3:02:09 - 1: 10000 / 10000 (100.00%)
INFO - 12/01/25 20:34:45 - 3:02:09 - Memory allocated:  172.12MB, reserved: 4088.00MB
INFO - 12/01/25 20:34:45 - 3:02:09 - __log__:{"epoch": 66, "valid_arithmetic_xe_loss": 0.0, "valid_arithmetic_acc": 100.0, "valid_arithmetic_perfect": 100.0, "valid_arithmetic_correct": 100.0, "valid_arithmetic_acc_d1": 100.0, "valid_arithmetic_acc_d2": 100.0, "valid_arithmetic_acc_d3": 100.0, "valid_arithmetic_acc_1": 100.0}
INFO - 12/01/25 20:34:45 - 3:02:09 - Saving checkpoint to /mnt/e/AI@UWMELK-local/mobius_case_study/models/model_interCRT100_natural_liouville/lambdasq/1/checkpoint.pth ...
WARNING - 12/01/25 20:34:45 - 3:02:09 - Saving encoder parameters ...
WARNING - 12/01/25 20:34:45 - 3:02:09 - Saving decoder parameters ...
WARNING - 12/01/25 20:34:45 - 3:02:09 - Saving optimizer ...
INFO - 12/01/25 20:34:45 - 3:02:09 - ============ Starting epoch 67 ... ============
INFO - 12/01/25 20:35:12 - 3:02:36 -   70000 -  239.54 equations/s - 96535.27 words/s - ARITHMETIC:  0.0000 - LR: 5.9761e-05
INFO - 12/01/25 20:35:42 - 3:03:05 -   70200 -  330.37 equations/s - 133137.40 words/s - ARITHMETIC:  0.0000 - LR: 5.9676e-05
INFO - 12/01/25 20:36:11 - 3:03:35 -   70400 -  330.06 equations/s - 133015.15 words/s - ARITHMETIC:  0.0000 - LR: 5.9591e-05
INFO - 12/01/25 20:36:40 - 3:04:04 -   70600 -  329.51 equations/s - 132793.64 words/s - ARITHMETIC:  0.0000 - LR: 5.9507e-05
INFO - 12/01/25 20:37:09 - 3:04:33 -   70800 -  330.31 equations/s - 133116.13 words/s - ARITHMETIC:  0.0000 - LR: 5.9423e-05
INFO - 12/01/25 20:37:17 - 3:04:41 - Memory allocated:  172.12MB, reserved: 4088.00MB
INFO - 12/01/25 20:37:17 - 3:04:41 - ============ End of epoch 67 ============
INFO - 12/01/25 20:37:17 - 3:04:41 - Creating valid iterator for arithmetic ...
INFO - 12/01/25 20:37:17 - 3:04:41 - Loading data from /mnt/e/AI@UWMELK-local/mobius_case_study/input/input_dir_interCRT100_natural/lambdasq_interCRT100_natural.txt.test ...
INFO - 12/01/25 20:37:18 - 3:04:42 - Loaded 100000 equations from the disk.
INFO - 12/01/25 20:37:28 - 3:04:52 - 10000/10000 (100.0%) equations were evaluated correctly.
INFO - 12/01/25 20:37:28 - 3:04:52 - 1: 10000 / 10000 (100.00%)
INFO - 12/01/25 20:37:28 - 3:04:52 - Memory allocated:  172.12MB, reserved: 4088.00MB
INFO - 12/01/25 20:37:28 - 3:04:52 - __log__:{"epoch": 67, "valid_arithmetic_xe_loss": 5.960464122267695e-11, "valid_arithmetic_acc": 100.0, "valid_arithmetic_perfect": 100.0, "valid_arithmetic_correct": 100.0, "valid_arithmetic_acc_d1": 100.0, "valid_arithmetic_acc_d2": 100.0, "valid_arithmetic_acc_d3": 100.0, "valid_arithmetic_acc_1": 100.0}
INFO - 12/01/25 20:37:28 - 3:04:52 - Saving checkpoint to /mnt/e/AI@UWMELK-local/mobius_case_study/models/model_interCRT100_natural_liouville/lambdasq/1/checkpoint.pth ...
WARNING - 12/01/25 20:37:28 - 3:04:52 - Saving encoder parameters ...
WARNING - 12/01/25 20:37:28 - 3:04:52 - Saving decoder parameters ...
WARNING - 12/01/25 20:37:28 - 3:04:52 - Saving optimizer ...
INFO - 12/01/25 20:37:28 - 3:04:52 - ============ Starting epoch 68 ... ============
INFO - 12/01/25 20:37:49 - 3:05:13 -   71000 -  238.37 equations/s - 96065.11 words/s - ARITHMETIC:  0.0000 - LR: 5.9339e-05
INFO - 12/01/25 20:38:18 - 3:05:42 -   71200 -  329.81 equations/s - 132914.69 words/s - ARITHMETIC:  0.0000 - LR: 5.9256e-05
INFO - 12/01/25 20:38:47 - 3:06:11 -   71400 -  329.63 equations/s - 132841.37 words/s - ARITHMETIC:  0.0000 - LR: 5.9173e-05
INFO - 12/01/25 20:39:16 - 3:06:40 -   71600 -  329.58 equations/s - 132822.54 words/s - ARITHMETIC:  0.0000 - LR: 5.9090e-05
INFO - 12/01/25 20:39:46 - 3:07:10 -   71800 -  328.95 equations/s - 132566.45 words/s - ARITHMETIC:  0.0000 - LR: 5.9008e-05
INFO - 12/01/25 20:40:00 - 3:07:24 - Memory allocated:  172.12MB, reserved: 4088.00MB
INFO - 12/01/25 20:40:00 - 3:07:24 - ============ End of epoch 68 ============
INFO - 12/01/25 20:40:00 - 3:07:24 - Creating valid iterator for arithmetic ...
INFO - 12/01/25 20:40:00 - 3:07:24 - Loading data from /mnt/e/AI@UWMELK-local/mobius_case_study/input/input_dir_interCRT100_natural/lambdasq_interCRT100_natural.txt.test ...
INFO - 12/01/25 20:40:01 - 3:07:25 - Loaded 100000 equations from the disk.
INFO - 12/01/25 20:40:11 - 3:07:35 - 10000/10000 (100.0%) equations were evaluated correctly.
INFO - 12/01/25 20:40:11 - 3:07:35 - 1: 10000 / 10000 (100.00%)
INFO - 12/01/25 20:40:11 - 3:07:35 - Memory allocated:  172.12MB, reserved: 4088.00MB
INFO - 12/01/25 20:40:11 - 3:07:35 - __log__:{"epoch": 68, "valid_arithmetic_xe_loss": 0.0, "valid_arithmetic_acc": 100.0, "valid_arithmetic_perfect": 100.0, "valid_arithmetic_correct": 100.0, "valid_arithmetic_acc_d1": 100.0, "valid_arithmetic_acc_d2": 100.0, "valid_arithmetic_acc_d3": 100.0, "valid_arithmetic_acc_1": 100.0}
INFO - 12/01/25 20:40:11 - 3:07:35 - Saving checkpoint to /mnt/e/AI@UWMELK-local/mobius_case_study/models/model_interCRT100_natural_liouville/lambdasq/1/checkpoint.pth ...
WARNING - 12/01/25 20:40:11 - 3:07:35 - Saving encoder parameters ...
WARNING - 12/01/25 20:40:11 - 3:07:35 - Saving decoder parameters ...
WARNING - 12/01/25 20:40:11 - 3:07:35 - Saving optimizer ...
INFO - 12/01/25 20:40:11 - 3:07:35 - ============ Starting epoch 69 ... ============
INFO - 12/01/25 20:40:26 - 3:07:50 -   72000 -  236.93 equations/s - 95481.72 words/s - ARITHMETIC:  0.0000 - LR: 5.8926e-05
INFO - 12/01/25 20:40:55 - 3:08:19 -   72200 -  329.59 equations/s - 132823.68 words/s - ARITHMETIC:  0.0000 - LR: 5.8844e-05
INFO - 12/01/25 20:41:24 - 3:08:48 -   72400 -  329.61 equations/s - 132834.48 words/s - ARITHMETIC:  0.0000 - LR: 5.8763e-05
INFO - 12/01/25 20:41:54 - 3:09:17 -   72600 -  329.49 equations/s - 132782.98 words/s - ARITHMETIC:  0.0000 - LR: 5.8682e-05
INFO - 12/01/25 20:42:23 - 3:09:47 -   72800 -  329.59 equations/s - 132823.03 words/s - ARITHMETIC:  0.0000 - LR: 5.8601e-05
INFO - 12/01/25 20:42:43 - 3:10:07 - Memory allocated:  172.12MB, reserved: 4088.00MB
INFO - 12/01/25 20:42:43 - 3:10:07 - ============ End of epoch 69 ============
INFO - 12/01/25 20:42:43 - 3:10:07 - Creating valid iterator for arithmetic ...
INFO - 12/01/25 20:42:43 - 3:10:07 - Loading data from /mnt/e/AI@UWMELK-local/mobius_case_study/input/input_dir_interCRT100_natural/lambdasq_interCRT100_natural.txt.test ...
INFO - 12/01/25 20:42:44 - 3:10:08 - Loaded 100000 equations from the disk.
INFO - 12/01/25 20:42:54 - 3:10:18 - 10000/10000 (100.0%) equations were evaluated correctly.
INFO - 12/01/25 20:42:54 - 3:10:18 - 1: 10000 / 10000 (100.00%)
INFO - 12/01/25 20:42:54 - 3:10:18 - Memory allocated:  172.12MB, reserved: 4088.00MB
INFO - 12/01/25 20:42:54 - 3:10:18 - __log__:{"epoch": 69, "valid_arithmetic_xe_loss": 0.0, "valid_arithmetic_acc": 100.0, "valid_arithmetic_perfect": 100.0, "valid_arithmetic_correct": 100.0, "valid_arithmetic_acc_d1": 100.0, "valid_arithmetic_acc_d2": 100.0, "valid_arithmetic_acc_d3": 100.0, "valid_arithmetic_acc_1": 100.0}
INFO - 12/01/25 20:42:54 - 3:10:18 - Saving checkpoint to /mnt/e/AI@UWMELK-local/mobius_case_study/models/model_interCRT100_natural_liouville/lambdasq/1/checkpoint.pth ...
WARNING - 12/01/25 20:42:54 - 3:10:18 - Saving encoder parameters ...
WARNING - 12/01/25 20:42:54 - 3:10:18 - Saving decoder parameters ...
WARNING - 12/01/25 20:42:54 - 3:10:18 - Saving optimizer ...
INFO - 12/01/25 20:42:54 - 3:10:18 - ============ Starting epoch 70 ... ============
INFO - 12/01/25 20:43:03 - 3:10:27 -   73000 -  238.67 equations/s - 96183.63 words/s - ARITHMETIC:  0.0000 - LR: 5.8521e-05
INFO - 12/01/25 20:43:32 - 3:10:56 -   73200 -  329.36 equations/s - 132731.69 words/s - ARITHMETIC:  0.0000 - LR: 5.8441e-05
INFO - 12/01/25 20:44:01 - 3:11:25 -   73400 -  329.53 equations/s - 132801.48 words/s - ARITHMETIC:  0.0000 - LR: 5.8361e-05
INFO - 12/01/25 20:44:30 - 3:11:54 -   73600 -  329.47 equations/s - 132775.32 words/s - ARITHMETIC:  0.0000 - LR: 5.8282e-05
INFO - 12/01/25 20:45:00 - 3:12:23 -   73800 -  328.83 equations/s - 132519.68 words/s - ARITHMETIC:  0.0000 - LR: 5.8203e-05
INFO - 12/01/25 20:45:26 - 3:12:50 - Memory allocated:  172.12MB, reserved: 4088.00MB
INFO - 12/01/25 20:45:26 - 3:12:50 - ============ End of epoch 70 ============
INFO - 12/01/25 20:45:26 - 3:12:50 - Creating valid iterator for arithmetic ...
INFO - 12/01/25 20:45:26 - 3:12:50 - Loading data from /mnt/e/AI@UWMELK-local/mobius_case_study/input/input_dir_interCRT100_natural/lambdasq_interCRT100_natural.txt.test ...
INFO - 12/01/25 20:45:27 - 3:12:51 - Loaded 100000 equations from the disk.
INFO - 12/01/25 20:45:37 - 3:13:01 - 10000/10000 (100.0%) equations were evaluated correctly.
INFO - 12/01/25 20:45:37 - 3:13:01 - 1: 10000 / 10000 (100.00%)
INFO - 12/01/25 20:45:37 - 3:13:01 - Memory allocated:  172.12MB, reserved: 4088.00MB
INFO - 12/01/25 20:45:37 - 3:13:01 - __log__:{"epoch": 70, "valid_arithmetic_xe_loss": 0.0, "valid_arithmetic_acc": 100.0, "valid_arithmetic_perfect": 100.0, "valid_arithmetic_correct": 100.0, "valid_arithmetic_acc_d1": 100.0, "valid_arithmetic_acc_d2": 100.0, "valid_arithmetic_acc_d3": 100.0, "valid_arithmetic_acc_1": 100.0}
INFO - 12/01/25 20:45:37 - 3:13:01 - Saving checkpoint to /mnt/e/AI@UWMELK-local/mobius_case_study/models/model_interCRT100_natural_liouville/lambdasq/1/checkpoint.pth ...
WARNING - 12/01/25 20:45:37 - 3:13:01 - Saving encoder parameters ...
WARNING - 12/01/25 20:45:37 - 3:13:01 - Saving decoder parameters ...
WARNING - 12/01/25 20:45:37 - 3:13:01 - Saving optimizer ...
INFO - 12/01/25 20:45:37 - 3:13:01 - ============ Starting epoch 71 ... ============
INFO - 12/01/25 20:45:40 - 3:13:04 -   74000 -  238.36 equations/s - 96059.95 words/s - ARITHMETIC:  0.0000 - LR: 5.8124e-05
INFO - 12/01/25 20:46:09 - 3:13:33 -   74200 -  329.50 equations/s - 132790.18 words/s - ARITHMETIC:  0.0000 - LR: 5.8045e-05
INFO - 12/01/25 20:46:38 - 3:14:02 -   74400 -  329.08 equations/s - 132620.99 words/s - ARITHMETIC:  0.0000 - LR: 5.7967e-05
INFO - 12/01/25 20:47:07 - 3:14:31 -   74600 -  328.45 equations/s - 132367.00 words/s - ARITHMETIC:  0.0000 - LR: 5.7890e-05
INFO - 12/01/25 20:47:36 - 3:15:00 -   74800 -  329.07 equations/s - 132615.74 words/s - ARITHMETIC:  0.0000 - LR: 5.7812e-05
INFO - 12/01/25 20:48:06 - 3:15:30 -   75000 -  329.32 equations/s - 132717.57 words/s - ARITHMETIC:  0.0000 - LR: 5.7735e-05
INFO - 12/01/25 20:48:09 - 3:15:33 - Memory allocated:  172.12MB, reserved: 4088.00MB
INFO - 12/01/25 20:48:09 - 3:15:33 - ============ End of epoch 71 ============
INFO - 12/01/25 20:48:09 - 3:15:33 - Creating valid iterator for arithmetic ...
INFO - 12/01/25 20:48:09 - 3:15:33 - Loading data from /mnt/e/AI@UWMELK-local/mobius_case_study/input/input_dir_interCRT100_natural/lambdasq_interCRT100_natural.txt.test ...
INFO - 12/01/25 20:48:10 - 3:15:34 - Loaded 100000 equations from the disk.
INFO - 12/01/25 20:48:20 - 3:15:44 - 10000/10000 (100.0%) equations were evaluated correctly.
INFO - 12/01/25 20:48:20 - 3:15:44 - 1: 10000 / 10000 (100.00%)
INFO - 12/01/25 20:48:20 - 3:15:44 - Memory allocated:  172.12MB, reserved: 4088.00MB
INFO - 12/01/25 20:48:20 - 3:15:44 - __log__:{"epoch": 71, "valid_arithmetic_xe_loss": 0.0, "valid_arithmetic_acc": 100.0, "valid_arithmetic_perfect": 100.0, "valid_arithmetic_correct": 100.0, "valid_arithmetic_acc_d1": 100.0, "valid_arithmetic_acc_d2": 100.0, "valid_arithmetic_acc_d3": 100.0, "valid_arithmetic_acc_1": 100.0}
INFO - 12/01/25 20:48:20 - 3:15:44 - Saving checkpoint to /mnt/e/AI@UWMELK-local/mobius_case_study/models/model_interCRT100_natural_liouville/lambdasq/1/checkpoint.pth ...
WARNING - 12/01/25 20:48:20 - 3:15:44 - Saving encoder parameters ...
WARNING - 12/01/25 20:48:20 - 3:15:44 - Saving decoder parameters ...
WARNING - 12/01/25 20:48:20 - 3:15:44 - Saving optimizer ...
INFO - 12/01/25 20:48:20 - 3:15:44 - ============ Starting epoch 72 ... ============
INFO - 12/01/25 20:48:46 - 3:16:10 -   75200 -  237.16 equations/s - 95574.33 words/s - ARITHMETIC:  0.0000 - LR: 5.7658e-05
INFO - 12/01/25 20:49:15 - 3:16:39 -   75400 -  328.89 equations/s - 132541.04 words/s - ARITHMETIC:  0.0000 - LR: 5.7582e-05
INFO - 12/01/25 20:49:44 - 3:17:08 -   75600 -  328.83 equations/s - 132519.78 words/s - ARITHMETIC:  0.0000 - LR: 5.7505e-05
INFO - 12/01/25 20:50:14 - 3:17:38 -   75800 -  329.21 equations/s - 132669.94 words/s - ARITHMETIC:  0.0000 - LR: 5.7430e-05
INFO - 12/01/25 20:50:43 - 3:18:07 -   76000 -  329.24 equations/s - 132684.30 words/s - ARITHMETIC:  0.0000 - LR: 5.7354e-05
INFO - 12/01/25 20:50:52 - 3:18:16 - Memory allocated:  172.12MB, reserved: 4088.00MB
INFO - 12/01/25 20:50:52 - 3:18:16 - ============ End of epoch 72 ============
INFO - 12/01/25 20:50:52 - 3:18:16 - Creating valid iterator for arithmetic ...
INFO - 12/01/25 20:50:52 - 3:18:16 - Loading data from /mnt/e/AI@UWMELK-local/mobius_case_study/input/input_dir_interCRT100_natural/lambdasq_interCRT100_natural.txt.test ...
INFO - 12/01/25 20:50:54 - 3:18:17 - Loaded 100000 equations from the disk.
INFO - 12/01/25 20:51:03 - 3:18:27 - 10000/10000 (100.0%) equations were evaluated correctly.
INFO - 12/01/25 20:51:03 - 3:18:27 - 1: 10000 / 10000 (100.00%)
INFO - 12/01/25 20:51:03 - 3:18:27 - Memory allocated:  172.12MB, reserved: 4088.00MB
INFO - 12/01/25 20:51:03 - 3:18:27 - __log__:{"epoch": 72, "valid_arithmetic_xe_loss": 0.0, "valid_arithmetic_acc": 100.0, "valid_arithmetic_perfect": 100.0, "valid_arithmetic_correct": 100.0, "valid_arithmetic_acc_d1": 100.0, "valid_arithmetic_acc_d2": 100.0, "valid_arithmetic_acc_d3": 100.0, "valid_arithmetic_acc_1": 100.0}
INFO - 12/01/25 20:51:03 - 3:18:27 - Saving checkpoint to /mnt/e/AI@UWMELK-local/mobius_case_study/models/model_interCRT100_natural_liouville/lambdasq/1/checkpoint.pth ...
WARNING - 12/01/25 20:51:03 - 3:18:27 - Saving encoder parameters ...
WARNING - 12/01/25 20:51:03 - 3:18:27 - Saving decoder parameters ...
WARNING - 12/01/25 20:51:03 - 3:18:27 - Saving optimizer ...
INFO - 12/01/25 20:51:04 - 3:18:27 - ============ Starting epoch 73 ... ============
INFO - 12/01/25 20:51:23 - 3:18:47 -   76200 -  238.51 equations/s - 96119.21 words/s - ARITHMETIC:  0.0000 - LR: 5.7279e-05
INFO - 12/01/25 20:51:52 - 3:19:16 -   76400 -  328.76 equations/s - 132491.24 words/s - ARITHMETIC:  0.0000 - LR: 5.7204e-05
INFO - 12/01/25 20:52:21 - 3:19:45 -   76600 -  329.64 equations/s - 132844.77 words/s - ARITHMETIC:  0.0000 - LR: 5.7129e-05
INFO - 12/01/25 20:52:51 - 3:20:14 -   76800 -  329.23 equations/s - 132678.12 words/s - ARITHMETIC:  0.0000 - LR: 5.7054e-05
INFO - 12/01/25 20:53:20 - 3:20:44 -   77000 -  329.50 equations/s - 132789.81 words/s - ARITHMETIC:  0.0000 - LR: 5.6980e-05
INFO - 12/01/25 20:53:35 - 3:20:59 - Memory allocated:  172.12MB, reserved: 4088.00MB
INFO - 12/01/25 20:53:35 - 3:20:59 - ============ End of epoch 73 ============
INFO - 12/01/25 20:53:35 - 3:20:59 - Creating valid iterator for arithmetic ...
INFO - 12/01/25 20:53:35 - 3:20:59 - Loading data from /mnt/e/AI@UWMELK-local/mobius_case_study/input/input_dir_interCRT100_natural/lambdasq_interCRT100_natural.txt.test ...
INFO - 12/01/25 20:53:37 - 3:21:00 - Loaded 100000 equations from the disk.
INFO - 12/01/25 20:53:46 - 3:21:10 - 10000/10000 (100.0%) equations were evaluated correctly.
INFO - 12/01/25 20:53:46 - 3:21:10 - 1: 10000 / 10000 (100.00%)
INFO - 12/01/25 20:53:46 - 3:21:10 - Memory allocated:  172.12MB, reserved: 4088.00MB
INFO - 12/01/25 20:53:46 - 3:21:10 - __log__:{"epoch": 73, "valid_arithmetic_xe_loss": 0.0, "valid_arithmetic_acc": 100.0, "valid_arithmetic_perfect": 100.0, "valid_arithmetic_correct": 100.0, "valid_arithmetic_acc_d1": 100.0, "valid_arithmetic_acc_d2": 100.0, "valid_arithmetic_acc_d3": 100.0, "valid_arithmetic_acc_1": 100.0}
INFO - 12/01/25 20:53:46 - 3:21:10 - Saving checkpoint to /mnt/e/AI@UWMELK-local/mobius_case_study/models/model_interCRT100_natural_liouville/lambdasq/1/checkpoint.pth ...
WARNING - 12/01/25 20:53:46 - 3:21:10 - Saving encoder parameters ...
WARNING - 12/01/25 20:53:46 - 3:21:10 - Saving decoder parameters ...
WARNING - 12/01/25 20:53:46 - 3:21:10 - Saving optimizer ...
INFO - 12/01/25 20:53:47 - 3:21:10 - ============ Starting epoch 74 ... ============
INFO - 12/01/25 20:54:00 - 3:21:24 -   77200 -  238.37 equations/s - 96062.69 words/s - ARITHMETIC:  0.0000 - LR: 5.6906e-05
INFO - 12/01/25 20:54:29 - 3:21:53 -   77400 -  329.08 equations/s - 132621.08 words/s - ARITHMETIC:  0.0000 - LR: 5.6833e-05
INFO - 12/01/25 20:54:58 - 3:22:22 -   77600 -  329.36 equations/s - 132730.66 words/s - ARITHMETIC:  0.0000 - LR: 5.6760e-05
INFO - 12/01/25 20:55:27 - 3:22:51 -   77800 -  329.24 equations/s - 132681.82 words/s - ARITHMETIC:  0.0000 - LR: 5.6687e-05
INFO - 12/01/25 20:55:57 - 3:23:20 -   78000 -  329.43 equations/s - 132761.71 words/s - ARITHMETIC:  0.0000 - LR: 5.6614e-05
INFO - 12/01/25 20:56:18 - 3:23:42 - Memory allocated:  172.12MB, reserved: 4088.00MB
INFO - 12/01/25 20:56:18 - 3:23:42 - ============ End of epoch 74 ============
INFO - 12/01/25 20:56:18 - 3:23:42 - Creating valid iterator for arithmetic ...
INFO - 12/01/25 20:56:18 - 3:23:42 - Loading data from /mnt/e/AI@UWMELK-local/mobius_case_study/input/input_dir_interCRT100_natural/lambdasq_interCRT100_natural.txt.test ...
INFO - 12/01/25 20:56:20 - 3:23:44 - Loaded 100000 equations from the disk.
INFO - 12/01/25 20:56:29 - 3:23:53 - 10000/10000 (100.0%) equations were evaluated correctly.
INFO - 12/01/25 20:56:29 - 3:23:53 - 1: 10000 / 10000 (100.00%)
INFO - 12/01/25 20:56:29 - 3:23:53 - Memory allocated:  172.12MB, reserved: 4088.00MB
INFO - 12/01/25 20:56:29 - 3:23:53 - __log__:{"epoch": 74, "valid_arithmetic_xe_loss": 5.364417695830071e-10, "valid_arithmetic_acc": 100.0, "valid_arithmetic_perfect": 100.0, "valid_arithmetic_correct": 100.0, "valid_arithmetic_acc_d1": 100.0, "valid_arithmetic_acc_d2": 100.0, "valid_arithmetic_acc_d3": 100.0, "valid_arithmetic_acc_1": 100.0}
INFO - 12/01/25 20:56:29 - 3:23:53 - Saving checkpoint to /mnt/e/AI@UWMELK-local/mobius_case_study/models/model_interCRT100_natural_liouville/lambdasq/1/checkpoint.pth ...
WARNING - 12/01/25 20:56:29 - 3:23:53 - Saving encoder parameters ...
WARNING - 12/01/25 20:56:29 - 3:23:53 - Saving decoder parameters ...
WARNING - 12/01/25 20:56:29 - 3:23:53 - Saving optimizer ...
INFO - 12/01/25 20:56:30 - 3:23:54 - ============ Starting epoch 75 ... ============
INFO - 12/01/25 20:56:37 - 3:24:01 -   78200 -  236.85 equations/s - 95450.68 words/s - ARITHMETIC:  0.0000 - LR: 5.6541e-05
INFO - 12/01/25 20:57:06 - 3:24:30 -   78400 -  329.40 equations/s - 132747.74 words/s - ARITHMETIC:  0.0000 - LR: 5.6469e-05
INFO - 12/01/25 20:57:35 - 3:24:59 -   78600 -  329.48 equations/s - 132780.91 words/s - ARITHMETIC:  0.0000 - LR: 5.6397e-05
INFO - 12/01/25 20:58:05 - 3:25:28 -   78800 -  329.34 equations/s - 132724.85 words/s - ARITHMETIC:  0.0000 - LR: 5.6326e-05
INFO - 12/01/25 20:58:34 - 3:25:58 -   79000 -  329.39 equations/s - 132745.77 words/s - ARITHMETIC:  0.0000 - LR: 5.6254e-05
INFO - 12/01/25 20:59:02 - 3:26:26 - Memory allocated:  172.12MB, reserved: 4088.00MB
INFO - 12/01/25 20:59:02 - 3:26:26 - ============ End of epoch 75 ============
INFO - 12/01/25 20:59:02 - 3:26:26 - Creating valid iterator for arithmetic ...
INFO - 12/01/25 20:59:02 - 3:26:26 - Loading data from /mnt/e/AI@UWMELK-local/mobius_case_study/input/input_dir_interCRT100_natural/lambdasq_interCRT100_natural.txt.test ...
INFO - 12/01/25 20:59:03 - 3:26:27 - Loaded 100000 equations from the disk.
INFO - 12/01/25 20:59:12 - 3:26:36 - 10000/10000 (100.0%) equations were evaluated correctly.
INFO - 12/01/25 20:59:12 - 3:26:36 - 1: 10000 / 10000 (100.00%)
INFO - 12/01/25 20:59:12 - 3:26:36 - Memory allocated:  172.12MB, reserved: 4088.00MB
INFO - 12/01/25 20:59:12 - 3:26:36 - __log__:{"epoch": 75, "valid_arithmetic_xe_loss": 0.0, "valid_arithmetic_acc": 100.0, "valid_arithmetic_perfect": 100.0, "valid_arithmetic_correct": 100.0, "valid_arithmetic_acc_d1": 100.0, "valid_arithmetic_acc_d2": 100.0, "valid_arithmetic_acc_d3": 100.0, "valid_arithmetic_acc_1": 100.0}
INFO - 12/01/25 20:59:12 - 3:26:36 - Saving checkpoint to /mnt/e/AI@UWMELK-local/mobius_case_study/models/model_interCRT100_natural_liouville/lambdasq/1/checkpoint.pth ...
WARNING - 12/01/25 20:59:12 - 3:26:36 - Saving encoder parameters ...
WARNING - 12/01/25 20:59:12 - 3:26:36 - Saving decoder parameters ...
WARNING - 12/01/25 20:59:12 - 3:26:36 - Saving optimizer ...
INFO - 12/01/25 20:59:13 - 3:26:37 - ============ Starting epoch 76 ... ============
INFO - 12/01/25 20:59:14 - 3:26:38 -   79200 -  237.93 equations/s - 95885.03 words/s - ARITHMETIC:  0.0000 - LR: 5.6183e-05
INFO - 12/01/25 20:59:43 - 3:27:07 -   79400 -  329.44 equations/s - 132763.85 words/s - ARITHMETIC:  0.0000 - LR: 5.6113e-05
INFO - 12/01/25 21:00:12 - 3:27:36 -   79600 -  329.14 equations/s - 132643.81 words/s - ARITHMETIC:  0.0000 - LR: 5.6042e-05
INFO - 12/01/25 21:00:42 - 3:28:05 -   79800 -  329.15 equations/s - 132648.60 words/s - ARITHMETIC:  0.0000 - LR: 5.5972e-05
INFO - 12/01/25 21:01:11 - 3:28:35 -   80000 -  329.77 equations/s - 132898.85 words/s - ARITHMETIC:  0.0000 - LR: 5.5902e-05
INFO - 12/01/25 21:01:40 - 3:29:04 -   80200 -  329.19 equations/s - 132665.18 words/s - ARITHMETIC:  0.0000 - LR: 5.5832e-05
INFO - 12/01/25 21:01:45 - 3:29:09 - Memory allocated:  172.12MB, reserved: 4088.00MB
INFO - 12/01/25 21:01:45 - 3:29:09 - ============ End of epoch 76 ============
INFO - 12/01/25 21:01:45 - 3:29:09 - Creating valid iterator for arithmetic ...
INFO - 12/01/25 21:01:45 - 3:29:09 - Loading data from /mnt/e/AI@UWMELK-local/mobius_case_study/input/input_dir_interCRT100_natural/lambdasq_interCRT100_natural.txt.test ...
INFO - 12/01/25 21:01:46 - 3:29:10 - Loaded 100000 equations from the disk.
INFO - 12/01/25 21:01:55 - 3:29:19 - 10000/10000 (100.0%) equations were evaluated correctly.
INFO - 12/01/25 21:01:55 - 3:29:19 - 1: 10000 / 10000 (100.00%)
INFO - 12/01/25 21:01:55 - 3:29:19 - Memory allocated:  172.12MB, reserved: 4088.00MB
INFO - 12/01/25 21:01:55 - 3:29:19 - __log__:{"epoch": 76, "valid_arithmetic_xe_loss": 0.0, "valid_arithmetic_acc": 100.0, "valid_arithmetic_perfect": 100.0, "valid_arithmetic_correct": 100.0, "valid_arithmetic_acc_d1": 100.0, "valid_arithmetic_acc_d2": 100.0, "valid_arithmetic_acc_d3": 100.0, "valid_arithmetic_acc_1": 100.0}
INFO - 12/01/25 21:01:55 - 3:29:19 - Saving checkpoint to /mnt/e/AI@UWMELK-local/mobius_case_study/models/model_interCRT100_natural_liouville/lambdasq/1/checkpoint.pth ...
WARNING - 12/01/25 21:01:55 - 3:29:19 - Saving encoder parameters ...
WARNING - 12/01/25 21:01:55 - 3:29:19 - Saving decoder parameters ...
WARNING - 12/01/25 21:01:55 - 3:29:19 - Saving optimizer ...
INFO - 12/01/25 21:01:56 - 3:29:20 - ============ Starting epoch 77 ... ============
INFO - 12/01/25 21:02:20 - 3:29:44 -   80400 -  237.96 equations/s - 95897.17 words/s - ARITHMETIC:  0.0000 - LR: 5.5762e-05
INFO - 12/01/25 21:02:49 - 3:30:13 -   80600 -  328.93 equations/s - 132556.78 words/s - ARITHMETIC:  0.0000 - LR: 5.5693e-05
INFO - 12/01/25 21:03:19 - 3:30:42 -   80800 -  328.57 equations/s - 132412.72 words/s - ARITHMETIC:  0.0000 - LR: 5.5624e-05
INFO - 12/01/25 21:03:48 - 3:31:12 -   81000 -  328.79 equations/s - 132501.63 words/s - ARITHMETIC:  0.0000 - LR: 5.5556e-05
INFO - 12/01/25 21:04:17 - 3:31:41 -   81200 -  330.01 equations/s - 132995.30 words/s - ARITHMETIC:  0.0000 - LR: 5.5487e-05
INFO - 12/01/25 21:04:28 - 3:31:52 - Memory allocated:  172.12MB, reserved: 4088.00MB
INFO - 12/01/25 21:04:28 - 3:31:52 - ============ End of epoch 77 ============
INFO - 12/01/25 21:04:28 - 3:31:52 - Creating valid iterator for arithmetic ...
INFO - 12/01/25 21:04:28 - 3:31:52 - Loading data from /mnt/e/AI@UWMELK-local/mobius_case_study/input/input_dir_interCRT100_natural/lambdasq_interCRT100_natural.txt.test ...
INFO - 12/01/25 21:04:29 - 3:31:53 - Loaded 100000 equations from the disk.
INFO - 12/01/25 21:04:39 - 3:32:02 - 10000/10000 (100.0%) equations were evaluated correctly.
INFO - 12/01/25 21:04:39 - 3:32:02 - 1: 10000 / 10000 (100.00%)
INFO - 12/01/25 21:04:39 - 3:32:02 - Memory allocated:  172.12MB, reserved: 4088.00MB
INFO - 12/01/25 21:04:39 - 3:32:02 - __log__:{"epoch": 77, "valid_arithmetic_xe_loss": 0.0, "valid_arithmetic_acc": 100.0, "valid_arithmetic_perfect": 100.0, "valid_arithmetic_correct": 100.0, "valid_arithmetic_acc_d1": 100.0, "valid_arithmetic_acc_d2": 100.0, "valid_arithmetic_acc_d3": 100.0, "valid_arithmetic_acc_1": 100.0}
INFO - 12/01/25 21:04:39 - 3:32:02 - Saving checkpoint to /mnt/e/AI@UWMELK-local/mobius_case_study/models/model_interCRT100_natural_liouville/lambdasq/1/checkpoint.pth ...
WARNING - 12/01/25 21:04:39 - 3:32:02 - Saving encoder parameters ...
WARNING - 12/01/25 21:04:39 - 3:32:02 - Saving decoder parameters ...
WARNING - 12/01/25 21:04:39 - 3:32:02 - Saving optimizer ...
INFO - 12/01/25 21:04:39 - 3:32:03 - ============ Starting epoch 78 ... ============
INFO - 12/01/25 21:04:57 - 3:32:21 -   81400 -  238.37 equations/s - 96062.18 words/s - ARITHMETIC:  0.0000 - LR: 5.5419e-05
INFO - 12/01/25 21:05:26 - 3:32:50 -   81600 -  330.25 equations/s - 133091.75 words/s - ARITHMETIC:  0.0000 - LR: 5.5351e-05
INFO - 12/01/25 21:05:55 - 3:33:19 -   81800 -  329.69 equations/s - 132865.32 words/s - ARITHMETIC:  0.0000 - LR: 5.5283e-05
INFO - 12/01/25 21:06:24 - 3:33:48 -   82000 -  330.10 equations/s - 133029.53 words/s - ARITHMETIC:  0.0000 - LR: 5.5216e-05
INFO - 12/01/25 21:06:53 - 3:34:17 -   82200 -  330.12 equations/s - 133038.73 words/s - ARITHMETIC:  0.0000 - LR: 5.5149e-05
INFO - 12/01/25 21:07:11 - 3:34:35 - Memory allocated:  172.12MB, reserved: 4088.00MB
INFO - 12/01/25 21:07:11 - 3:34:35 - ============ End of epoch 78 ============
INFO - 12/01/25 21:07:11 - 3:34:35 - Creating valid iterator for arithmetic ...
INFO - 12/01/25 21:07:11 - 3:34:35 - Loading data from /mnt/e/AI@UWMELK-local/mobius_case_study/input/input_dir_interCRT100_natural/lambdasq_interCRT100_natural.txt.test ...
INFO - 12/01/25 21:07:12 - 3:34:36 - Loaded 100000 equations from the disk.
INFO - 12/01/25 21:07:21 - 3:34:45 - 10000/10000 (100.0%) equations were evaluated correctly.
INFO - 12/01/25 21:07:21 - 3:34:45 - 1: 10000 / 10000 (100.00%)
INFO - 12/01/25 21:07:21 - 3:34:45 - Memory allocated:  172.12MB, reserved: 4088.00MB
INFO - 12/01/25 21:07:21 - 3:34:45 - __log__:{"epoch": 78, "valid_arithmetic_xe_loss": 0.0, "valid_arithmetic_acc": 100.0, "valid_arithmetic_perfect": 100.0, "valid_arithmetic_correct": 100.0, "valid_arithmetic_acc_d1": 100.0, "valid_arithmetic_acc_d2": 100.0, "valid_arithmetic_acc_d3": 100.0, "valid_arithmetic_acc_1": 100.0}
INFO - 12/01/25 21:07:21 - 3:34:45 - Saving checkpoint to /mnt/e/AI@UWMELK-local/mobius_case_study/models/model_interCRT100_natural_liouville/lambdasq/1/checkpoint.pth ...
WARNING - 12/01/25 21:07:21 - 3:34:45 - Saving encoder parameters ...
WARNING - 12/01/25 21:07:21 - 3:34:45 - Saving decoder parameters ...
WARNING - 12/01/25 21:07:21 - 3:34:45 - Saving optimizer ...
INFO - 12/01/25 21:07:22 - 3:34:46 - ============ Starting epoch 79 ... ============
INFO - 12/01/25 21:07:34 - 3:34:58 -   82400 -  238.05 equations/s - 95934.37 words/s - ARITHMETIC:  0.0000 - LR: 5.5082e-05
INFO - 12/01/25 21:08:03 - 3:35:27 -   82600 -  330.19 equations/s - 133065.85 words/s - ARITHMETIC:  0.0000 - LR: 5.5015e-05
INFO - 12/01/25 21:08:32 - 3:35:56 -   82800 -  329.92 equations/s - 132958.25 words/s - ARITHMETIC:  0.0000 - LR: 5.4948e-05
INFO - 12/01/25 21:09:01 - 3:36:25 -   83000 -  330.13 equations/s - 133044.32 words/s - ARITHMETIC:  0.0000 - LR: 5.4882e-05
INFO - 12/01/25 21:09:30 - 3:36:54 -   83200 -  330.00 equations/s - 132989.30 words/s - ARITHMETIC:  0.0000 - LR: 5.4816e-05
INFO - 12/01/25 21:09:53 - 3:37:17 - Memory allocated:  172.12MB, reserved: 4088.00MB
INFO - 12/01/25 21:09:53 - 3:37:17 - ============ End of epoch 79 ============
INFO - 12/01/25 21:09:53 - 3:37:17 - Creating valid iterator for arithmetic ...
INFO - 12/01/25 21:09:53 - 3:37:17 - Loading data from /mnt/e/AI@UWMELK-local/mobius_case_study/input/input_dir_interCRT100_natural/lambdasq_interCRT100_natural.txt.test ...
INFO - 12/01/25 21:09:55 - 3:37:18 - Loaded 100000 equations from the disk.
INFO - 12/01/25 21:10:04 - 3:37:28 - 10000/10000 (100.0%) equations were evaluated correctly.
INFO - 12/01/25 21:10:04 - 3:37:28 - 1: 10000 / 10000 (100.00%)
INFO - 12/01/25 21:10:04 - 3:37:28 - Memory allocated:  172.12MB, reserved: 4088.00MB
INFO - 12/01/25 21:10:04 - 3:37:28 - __log__:{"epoch": 79, "valid_arithmetic_xe_loss": 0.0, "valid_arithmetic_acc": 100.0, "valid_arithmetic_perfect": 100.0, "valid_arithmetic_correct": 100.0, "valid_arithmetic_acc_d1": 100.0, "valid_arithmetic_acc_d2": 100.0, "valid_arithmetic_acc_d3": 100.0, "valid_arithmetic_acc_1": 100.0}
INFO - 12/01/25 21:10:04 - 3:37:28 - Saving checkpoint to /mnt/e/AI@UWMELK-local/mobius_case_study/models/model_interCRT100_natural_liouville/lambdasq/1/checkpoint.pth ...
WARNING - 12/01/25 21:10:04 - 3:37:28 - Saving encoder parameters ...
WARNING - 12/01/25 21:10:04 - 3:37:28 - Saving decoder parameters ...
WARNING - 12/01/25 21:10:04 - 3:37:28 - Saving optimizer ...
INFO - 12/01/25 21:10:05 - 3:37:28 - ============ Starting epoch 80 ... ============
INFO - 12/01/25 21:10:10 - 3:37:34 -   83400 -  238.77 equations/s - 96226.27 words/s - ARITHMETIC:  0.0000 - LR: 5.4750e-05
INFO - 12/01/25 21:10:39 - 3:38:03 -   83600 -  330.13 equations/s - 133041.65 words/s - ARITHMETIC:  0.0000 - LR: 5.4685e-05
INFO - 12/01/25 21:11:09 - 3:38:32 -   83800 -  329.19 equations/s - 132663.67 words/s - ARITHMETIC:  0.0000 - LR: 5.4620e-05
INFO - 12/01/25 21:11:38 - 3:39:02 -   84000 -  329.92 equations/s - 132959.37 words/s - ARITHMETIC:  0.0000 - LR: 5.4554e-05
INFO - 12/01/25 21:12:07 - 3:39:31 -   84200 -  330.07 equations/s - 133018.92 words/s - ARITHMETIC:  0.0000 - LR: 5.4490e-05
INFO - 12/01/25 21:12:36 - 3:40:00 -   84400 -  329.64 equations/s - 132846.34 words/s - ARITHMETIC:  0.0000 - LR: 5.4425e-05
INFO - 12/01/25 21:12:36 - 3:40:00 - Memory allocated:  172.12MB, reserved: 4088.00MB
INFO - 12/01/25 21:12:36 - 3:40:00 - ============ End of epoch 80 ============
INFO - 12/01/25 21:12:36 - 3:40:00 - Creating valid iterator for arithmetic ...
INFO - 12/01/25 21:12:36 - 3:40:00 - Loading data from /mnt/e/AI@UWMELK-local/mobius_case_study/input/input_dir_interCRT100_natural/lambdasq_interCRT100_natural.txt.test ...
INFO - 12/01/25 21:12:37 - 3:40:01 - Loaded 100000 equations from the disk.
INFO - 12/01/25 21:12:47 - 3:40:11 - 10000/10000 (100.0%) equations were evaluated correctly.
INFO - 12/01/25 21:12:47 - 3:40:11 - 1: 10000 / 10000 (100.00%)
INFO - 12/01/25 21:12:47 - 3:40:11 - Memory allocated:  172.12MB, reserved: 4088.00MB
INFO - 12/01/25 21:12:47 - 3:40:11 - __log__:{"epoch": 80, "valid_arithmetic_xe_loss": 0.0, "valid_arithmetic_acc": 100.0, "valid_arithmetic_perfect": 100.0, "valid_arithmetic_correct": 100.0, "valid_arithmetic_acc_d1": 100.0, "valid_arithmetic_acc_d2": 100.0, "valid_arithmetic_acc_d3": 100.0, "valid_arithmetic_acc_1": 100.0}
INFO - 12/01/25 21:12:47 - 3:40:11 - Saving checkpoint to /mnt/e/AI@UWMELK-local/mobius_case_study/models/model_interCRT100_natural_liouville/lambdasq/1/checkpoint.pth ...
WARNING - 12/01/25 21:12:47 - 3:40:11 - Saving encoder parameters ...
WARNING - 12/01/25 21:12:47 - 3:40:11 - Saving decoder parameters ...
WARNING - 12/01/25 21:12:47 - 3:40:11 - Saving optimizer ...
INFO - 12/01/25 21:12:47 - 3:40:11 - ============ Starting epoch 81 ... ============
INFO - 12/01/25 21:13:16 - 3:40:40 -   84600 -  238.00 equations/s - 95912.77 words/s - ARITHMETIC:  0.0000 - LR: 5.4361e-05
INFO - 12/01/25 21:13:45 - 3:41:09 -   84800 -  328.87 equations/s - 132533.12 words/s - ARITHMETIC:  0.0000 - LR: 5.4297e-05
INFO - 12/01/25 21:14:15 - 3:41:38 -   85000 -  329.08 equations/s - 132620.54 words/s - ARITHMETIC:  0.0000 - LR: 5.4233e-05
INFO - 12/01/25 21:14:44 - 3:42:08 -   85200 -  329.51 equations/s - 132791.82 words/s - ARITHMETIC:  0.0000 - LR: 5.4169e-05
INFO - 12/01/25 21:15:13 - 3:42:37 -   85400 -  328.85 equations/s - 132527.43 words/s - ARITHMETIC:  0.0000 - LR: 5.4105e-05
INFO - 12/01/25 21:15:19 - 3:42:43 - Memory allocated:  172.12MB, reserved: 4088.00MB
INFO - 12/01/25 21:15:19 - 3:42:43 - ============ End of epoch 81 ============
INFO - 12/01/25 21:15:19 - 3:42:43 - Creating valid iterator for arithmetic ...
INFO - 12/01/25 21:15:19 - 3:42:43 - Loading data from /mnt/e/AI@UWMELK-local/mobius_case_study/input/input_dir_interCRT100_natural/lambdasq_interCRT100_natural.txt.test ...
INFO - 12/01/25 21:15:20 - 3:42:44 - Loaded 100000 equations from the disk.
INFO - 12/01/25 21:15:30 - 3:42:54 - 10000/10000 (100.0%) equations were evaluated correctly.
INFO - 12/01/25 21:15:30 - 3:42:54 - 1: 10000 / 10000 (100.00%)
INFO - 12/01/25 21:15:30 - 3:42:54 - Memory allocated:  172.12MB, reserved: 4088.00MB
INFO - 12/01/25 21:15:30 - 3:42:54 - __log__:{"epoch": 81, "valid_arithmetic_xe_loss": 0.0, "valid_arithmetic_acc": 100.0, "valid_arithmetic_perfect": 100.0, "valid_arithmetic_correct": 100.0, "valid_arithmetic_acc_d1": 100.0, "valid_arithmetic_acc_d2": 100.0, "valid_arithmetic_acc_d3": 100.0, "valid_arithmetic_acc_1": 100.0}
INFO - 12/01/25 21:15:30 - 3:42:54 - Saving checkpoint to /mnt/e/AI@UWMELK-local/mobius_case_study/models/model_interCRT100_natural_liouville/lambdasq/1/checkpoint.pth ...
WARNING - 12/01/25 21:15:30 - 3:42:54 - Saving encoder parameters ...
WARNING - 12/01/25 21:15:30 - 3:42:54 - Saving decoder parameters ...
WARNING - 12/01/25 21:15:30 - 3:42:54 - Saving optimizer ...
INFO - 12/01/25 21:15:30 - 3:42:54 - ============ Starting epoch 82 ... ============
INFO - 12/01/25 21:15:53 - 3:43:17 -   85600 -  238.36 equations/s - 96059.74 words/s - ARITHMETIC:  0.0000 - LR: 5.4042e-05
INFO - 12/01/25 21:16:22 - 3:43:46 -   85800 -  329.45 equations/s - 132769.60 words/s - ARITHMETIC:  0.0000 - LR: 5.3979e-05
INFO - 12/01/25 21:16:51 - 3:44:15 -   86000 -  329.25 equations/s - 132686.08 words/s - ARITHMETIC:  0.0000 - LR: 5.3916e-05
INFO - 12/01/25 21:17:21 - 3:44:45 -   86200 -  329.36 equations/s - 132733.22 words/s - ARITHMETIC:  0.0000 - LR: 5.3854e-05
INFO - 12/01/25 21:17:50 - 3:45:14 -   86400 -  329.29 equations/s - 132703.13 words/s - ARITHMETIC:  0.0000 - LR: 5.3791e-05
INFO - 12/01/25 21:18:02 - 3:45:26 - Memory allocated:  172.12MB, reserved: 4088.00MB
INFO - 12/01/25 21:18:02 - 3:45:26 - ============ End of epoch 82 ============
INFO - 12/01/25 21:18:02 - 3:45:26 - Creating valid iterator for arithmetic ...
INFO - 12/01/25 21:18:02 - 3:45:26 - Loading data from /mnt/e/AI@UWMELK-local/mobius_case_study/input/input_dir_interCRT100_natural/lambdasq_interCRT100_natural.txt.test ...
INFO - 12/01/25 21:18:03 - 3:45:27 - Loaded 100000 equations from the disk.
INFO - 12/01/25 21:18:13 - 3:45:37 - 10000/10000 (100.0%) equations were evaluated correctly.
INFO - 12/01/25 21:18:13 - 3:45:37 - 1: 10000 / 10000 (100.00%)
INFO - 12/01/25 21:18:13 - 3:45:37 - Memory allocated:  172.12MB, reserved: 4088.00MB
INFO - 12/01/25 21:18:13 - 3:45:37 - __log__:{"epoch": 82, "valid_arithmetic_xe_loss": 0.0, "valid_arithmetic_acc": 100.0, "valid_arithmetic_perfect": 100.0, "valid_arithmetic_correct": 100.0, "valid_arithmetic_acc_d1": 100.0, "valid_arithmetic_acc_d2": 100.0, "valid_arithmetic_acc_d3": 100.0, "valid_arithmetic_acc_1": 100.0}
INFO - 12/01/25 21:18:13 - 3:45:37 - Saving checkpoint to /mnt/e/AI@UWMELK-local/mobius_case_study/models/model_interCRT100_natural_liouville/lambdasq/1/checkpoint.pth ...
WARNING - 12/01/25 21:18:13 - 3:45:37 - Saving encoder parameters ...
WARNING - 12/01/25 21:18:13 - 3:45:37 - Saving decoder parameters ...
WARNING - 12/01/25 21:18:13 - 3:45:37 - Saving optimizer ...
INFO - 12/01/25 21:18:13 - 3:45:37 - ============ Starting epoch 83 ... ============
INFO - 12/01/25 21:18:30 - 3:45:54 -   86600 -  238.64 equations/s - 96173.17 words/s - ARITHMETIC:  0.0000 - LR: 5.3729e-05
INFO - 12/01/25 21:18:59 - 3:46:23 -   86800 -  329.55 equations/s - 132808.26 words/s - ARITHMETIC:  0.0000 - LR: 5.3667e-05
INFO - 12/01/25 21:19:28 - 3:46:52 -   87000 -  328.78 equations/s - 132498.59 words/s - ARITHMETIC:  0.0000 - LR: 5.3606e-05
INFO - 12/01/25 21:19:58 - 3:47:21 -   87200 -  328.58 equations/s - 132418.53 words/s - ARITHMETIC:  0.0000 - LR: 5.3544e-05
INFO - 12/01/25 21:20:27 - 3:47:51 -   87400 -  329.29 equations/s - 132702.30 words/s - ARITHMETIC:  0.0000 - LR: 5.3483e-05
INFO - 12/01/25 21:20:45 - 3:48:09 - Memory allocated:  172.12MB, reserved: 4088.00MB
INFO - 12/01/25 21:20:45 - 3:48:09 - ============ End of epoch 83 ============
INFO - 12/01/25 21:20:45 - 3:48:09 - Creating valid iterator for arithmetic ...
INFO - 12/01/25 21:20:45 - 3:48:09 - Loading data from /mnt/e/AI@UWMELK-local/mobius_case_study/input/input_dir_interCRT100_natural/lambdasq_interCRT100_natural.txt.test ...
INFO - 12/01/25 21:20:47 - 3:48:11 - Loaded 100000 equations from the disk.
INFO - 12/01/25 21:20:56 - 3:48:20 - 10000/10000 (100.0%) equations were evaluated correctly.
INFO - 12/01/25 21:20:56 - 3:48:20 - 1: 10000 / 10000 (100.00%)
INFO - 12/01/25 21:20:56 - 3:48:20 - Memory allocated:  172.12MB, reserved: 4088.00MB
INFO - 12/01/25 21:20:56 - 3:48:20 - __log__:{"epoch": 83, "valid_arithmetic_xe_loss": 0.0, "valid_arithmetic_acc": 100.0, "valid_arithmetic_perfect": 100.0, "valid_arithmetic_correct": 100.0, "valid_arithmetic_acc_d1": 100.0, "valid_arithmetic_acc_d2": 100.0, "valid_arithmetic_acc_d3": 100.0, "valid_arithmetic_acc_1": 100.0}
INFO - 12/01/25 21:20:56 - 3:48:20 - Saving checkpoint to /mnt/e/AI@UWMELK-local/mobius_case_study/models/model_interCRT100_natural_liouville/lambdasq/1/checkpoint.pth ...
WARNING - 12/01/25 21:20:56 - 3:48:20 - Saving encoder parameters ...
WARNING - 12/01/25 21:20:56 - 3:48:20 - Saving decoder parameters ...
WARNING - 12/01/25 21:20:56 - 3:48:20 - Saving optimizer ...
INFO - 12/01/25 21:20:57 - 3:48:21 - ============ Starting epoch 84 ... ============
INFO - 12/01/25 21:21:07 - 3:48:31 -   87600 -  237.12 equations/s - 95559.28 words/s - ARITHMETIC:  0.0000 - LR: 5.3422e-05
INFO - 12/01/25 21:21:36 - 3:49:00 -   87800 -  328.49 equations/s - 132379.99 words/s - ARITHMETIC:  0.0000 - LR: 5.3361e-05
INFO - 12/01/25 21:22:06 - 3:49:29 -   88000 -  329.20 equations/s - 132669.43 words/s - ARITHMETIC:  0.0000 - LR: 5.3300e-05
INFO - 12/01/25 21:22:35 - 3:49:59 -   88200 -  329.67 equations/s - 132858.66 words/s - ARITHMETIC:  0.0000 - LR: 5.3240e-05
INFO - 12/01/25 21:23:04 - 3:50:28 -   88400 -  329.63 equations/s - 132841.34 words/s - ARITHMETIC:  0.0000 - LR: 5.3179e-05
INFO - 12/01/25 21:23:29 - 3:50:53 - Memory allocated:  172.12MB, reserved: 4088.00MB
INFO - 12/01/25 21:23:29 - 3:50:53 - ============ End of epoch 84 ============
INFO - 12/01/25 21:23:29 - 3:50:53 - Creating valid iterator for arithmetic ...
INFO - 12/01/25 21:23:29 - 3:50:53 - Loading data from /mnt/e/AI@UWMELK-local/mobius_case_study/input/input_dir_interCRT100_natural/lambdasq_interCRT100_natural.txt.test ...
INFO - 12/01/25 21:23:30 - 3:50:54 - Loaded 100000 equations from the disk.
INFO - 12/01/25 21:23:39 - 3:51:03 - 10000/10000 (100.0%) equations were evaluated correctly.
INFO - 12/01/25 21:23:39 - 3:51:03 - 1: 10000 / 10000 (100.00%)
INFO - 12/01/25 21:23:39 - 3:51:03 - Memory allocated:  172.12MB, reserved: 4088.00MB
INFO - 12/01/25 21:23:39 - 3:51:03 - __log__:{"epoch": 84, "valid_arithmetic_xe_loss": 0.0, "valid_arithmetic_acc": 100.0, "valid_arithmetic_perfect": 100.0, "valid_arithmetic_correct": 100.0, "valid_arithmetic_acc_d1": 100.0, "valid_arithmetic_acc_d2": 100.0, "valid_arithmetic_acc_d3": 100.0, "valid_arithmetic_acc_1": 100.0}
INFO - 12/01/25 21:23:39 - 3:51:03 - Saving checkpoint to /mnt/e/AI@UWMELK-local/mobius_case_study/models/model_interCRT100_natural_liouville/lambdasq/1/checkpoint.pth ...
WARNING - 12/01/25 21:23:39 - 3:51:03 - Saving encoder parameters ...
WARNING - 12/01/25 21:23:39 - 3:51:03 - Saving decoder parameters ...
WARNING - 12/01/25 21:23:39 - 3:51:03 - Saving optimizer ...
INFO - 12/01/25 21:23:40 - 3:51:04 - ============ Starting epoch 85 ... ============
INFO - 12/01/25 21:23:44 - 3:51:08 -   88600 -  237.94 equations/s - 95891.69 words/s - ARITHMETIC:  0.0000 - LR: 5.3119e-05
INFO - 12/01/25 21:24:13 - 3:51:37 -   88800 -  328.82 equations/s - 132515.79 words/s - ARITHMETIC:  0.0000 - LR: 5.3060e-05
INFO - 12/01/25 21:24:43 - 3:52:06 -   89000 -  328.96 equations/s - 132570.67 words/s - ARITHMETIC:  0.0000 - LR: 5.3000e-05
INFO - 12/01/25 21:25:12 - 3:52:36 -   89200 -  328.73 equations/s - 132479.94 words/s - ARITHMETIC:  0.0000 - LR: 5.2940e-05
INFO - 12/01/25 21:25:41 - 3:53:05 -   89400 -  329.59 equations/s - 132823.94 words/s - ARITHMETIC:  0.0000 - LR: 5.2881e-05
INFO - 12/01/25 21:26:10 - 3:53:34 -   89600 -  329.01 equations/s - 132592.26 words/s - ARITHMETIC:  0.0000 - LR: 5.2822e-05
INFO - 12/01/25 21:26:12 - 3:53:36 - Memory allocated:  172.12MB, reserved: 4088.00MB
INFO - 12/01/25 21:26:12 - 3:53:36 - ============ End of epoch 85 ============
INFO - 12/01/25 21:26:12 - 3:53:36 - Creating valid iterator for arithmetic ...
INFO - 12/01/25 21:26:12 - 3:53:36 - Loading data from /mnt/e/AI@UWMELK-local/mobius_case_study/input/input_dir_interCRT100_natural/lambdasq_interCRT100_natural.txt.test ...
INFO - 12/01/25 21:26:13 - 3:53:37 - Loaded 100000 equations from the disk.
INFO - 12/01/25 21:26:22 - 3:53:46 - 10000/10000 (100.0%) equations were evaluated correctly.
INFO - 12/01/25 21:26:22 - 3:53:46 - 1: 10000 / 10000 (100.00%)
INFO - 12/01/25 21:26:22 - 3:53:46 - Memory allocated:  172.12MB, reserved: 4088.00MB
INFO - 12/01/25 21:26:22 - 3:53:46 - __log__:{"epoch": 85, "valid_arithmetic_xe_loss": 0.0, "valid_arithmetic_acc": 100.0, "valid_arithmetic_perfect": 100.0, "valid_arithmetic_correct": 100.0, "valid_arithmetic_acc_d1": 100.0, "valid_arithmetic_acc_d2": 100.0, "valid_arithmetic_acc_d3": 100.0, "valid_arithmetic_acc_1": 100.0}
INFO - 12/01/25 21:26:22 - 3:53:46 - Saving checkpoint to /mnt/e/AI@UWMELK-local/mobius_case_study/models/model_interCRT100_natural_liouville/lambdasq/1/checkpoint.pth ...
WARNING - 12/01/25 21:26:22 - 3:53:46 - Saving encoder parameters ...
WARNING - 12/01/25 21:26:22 - 3:53:46 - Saving decoder parameters ...
WARNING - 12/01/25 21:26:22 - 3:53:46 - Saving optimizer ...
INFO - 12/01/25 21:26:23 - 3:53:47 - ============ Starting epoch 86 ... ============
INFO - 12/01/25 21:26:50 - 3:54:14 -   89800 -  238.50 equations/s - 96114.55 words/s - ARITHMETIC:  0.0000 - LR: 5.2763e-05
INFO - 12/01/25 21:27:19 - 3:54:43 -   90000 -  329.34 equations/s - 132724.49 words/s - ARITHMETIC:  0.0000 - LR: 5.2705e-05
INFO - 12/01/25 21:27:49 - 3:55:13 -   90200 -  329.31 equations/s - 132713.05 words/s - ARITHMETIC:  0.0000 - LR: 5.2646e-05
INFO - 12/01/25 21:28:18 - 3:55:42 -   90400 -  329.79 equations/s - 132906.27 words/s - ARITHMETIC:  0.0000 - LR: 5.2588e-05
INFO - 12/01/25 21:28:47 - 3:56:11 -   90600 -  329.18 equations/s - 132659.80 words/s - ARITHMETIC:  0.0000 - LR: 5.2530e-05
INFO - 12/01/25 21:28:55 - 3:56:19 - Memory allocated:  172.12MB, reserved: 4088.00MB
INFO - 12/01/25 21:28:55 - 3:56:19 - ============ End of epoch 86 ============
INFO - 12/01/25 21:28:55 - 3:56:19 - Creating valid iterator for arithmetic ...
INFO - 12/01/25 21:28:55 - 3:56:19 - Loading data from /mnt/e/AI@UWMELK-local/mobius_case_study/input/input_dir_interCRT100_natural/lambdasq_interCRT100_natural.txt.test ...
INFO - 12/01/25 21:28:56 - 3:56:20 - Loaded 100000 equations from the disk.
INFO - 12/01/25 21:29:05 - 3:56:29 - 10000/10000 (100.0%) equations were evaluated correctly.
INFO - 12/01/25 21:29:05 - 3:56:29 - 1: 10000 / 10000 (100.00%)
INFO - 12/01/25 21:29:05 - 3:56:29 - Memory allocated:  172.12MB, reserved: 4088.00MB
INFO - 12/01/25 21:29:05 - 3:56:29 - __log__:{"epoch": 86, "valid_arithmetic_xe_loss": 1.5306471260601028e-08, "valid_arithmetic_acc": 100.0, "valid_arithmetic_perfect": 100.0, "valid_arithmetic_correct": 100.0, "valid_arithmetic_acc_d1": 100.0, "valid_arithmetic_acc_d2": 100.0, "valid_arithmetic_acc_d3": 100.0, "valid_arithmetic_acc_1": 100.0}
INFO - 12/01/25 21:29:06 - 3:56:29 - Saving checkpoint to /mnt/e/AI@UWMELK-local/mobius_case_study/models/model_interCRT100_natural_liouville/lambdasq/1/checkpoint.pth ...
WARNING - 12/01/25 21:29:06 - 3:56:29 - Saving encoder parameters ...
WARNING - 12/01/25 21:29:06 - 3:56:29 - Saving decoder parameters ...
WARNING - 12/01/25 21:29:06 - 3:56:29 - Saving optimizer ...
INFO - 12/01/25 21:29:06 - 3:56:30 - ============ Starting epoch 87 ... ============
INFO - 12/01/25 21:29:28 - 3:56:52 -   90800 -  235.31 equations/s - 94828.12 words/s - ARITHMETIC:  0.0000 - LR: 5.2472e-05
INFO - 12/01/25 21:29:57 - 3:57:21 -   91000 -  329.27 equations/s - 132694.99 words/s - ARITHMETIC:  0.0000 - LR: 5.2414e-05
INFO - 12/01/25 21:30:26 - 3:57:50 -   91200 -  329.39 equations/s - 132743.90 words/s - ARITHMETIC:  0.0000 - LR: 5.2357e-05
INFO - 12/01/25 21:30:55 - 3:58:19 -   91400 -  329.48 equations/s - 132782.34 words/s - ARITHMETIC:  0.0000 - LR: 5.2299e-05
INFO - 12/01/25 21:31:24 - 3:58:48 -   91600 -  328.42 equations/s - 132355.09 words/s - ARITHMETIC:  0.0000 - LR: 5.2242e-05
INFO - 12/01/25 21:31:38 - 3:59:02 - Memory allocated:  172.12MB, reserved: 4088.00MB
INFO - 12/01/25 21:31:38 - 3:59:02 - ============ End of epoch 87 ============
INFO - 12/01/25 21:31:38 - 3:59:02 - Creating valid iterator for arithmetic ...
INFO - 12/01/25 21:31:38 - 3:59:02 - Loading data from /mnt/e/AI@UWMELK-local/mobius_case_study/input/input_dir_interCRT100_natural/lambdasq_interCRT100_natural.txt.test ...
INFO - 12/01/25 21:31:39 - 3:59:03 - Loaded 100000 equations from the disk.
INFO - 12/01/25 21:31:49 - 3:59:13 - 10000/10000 (100.0%) equations were evaluated correctly.
INFO - 12/01/25 21:31:49 - 3:59:13 - 1: 10000 / 10000 (100.00%)
INFO - 12/01/25 21:31:49 - 3:59:13 - Memory allocated:  172.12MB, reserved: 4088.00MB
INFO - 12/01/25 21:31:49 - 3:59:13 - __log__:{"epoch": 87, "valid_arithmetic_xe_loss": 0.0, "valid_arithmetic_acc": 100.0, "valid_arithmetic_perfect": 100.0, "valid_arithmetic_correct": 100.0, "valid_arithmetic_acc_d1": 100.0, "valid_arithmetic_acc_d2": 100.0, "valid_arithmetic_acc_d3": 100.0, "valid_arithmetic_acc_1": 100.0}
INFO - 12/01/25 21:31:49 - 3:59:13 - Saving checkpoint to /mnt/e/AI@UWMELK-local/mobius_case_study/models/model_interCRT100_natural_liouville/lambdasq/1/checkpoint.pth ...
WARNING - 12/01/25 21:31:49 - 3:59:13 - Saving encoder parameters ...
WARNING - 12/01/25 21:31:49 - 3:59:13 - Saving decoder parameters ...
WARNING - 12/01/25 21:31:49 - 3:59:13 - Saving optimizer ...
INFO - 12/01/25 21:31:50 - 3:59:13 - ============ Starting epoch 88 ... ============
INFO - 12/01/25 21:32:05 - 3:59:29 -   91800 -  237.67 equations/s - 95782.20 words/s - ARITHMETIC:  0.0000 - LR: 5.2185e-05
INFO - 12/01/25 21:32:34 - 3:59:58 -   92000 -  328.92 equations/s - 132554.86 words/s - ARITHMETIC:  0.0000 - LR: 5.2129e-05
INFO - 12/01/25 21:33:03 - 4:00:27 -   92200 -  328.54 equations/s - 132400.35 words/s - ARITHMETIC:  0.0000 - LR: 5.2072e-05
INFO - 12/01/25 21:33:32 - 4:00:56 -   92400 -  327.64 equations/s - 132040.51 words/s - ARITHMETIC:  0.0000 - LR: 5.2016e-05
INFO - 12/01/25 21:34:02 - 4:01:26 -   92600 -  329.16 equations/s - 132653.09 words/s - ARITHMETIC:  0.0000 - LR: 5.1959e-05
INFO - 12/01/25 21:34:22 - 4:01:46 - Memory allocated:  172.12MB, reserved: 4088.00MB
INFO - 12/01/25 21:34:22 - 4:01:46 - ============ End of epoch 88 ============
INFO - 12/01/25 21:34:22 - 4:01:46 - Creating valid iterator for arithmetic ...
INFO - 12/01/25 21:34:22 - 4:01:46 - Loading data from /mnt/e/AI@UWMELK-local/mobius_case_study/input/input_dir_interCRT100_natural/lambdasq_interCRT100_natural.txt.test ...
INFO - 12/01/25 21:34:23 - 4:01:47 - Loaded 100000 equations from the disk.
INFO - 12/01/25 21:34:32 - 4:01:56 - 10000/10000 (100.0%) equations were evaluated correctly.
INFO - 12/01/25 21:34:32 - 4:01:56 - 1: 10000 / 10000 (100.00%)
INFO - 12/01/25 21:34:32 - 4:01:56 - Memory allocated:  172.12MB, reserved: 4088.00MB
INFO - 12/01/25 21:34:32 - 4:01:56 - __log__:{"epoch": 88, "valid_arithmetic_xe_loss": 0.0, "valid_arithmetic_acc": 100.0, "valid_arithmetic_perfect": 100.0, "valid_arithmetic_correct": 100.0, "valid_arithmetic_acc_d1": 100.0, "valid_arithmetic_acc_d2": 100.0, "valid_arithmetic_acc_d3": 100.0, "valid_arithmetic_acc_1": 100.0}
INFO - 12/01/25 21:34:32 - 4:01:56 - Saving checkpoint to /mnt/e/AI@UWMELK-local/mobius_case_study/models/model_interCRT100_natural_liouville/lambdasq/1/checkpoint.pth ...
WARNING - 12/01/25 21:34:32 - 4:01:56 - Saving encoder parameters ...
WARNING - 12/01/25 21:34:32 - 4:01:56 - Saving decoder parameters ...
WARNING - 12/01/25 21:34:32 - 4:01:56 - Saving optimizer ...
INFO - 12/01/25 21:34:33 - 4:01:57 - ============ Starting epoch 89 ... ============
INFO - 12/01/25 21:34:42 - 4:02:06 -   92800 -  238.53 equations/s - 96128.17 words/s - ARITHMETIC:  0.0000 - LR: 5.1903e-05
INFO - 12/01/25 21:35:11 - 4:02:35 -   93000 -  328.97 equations/s - 132574.83 words/s - ARITHMETIC:  0.0000 - LR: 5.1848e-05
INFO - 12/01/25 21:35:40 - 4:03:04 -   93200 -  328.99 equations/s - 132584.14 words/s - ARITHMETIC:  0.0000 - LR: 5.1792e-05
INFO - 12/01/25 21:36:09 - 4:03:33 -   93400 -  329.10 equations/s - 132626.39 words/s - ARITHMETIC:  0.0000 - LR: 5.1736e-05
INFO - 12/01/25 21:36:39 - 4:04:02 -   93600 -  328.82 equations/s - 132515.37 words/s - ARITHMETIC:  0.0000 - LR: 5.1681e-05
INFO - 12/01/25 21:37:05 - 4:04:29 - Memory allocated:  172.12MB, reserved: 4088.00MB
INFO - 12/01/25 21:37:05 - 4:04:29 - ============ End of epoch 89 ============
INFO - 12/01/25 21:37:05 - 4:04:29 - Creating valid iterator for arithmetic ...
INFO - 12/01/25 21:37:05 - 4:04:29 - Loading data from /mnt/e/AI@UWMELK-local/mobius_case_study/input/input_dir_interCRT100_natural/lambdasq_interCRT100_natural.txt.test ...
INFO - 12/01/25 21:37:06 - 4:04:30 - Loaded 100000 equations from the disk.
INFO - 12/01/25 21:37:16 - 4:04:40 - 10000/10000 (100.0%) equations were evaluated correctly.
INFO - 12/01/25 21:37:16 - 4:04:40 - 1: 10000 / 10000 (100.00%)
INFO - 12/01/25 21:37:16 - 4:04:40 - Memory allocated:  172.12MB, reserved: 4088.00MB
INFO - 12/01/25 21:37:16 - 4:04:40 - __log__:{"epoch": 89, "valid_arithmetic_xe_loss": 0.0, "valid_arithmetic_acc": 100.0, "valid_arithmetic_perfect": 100.0, "valid_arithmetic_correct": 100.0, "valid_arithmetic_acc_d1": 100.0, "valid_arithmetic_acc_d2": 100.0, "valid_arithmetic_acc_d3": 100.0, "valid_arithmetic_acc_1": 100.0}
INFO - 12/01/25 21:37:16 - 4:04:40 - Saving checkpoint to /mnt/e/AI@UWMELK-local/mobius_case_study/models/model_interCRT100_natural_liouville/lambdasq/1/checkpoint.pth ...
WARNING - 12/01/25 21:37:16 - 4:04:40 - Saving encoder parameters ...
WARNING - 12/01/25 21:37:16 - 4:04:40 - Saving decoder parameters ...
WARNING - 12/01/25 21:37:16 - 4:04:40 - Saving optimizer ...
INFO - 12/01/25 21:37:16 - 4:04:40 - ============ Starting epoch 90 ... ============
INFO - 12/01/25 21:37:19 - 4:04:43 -   93800 -  236.91 equations/s - 95473.99 words/s - ARITHMETIC:  0.0000 - LR: 5.1626e-05
INFO - 12/01/25 21:37:48 - 4:05:12 -   94000 -  329.03 equations/s - 132600.78 words/s - ARITHMETIC:  0.0000 - LR: 5.1571e-05
INFO - 12/01/25 21:38:17 - 4:05:41 -   94200 -  329.11 equations/s - 132630.17 words/s - ARITHMETIC:  0.0000 - LR: 5.1516e-05
INFO - 12/01/25 21:38:47 - 4:06:11 -   94400 -  328.89 equations/s - 132541.13 words/s - ARITHMETIC:  0.0000 - LR: 5.1462e-05
INFO - 12/01/25 21:39:16 - 4:06:40 -   94600 -  329.21 equations/s - 132671.45 words/s - ARITHMETIC:  0.0000 - LR: 5.1407e-05
INFO - 12/01/25 21:39:45 - 4:07:09 -   94800 -  329.29 equations/s - 132702.35 words/s - ARITHMETIC:  0.0000 - LR: 5.1353e-05
INFO - 12/01/25 21:39:48 - 4:07:12 - Memory allocated:  172.12MB, reserved: 4088.00MB
INFO - 12/01/25 21:39:48 - 4:07:12 - ============ End of epoch 90 ============
INFO - 12/01/25 21:39:48 - 4:07:12 - Creating valid iterator for arithmetic ...
INFO - 12/01/25 21:39:48 - 4:07:12 - Loading data from /mnt/e/AI@UWMELK-local/mobius_case_study/input/input_dir_interCRT100_natural/lambdasq_interCRT100_natural.txt.test ...
INFO - 12/01/25 21:39:49 - 4:07:13 - Loaded 100000 equations from the disk.
INFO - 12/01/25 21:39:59 - 4:07:23 - 10000/10000 (100.0%) equations were evaluated correctly.
INFO - 12/01/25 21:39:59 - 4:07:23 - 1: 10000 / 10000 (100.00%)
INFO - 12/01/25 21:39:59 - 4:07:23 - Memory allocated:  172.12MB, reserved: 4088.00MB
INFO - 12/01/25 21:39:59 - 4:07:23 - __log__:{"epoch": 90, "valid_arithmetic_xe_loss": 9.536742595628312e-11, "valid_arithmetic_acc": 100.0, "valid_arithmetic_perfect": 100.0, "valid_arithmetic_correct": 100.0, "valid_arithmetic_acc_d1": 100.0, "valid_arithmetic_acc_d2": 100.0, "valid_arithmetic_acc_d3": 100.0, "valid_arithmetic_acc_1": 100.0}
INFO - 12/01/25 21:39:59 - 4:07:23 - Saving checkpoint to /mnt/e/AI@UWMELK-local/mobius_case_study/models/model_interCRT100_natural_liouville/lambdasq/1/checkpoint.pth ...
WARNING - 12/01/25 21:39:59 - 4:07:23 - Saving encoder parameters ...
WARNING - 12/01/25 21:39:59 - 4:07:23 - Saving decoder parameters ...
WARNING - 12/01/25 21:39:59 - 4:07:23 - Saving optimizer ...
INFO - 12/01/25 21:39:59 - 4:07:23 - ============ Starting epoch 91 ... ============
INFO - 12/01/25 21:40:25 - 4:07:49 -   95000 -  238.52 equations/s - 96123.72 words/s - ARITHMETIC:  0.0000 - LR: 5.1299e-05
INFO - 12/01/25 21:40:54 - 4:08:18 -   95200 -  329.05 equations/s - 132605.33 words/s - ARITHMETIC:  0.0000 - LR: 5.1245e-05
INFO - 12/01/25 21:41:23 - 4:08:47 -   95400 -  329.48 equations/s - 132782.16 words/s - ARITHMETIC:  0.0000 - LR: 5.1191e-05
INFO - 12/01/25 21:41:53 - 4:09:17 -   95600 -  329.47 equations/s - 132777.84 words/s - ARITHMETIC:  0.0000 - LR: 5.1138e-05
INFO - 12/01/25 21:42:22 - 4:09:46 -   95800 -  328.59 equations/s - 132422.02 words/s - ARITHMETIC:  0.0000 - LR: 5.1084e-05
INFO - 12/01/25 21:42:31 - 4:09:55 - Memory allocated:  172.12MB, reserved: 4088.00MB
INFO - 12/01/25 21:42:31 - 4:09:55 - ============ End of epoch 91 ============
INFO - 12/01/25 21:42:31 - 4:09:55 - Creating valid iterator for arithmetic ...
INFO - 12/01/25 21:42:31 - 4:09:55 - Loading data from /mnt/e/AI@UWMELK-local/mobius_case_study/input/input_dir_interCRT100_natural/lambdasq_interCRT100_natural.txt.test ...
INFO - 12/01/25 21:42:32 - 4:09:56 - Loaded 100000 equations from the disk.
INFO - 12/01/25 21:42:42 - 4:10:06 - 10000/10000 (100.0%) equations were evaluated correctly.
INFO - 12/01/25 21:42:42 - 4:10:06 - 1: 10000 / 10000 (100.00%)
INFO - 12/01/25 21:42:42 - 4:10:06 - Memory allocated:  172.12MB, reserved: 4088.00MB
INFO - 12/01/25 21:42:42 - 4:10:06 - __log__:{"epoch": 91, "valid_arithmetic_xe_loss": 1.1861323167039473e-08, "valid_arithmetic_acc": 100.0, "valid_arithmetic_perfect": 100.0, "valid_arithmetic_correct": 100.0, "valid_arithmetic_acc_d1": 100.0, "valid_arithmetic_acc_d2": 100.0, "valid_arithmetic_acc_d3": 100.0, "valid_arithmetic_acc_1": 100.0}
INFO - 12/01/25 21:42:42 - 4:10:06 - Saving checkpoint to /mnt/e/AI@UWMELK-local/mobius_case_study/models/model_interCRT100_natural_liouville/lambdasq/1/checkpoint.pth ...
WARNING - 12/01/25 21:42:42 - 4:10:06 - Saving encoder parameters ...
WARNING - 12/01/25 21:42:42 - 4:10:06 - Saving decoder parameters ...
WARNING - 12/01/25 21:42:42 - 4:10:06 - Saving optimizer ...
INFO - 12/01/25 21:42:43 - 4:10:06 - ============ Starting epoch 92 ... ============
INFO - 12/01/25 21:43:02 - 4:10:26 -   96000 -  237.10 equations/s - 95549.56 words/s - ARITHMETIC:  0.0000 - LR: 5.1031e-05
INFO - 12/01/25 21:43:31 - 4:10:55 -   96200 -  329.69 equations/s - 132864.77 words/s - ARITHMETIC:  0.0000 - LR: 5.0978e-05
INFO - 12/01/25 21:44:01 - 4:11:24 -   96400 -  329.79 equations/s - 132904.67 words/s - ARITHMETIC:  0.0000 - LR: 5.0925e-05
INFO - 12/01/25 21:44:30 - 4:11:54 -   96600 -  329.29 equations/s - 132704.66 words/s - ARITHMETIC:  0.0000 - LR: 5.0872e-05
INFO - 12/01/25 21:44:59 - 4:12:23 -   96800 -  329.74 equations/s - 132884.80 words/s - ARITHMETIC:  0.0000 - LR: 5.0820e-05
INFO - 12/01/25 21:45:14 - 4:12:38 - Memory allocated:  172.12MB, reserved: 4088.00MB
INFO - 12/01/25 21:45:14 - 4:12:38 - ============ End of epoch 92 ============
INFO - 12/01/25 21:45:14 - 4:12:38 - Creating valid iterator for arithmetic ...
INFO - 12/01/25 21:45:14 - 4:12:38 - Loading data from /mnt/e/AI@UWMELK-local/mobius_case_study/input/input_dir_interCRT100_natural/lambdasq_interCRT100_natural.txt.test ...
INFO - 12/01/25 21:45:15 - 4:12:39 - Loaded 100000 equations from the disk.
INFO - 12/01/25 21:45:25 - 4:12:49 - 10000/10000 (100.0%) equations were evaluated correctly.
INFO - 12/01/25 21:45:25 - 4:12:49 - 1: 10000 / 10000 (100.00%)
INFO - 12/01/25 21:45:25 - 4:12:49 - Memory allocated:  172.12MB, reserved: 4088.00MB
INFO - 12/01/25 21:45:25 - 4:12:49 - __log__:{"epoch": 92, "valid_arithmetic_xe_loss": 0.0, "valid_arithmetic_acc": 100.0, "valid_arithmetic_perfect": 100.0, "valid_arithmetic_correct": 100.0, "valid_arithmetic_acc_d1": 100.0, "valid_arithmetic_acc_d2": 100.0, "valid_arithmetic_acc_d3": 100.0, "valid_arithmetic_acc_1": 100.0}
INFO - 12/01/25 21:45:25 - 4:12:49 - Saving checkpoint to /mnt/e/AI@UWMELK-local/mobius_case_study/models/model_interCRT100_natural_liouville/lambdasq/1/checkpoint.pth ...
WARNING - 12/01/25 21:45:25 - 4:12:49 - Saving encoder parameters ...
WARNING - 12/01/25 21:45:25 - 4:12:49 - Saving decoder parameters ...
WARNING - 12/01/25 21:45:25 - 4:12:49 - Saving optimizer ...
INFO - 12/01/25 21:45:25 - 4:12:49 - ============ Starting epoch 93 ... ============
INFO - 12/01/25 21:45:39 - 4:13:03 -   97000 -  239.31 equations/s - 96440.18 words/s - ARITHMETIC:  0.0000 - LR: 5.0767e-05
INFO - 12/01/25 21:46:08 - 4:13:32 -   97200 -  329.11 equations/s - 132630.87 words/s - ARITHMETIC:  0.0000 - LR: 5.0715e-05
INFO - 12/01/25 21:46:37 - 4:14:01 -   97400 -  329.40 equations/s - 132748.09 words/s - ARITHMETIC:  0.0000 - LR: 5.0663e-05
INFO - 12/01/25 21:47:06 - 4:14:30 -   97600 -  330.26 equations/s - 133093.71 words/s - ARITHMETIC:  0.0000 - LR: 5.0611e-05
INFO - 12/01/25 21:47:35 - 4:14:59 -   97800 -  329.66 equations/s - 132853.19 words/s - ARITHMETIC:  0.0000 - LR: 5.0559e-05
INFO - 12/01/25 21:47:57 - 4:15:21 - Memory allocated:  172.12MB, reserved: 4088.00MB
INFO - 12/01/25 21:47:57 - 4:15:21 - ============ End of epoch 93 ============
INFO - 12/01/25 21:47:57 - 4:15:21 - Creating valid iterator for arithmetic ...
INFO - 12/01/25 21:47:57 - 4:15:21 - Loading data from /mnt/e/AI@UWMELK-local/mobius_case_study/input/input_dir_interCRT100_natural/lambdasq_interCRT100_natural.txt.test ...
INFO - 12/01/25 21:47:58 - 4:15:22 - Loaded 100000 equations from the disk.
INFO - 12/01/25 21:48:08 - 4:15:32 - 10000/10000 (100.0%) equations were evaluated correctly.
INFO - 12/01/25 21:48:08 - 4:15:32 - 1: 10000 / 10000 (100.00%)
INFO - 12/01/25 21:48:08 - 4:15:32 - Memory allocated:  172.12MB, reserved: 4088.00MB
INFO - 12/01/25 21:48:08 - 4:15:32 - __log__:{"epoch": 93, "valid_arithmetic_xe_loss": 0.0, "valid_arithmetic_acc": 100.0, "valid_arithmetic_perfect": 100.0, "valid_arithmetic_correct": 100.0, "valid_arithmetic_acc_d1": 100.0, "valid_arithmetic_acc_d2": 100.0, "valid_arithmetic_acc_d3": 100.0, "valid_arithmetic_acc_1": 100.0}
INFO - 12/01/25 21:48:08 - 4:15:32 - Saving checkpoint to /mnt/e/AI@UWMELK-local/mobius_case_study/models/model_interCRT100_natural_liouville/lambdasq/1/checkpoint.pth ...
WARNING - 12/01/25 21:48:08 - 4:15:32 - Saving encoder parameters ...
WARNING - 12/01/25 21:48:08 - 4:15:32 - Saving decoder parameters ...
WARNING - 12/01/25 21:48:08 - 4:15:32 - Saving optimizer ...
INFO - 12/01/25 21:48:08 - 4:15:32 - ============ Starting epoch 94 ... ============
INFO - 12/01/25 21:48:16 - 4:15:40 -   98000 -  237.72 equations/s - 95800.03 words/s - ARITHMETIC:  0.0000 - LR: 5.0508e-05
INFO - 12/01/25 21:48:45 - 4:16:09 -   98200 -  329.63 equations/s - 132842.72 words/s - ARITHMETIC:  0.0000 - LR: 5.0456e-05
INFO - 12/01/25 21:49:14 - 4:16:38 -   98400 -  329.48 equations/s - 132778.53 words/s - ARITHMETIC:  0.0000 - LR: 5.0405e-05
INFO - 12/01/25 21:49:43 - 4:17:07 -   98600 -  330.03 equations/s - 133003.10 words/s - ARITHMETIC:  0.0000 - LR: 5.0354e-05
INFO - 12/01/25 21:50:12 - 4:17:36 -   98800 -  329.59 equations/s - 132823.16 words/s - ARITHMETIC:  0.0000 - LR: 5.0303e-05
INFO - 12/01/25 21:50:40 - 4:18:04 - Memory allocated:  172.12MB, reserved: 4088.00MB
INFO - 12/01/25 21:50:40 - 4:18:04 - ============ End of epoch 94 ============
INFO - 12/01/25 21:50:40 - 4:18:04 - Creating valid iterator for arithmetic ...
INFO - 12/01/25 21:50:40 - 4:18:04 - Loading data from /mnt/e/AI@UWMELK-local/mobius_case_study/input/input_dir_interCRT100_natural/lambdasq_interCRT100_natural.txt.test ...
INFO - 12/01/25 21:50:41 - 4:18:05 - Loaded 100000 equations from the disk.
INFO - 12/01/25 21:50:51 - 4:18:15 - 10000/10000 (100.0%) equations were evaluated correctly.
INFO - 12/01/25 21:50:51 - 4:18:15 - 1: 10000 / 10000 (100.00%)
INFO - 12/01/25 21:50:51 - 4:18:15 - Memory allocated:  172.12MB, reserved: 4088.00MB
INFO - 12/01/25 21:50:51 - 4:18:15 - __log__:{"epoch": 94, "valid_arithmetic_xe_loss": 0.0, "valid_arithmetic_acc": 100.0, "valid_arithmetic_perfect": 100.0, "valid_arithmetic_correct": 100.0, "valid_arithmetic_acc_d1": 100.0, "valid_arithmetic_acc_d2": 100.0, "valid_arithmetic_acc_d3": 100.0, "valid_arithmetic_acc_1": 100.0}
INFO - 12/01/25 21:50:51 - 4:18:15 - Saving checkpoint to /mnt/e/AI@UWMELK-local/mobius_case_study/models/model_interCRT100_natural_liouville/lambdasq/1/checkpoint.pth ...
WARNING - 12/01/25 21:50:51 - 4:18:15 - Saving encoder parameters ...
WARNING - 12/01/25 21:50:51 - 4:18:15 - Saving decoder parameters ...
WARNING - 12/01/25 21:50:51 - 4:18:15 - Saving optimizer ...
INFO - 12/01/25 21:50:51 - 4:18:15 - ============ Starting epoch 95 ... ============
INFO - 12/01/25 21:50:53 - 4:18:17 -   99000 -  237.66 equations/s - 95775.39 words/s - ARITHMETIC:  0.0000 - LR: 5.0252e-05
INFO - 12/01/25 21:51:22 - 4:18:46 -   99200 -  329.37 equations/s - 132734.54 words/s - ARITHMETIC:  0.0000 - LR: 5.0201e-05
INFO - 12/01/25 21:51:51 - 4:19:15 -   99400 -  329.67 equations/s - 132855.34 words/s - ARITHMETIC:  0.0000 - LR: 5.0151e-05
INFO - 12/01/25 21:52:20 - 4:19:44 -   99600 -  329.59 equations/s - 132823.96 words/s - ARITHMETIC:  0.0000 - LR: 5.0100e-05
INFO - 12/01/25 21:52:49 - 4:20:13 -   99800 -  329.25 equations/s - 132689.23 words/s - ARITHMETIC:  0.0000 - LR: 5.0050e-05
INFO - 12/01/25 21:53:18 - 4:20:42 -  100000 -  329.80 equations/s - 132909.02 words/s - ARITHMETIC:  0.0000 - LR: 5.0000e-05
INFO - 12/01/25 21:53:23 - 4:20:47 - Memory allocated:  172.12MB, reserved: 4088.00MB
INFO - 12/01/25 21:53:23 - 4:20:47 - ============ End of epoch 95 ============
INFO - 12/01/25 21:53:23 - 4:20:47 - Creating valid iterator for arithmetic ...
INFO - 12/01/25 21:53:23 - 4:20:47 - Loading data from /mnt/e/AI@UWMELK-local/mobius_case_study/input/input_dir_interCRT100_natural/lambdasq_interCRT100_natural.txt.test ...
INFO - 12/01/25 21:53:24 - 4:20:48 - Loaded 100000 equations from the disk.
INFO - 12/01/25 21:53:34 - 4:20:58 - 10000/10000 (100.0%) equations were evaluated correctly.
INFO - 12/01/25 21:53:34 - 4:20:58 - 1: 10000 / 10000 (100.00%)
INFO - 12/01/25 21:53:34 - 4:20:58 - Memory allocated:  172.12MB, reserved: 4088.00MB
INFO - 12/01/25 21:53:34 - 4:20:58 - __log__:{"epoch": 95, "valid_arithmetic_xe_loss": 0.0, "valid_arithmetic_acc": 100.0, "valid_arithmetic_perfect": 100.0, "valid_arithmetic_correct": 100.0, "valid_arithmetic_acc_d1": 100.0, "valid_arithmetic_acc_d2": 100.0, "valid_arithmetic_acc_d3": 100.0, "valid_arithmetic_acc_1": 100.0}
INFO - 12/01/25 21:53:34 - 4:20:58 - Saving checkpoint to /mnt/e/AI@UWMELK-local/mobius_case_study/models/model_interCRT100_natural_liouville/lambdasq/1/checkpoint.pth ...
WARNING - 12/01/25 21:53:34 - 4:20:58 - Saving encoder parameters ...
WARNING - 12/01/25 21:53:34 - 4:20:58 - Saving decoder parameters ...
WARNING - 12/01/25 21:53:34 - 4:20:58 - Saving optimizer ...
INFO - 12/01/25 21:53:34 - 4:20:58 - ============ Starting epoch 96 ... ============
INFO - 12/01/25 21:53:59 - 4:21:23 -  100200 -  237.38 equations/s - 95665.56 words/s - ARITHMETIC:  0.0000 - LR: 4.9950e-05
INFO - 12/01/25 21:54:28 - 4:21:52 -  100400 -  328.60 equations/s - 132426.35 words/s - ARITHMETIC:  0.0000 - LR: 4.9900e-05
INFO - 12/01/25 21:54:57 - 4:22:21 -  100600 -  329.35 equations/s - 132730.04 words/s - ARITHMETIC:  0.0000 - LR: 4.9851e-05
INFO - 12/01/25 21:55:26 - 4:22:50 -  100800 -  328.99 equations/s - 132582.21 words/s - ARITHMETIC:  0.0000 - LR: 4.9801e-05
INFO - 12/01/25 21:55:55 - 4:23:19 -  101000 -  329.53 equations/s - 132801.39 words/s - ARITHMETIC:  0.0000 - LR: 4.9752e-05
INFO - 12/01/25 21:56:06 - 4:23:30 - Memory allocated:  172.12MB, reserved: 4088.00MB
INFO - 12/01/25 21:56:06 - 4:23:30 - ============ End of epoch 96 ============
INFO - 12/01/25 21:56:06 - 4:23:30 - Creating valid iterator for arithmetic ...
INFO - 12/01/25 21:56:06 - 4:23:30 - Loading data from /mnt/e/AI@UWMELK-local/mobius_case_study/input/input_dir_interCRT100_natural/lambdasq_interCRT100_natural.txt.test ...
INFO - 12/01/25 21:56:08 - 4:23:31 - Loaded 100000 equations from the disk.
INFO - 12/01/25 21:56:17 - 4:23:41 - 10000/10000 (100.0%) equations were evaluated correctly.
INFO - 12/01/25 21:56:17 - 4:23:41 - 1: 10000 / 10000 (100.00%)
INFO - 12/01/25 21:56:17 - 4:23:41 - Memory allocated:  172.12MB, reserved: 4088.00MB
INFO - 12/01/25 21:56:17 - 4:23:41 - __log__:{"epoch": 96, "valid_arithmetic_xe_loss": 0.0, "valid_arithmetic_acc": 100.0, "valid_arithmetic_perfect": 100.0, "valid_arithmetic_correct": 100.0, "valid_arithmetic_acc_d1": 100.0, "valid_arithmetic_acc_d2": 100.0, "valid_arithmetic_acc_d3": 100.0, "valid_arithmetic_acc_1": 100.0}
INFO - 12/01/25 21:56:17 - 4:23:41 - Saving checkpoint to /mnt/e/AI@UWMELK-local/mobius_case_study/models/model_interCRT100_natural_liouville/lambdasq/1/checkpoint.pth ...
WARNING - 12/01/25 21:56:17 - 4:23:41 - Saving encoder parameters ...
WARNING - 12/01/25 21:56:17 - 4:23:41 - Saving decoder parameters ...
WARNING - 12/01/25 21:56:17 - 4:23:41 - Saving optimizer ...
INFO - 12/01/25 21:56:18 - 4:23:42 - ============ Starting epoch 97 ... ============
INFO - 12/01/25 21:56:36 - 4:24:00 -  101200 -  236.13 equations/s - 95159.55 words/s - ARITHMETIC:  0.0000 - LR: 4.9703e-05
INFO - 12/01/25 21:57:05 - 4:24:29 -  101400 -  328.56 equations/s - 132409.44 words/s - ARITHMETIC:  0.0000 - LR: 4.9654e-05
INFO - 12/01/25 21:57:35 - 4:24:58 -  101600 -  329.15 equations/s - 132647.12 words/s - ARITHMETIC:  0.0000 - LR: 4.9605e-05
INFO - 12/01/25 21:58:04 - 4:25:28 -  101800 -  328.90 equations/s - 132546.51 words/s - ARITHMETIC:  0.0000 - LR: 4.9556e-05
INFO - 12/01/25 21:58:33 - 4:25:57 -  102000 -  328.40 equations/s - 132344.60 words/s - ARITHMETIC:  0.0000 - LR: 4.9507e-05
INFO - 12/01/25 21:58:50 - 4:26:14 - Memory allocated:  172.12MB, reserved: 4088.00MB
INFO - 12/01/25 21:58:50 - 4:26:14 - ============ End of epoch 97 ============
INFO - 12/01/25 21:58:50 - 4:26:14 - Creating valid iterator for arithmetic ...
INFO - 12/01/25 21:58:50 - 4:26:14 - Loading data from /mnt/e/AI@UWMELK-local/mobius_case_study/input/input_dir_interCRT100_natural/lambdasq_interCRT100_natural.txt.test ...
INFO - 12/01/25 21:58:51 - 4:26:15 - Loaded 100000 equations from the disk.
INFO - 12/01/25 21:59:01 - 4:26:25 - 10000/10000 (100.0%) equations were evaluated correctly.
INFO - 12/01/25 21:59:01 - 4:26:25 - 1: 10000 / 10000 (100.00%)
INFO - 12/01/25 21:59:01 - 4:26:25 - Memory allocated:  172.12MB, reserved: 4088.00MB
INFO - 12/01/25 21:59:01 - 4:26:25 - __log__:{"epoch": 97, "valid_arithmetic_xe_loss": 0.0, "valid_arithmetic_acc": 100.0, "valid_arithmetic_perfect": 100.0, "valid_arithmetic_correct": 100.0, "valid_arithmetic_acc_d1": 100.0, "valid_arithmetic_acc_d2": 100.0, "valid_arithmetic_acc_d3": 100.0, "valid_arithmetic_acc_1": 100.0}
INFO - 12/01/25 21:59:01 - 4:26:25 - Saving checkpoint to /mnt/e/AI@UWMELK-local/mobius_case_study/models/model_interCRT100_natural_liouville/lambdasq/1/checkpoint.pth ...
WARNING - 12/01/25 21:59:01 - 4:26:25 - Saving encoder parameters ...
WARNING - 12/01/25 21:59:01 - 4:26:25 - Saving decoder parameters ...
WARNING - 12/01/25 21:59:01 - 4:26:25 - Saving optimizer ...
INFO - 12/01/25 21:59:01 - 4:26:25 - ============ Starting epoch 98 ... ============
INFO - 12/01/25 21:59:14 - 4:26:37 -  102200 -  236.52 equations/s - 95316.30 words/s - ARITHMETIC:  0.0000 - LR: 4.9459e-05
INFO - 12/01/25 21:59:43 - 4:27:07 -  102400 -  329.14 equations/s - 132644.90 words/s - ARITHMETIC:  0.0000 - LR: 4.9411e-05
INFO - 12/01/25 22:00:12 - 4:27:36 -  102600 -  329.36 equations/s - 132732.03 words/s - ARITHMETIC:  0.0000 - LR: 4.9362e-05
INFO - 12/01/25 22:00:41 - 4:28:05 -  102800 -  328.55 equations/s - 132406.43 words/s - ARITHMETIC:  0.0000 - LR: 4.9314e-05
INFO - 12/01/25 22:01:10 - 4:28:34 -  103000 -  329.36 equations/s - 132733.11 words/s - ARITHMETIC:  0.0000 - LR: 4.9266e-05
INFO - 12/01/25 22:01:33 - 4:28:57 - Memory allocated:  172.12MB, reserved: 4088.00MB
INFO - 12/01/25 22:01:33 - 4:28:57 - ============ End of epoch 98 ============
INFO - 12/01/25 22:01:33 - 4:28:57 - Creating valid iterator for arithmetic ...
INFO - 12/01/25 22:01:33 - 4:28:57 - Loading data from /mnt/e/AI@UWMELK-local/mobius_case_study/input/input_dir_interCRT100_natural/lambdasq_interCRT100_natural.txt.test ...
INFO - 12/01/25 22:01:34 - 4:28:58 - Loaded 100000 equations from the disk.
INFO - 12/01/25 22:01:44 - 4:29:08 - 10000/10000 (100.0%) equations were evaluated correctly.
INFO - 12/01/25 22:01:44 - 4:29:08 - 1: 10000 / 10000 (100.00%)
INFO - 12/01/25 22:01:44 - 4:29:08 - Memory allocated:  172.12MB, reserved: 4088.00MB
INFO - 12/01/25 22:01:44 - 4:29:08 - __log__:{"epoch": 98, "valid_arithmetic_xe_loss": 0.0, "valid_arithmetic_acc": 100.0, "valid_arithmetic_perfect": 100.0, "valid_arithmetic_correct": 100.0, "valid_arithmetic_acc_d1": 100.0, "valid_arithmetic_acc_d2": 100.0, "valid_arithmetic_acc_d3": 100.0, "valid_arithmetic_acc_1": 100.0}
INFO - 12/01/25 22:01:44 - 4:29:08 - Saving checkpoint to /mnt/e/AI@UWMELK-local/mobius_case_study/models/model_interCRT100_natural_liouville/lambdasq/1/checkpoint.pth ...
WARNING - 12/01/25 22:01:44 - 4:29:08 - Saving encoder parameters ...
WARNING - 12/01/25 22:01:44 - 4:29:08 - Saving decoder parameters ...
WARNING - 12/01/25 22:01:44 - 4:29:08 - Saving optimizer ...
INFO - 12/01/25 22:01:44 - 4:29:08 - ============ Starting epoch 99 ... ============
INFO - 12/01/25 22:01:50 - 4:29:14 -  103200 -  238.49 equations/s - 96110.41 words/s - ARITHMETIC:  0.0000 - LR: 4.9219e-05
INFO - 12/01/25 22:02:20 - 4:29:44 -  103400 -  328.73 equations/s - 132477.79 words/s - ARITHMETIC:  0.0000 - LR: 4.9171e-05
INFO - 12/01/25 22:02:49 - 4:30:13 -  103600 -  329.16 equations/s - 132649.77 words/s - ARITHMETIC:  0.0000 - LR: 4.9124e-05
INFO - 12/01/25 22:03:18 - 4:30:42 -  103800 -  329.35 equations/s - 132726.63 words/s - ARITHMETIC:  0.0000 - LR: 4.9076e-05
INFO - 12/01/25 22:03:47 - 4:31:11 -  104000 -  329.47 equations/s - 132774.68 words/s - ARITHMETIC:  0.0000 - LR: 4.9029e-05
INFO - 12/01/25 22:04:16 - 4:31:40 -  104200 -  329.44 equations/s - 132765.57 words/s - ARITHMETIC:  0.0000 - LR: 4.8982e-05
INFO - 12/01/25 22:04:16 - 4:31:40 - Memory allocated:  172.12MB, reserved: 4088.00MB
INFO - 12/01/25 22:04:16 - 4:31:40 - ============ End of epoch 99 ============
INFO - 12/01/25 22:04:16 - 4:31:40 - Creating valid iterator for arithmetic ...
INFO - 12/01/25 22:04:16 - 4:31:40 - Loading data from /mnt/e/AI@UWMELK-local/mobius_case_study/input/input_dir_interCRT100_natural/lambdasq_interCRT100_natural.txt.test ...
INFO - 12/01/25 22:04:18 - 4:31:41 - Loaded 100000 equations from the disk.
INFO - 12/01/25 22:04:27 - 4:31:51 - 10000/10000 (100.0%) equations were evaluated correctly.
INFO - 12/01/25 22:04:27 - 4:31:51 - 1: 10000 / 10000 (100.00%)
INFO - 12/01/25 22:04:27 - 4:31:51 - Memory allocated:  172.12MB, reserved: 4088.00MB
INFO - 12/01/25 22:04:27 - 4:31:51 - __log__:{"epoch": 99, "valid_arithmetic_xe_loss": 0.0, "valid_arithmetic_acc": 100.0, "valid_arithmetic_perfect": 100.0, "valid_arithmetic_correct": 100.0, "valid_arithmetic_acc_d1": 100.0, "valid_arithmetic_acc_d2": 100.0, "valid_arithmetic_acc_d3": 100.0, "valid_arithmetic_acc_1": 100.0}
INFO - 12/01/25 22:04:27 - 4:31:51 - Saving checkpoint to /mnt/e/AI@UWMELK-local/mobius_case_study/models/model_interCRT100_natural_liouville/lambdasq/1/checkpoint.pth ...
WARNING - 12/01/25 22:04:27 - 4:31:51 - Saving encoder parameters ...
WARNING - 12/01/25 22:04:27 - 4:31:51 - Saving decoder parameters ...
WARNING - 12/01/25 22:04:27 - 4:31:51 - Saving optimizer ...
INFO - 12/01/25 22:04:27 - 4:31:51 - ============ Starting epoch 100 ... ============
INFO - 12/01/25 22:04:57 - 4:32:21 -  104400 -  237.81 equations/s - 95836.61 words/s - ARITHMETIC:  0.0000 - LR: 4.8935e-05
INFO - 12/01/25 22:05:26 - 4:32:50 -  104600 -  329.25 equations/s - 132686.06 words/s - ARITHMETIC:  0.0000 - LR: 4.8888e-05
INFO - 12/01/25 22:05:55 - 4:33:19 -  104800 -  328.97 equations/s - 132576.55 words/s - ARITHMETIC:  0.0000 - LR: 4.8842e-05
INFO - 12/01/25 22:06:24 - 4:33:48 -  105000 -  329.07 equations/s - 132614.55 words/s - ARITHMETIC:  0.0000 - LR: 4.8795e-05
INFO - 12/01/25 22:06:53 - 4:34:17 -  105200 -  327.88 equations/s - 132134.68 words/s - ARITHMETIC:  0.0000 - LR: 4.8749e-05
INFO - 12/01/25 22:07:00 - 4:34:23 - Memory allocated:  172.12MB, reserved: 4088.00MB
INFO - 12/01/25 22:07:00 - 4:34:23 - ============ End of epoch 100 ============
INFO - 12/01/25 22:07:00 - 4:34:23 - Creating valid iterator for arithmetic ...
INFO - 12/01/25 22:07:00 - 4:34:23 - Loading data from /mnt/e/AI@UWMELK-local/mobius_case_study/input/input_dir_interCRT100_natural/lambdasq_interCRT100_natural.txt.test ...
INFO - 12/01/25 22:07:01 - 4:34:25 - Loaded 100000 equations from the disk.
INFO - 12/01/25 22:07:10 - 4:34:34 - 10000/10000 (100.0%) equations were evaluated correctly.
INFO - 12/01/25 22:07:10 - 4:34:34 - 1: 10000 / 10000 (100.00%)
INFO - 12/01/25 22:07:10 - 4:34:34 - Memory allocated:  172.12MB, reserved: 4088.00MB
INFO - 12/01/25 22:07:10 - 4:34:34 - __log__:{"epoch": 100, "valid_arithmetic_xe_loss": 0.0, "valid_arithmetic_acc": 100.0, "valid_arithmetic_perfect": 100.0, "valid_arithmetic_correct": 100.0, "valid_arithmetic_acc_d1": 100.0, "valid_arithmetic_acc_d2": 100.0, "valid_arithmetic_acc_d3": 100.0, "valid_arithmetic_acc_1": 100.0}
INFO - 12/01/25 22:07:10 - 4:34:34 - Saving checkpoint to /mnt/e/AI@UWMELK-local/mobius_case_study/models/model_interCRT100_natural_liouville/lambdasq/1/checkpoint.pth ...
WARNING - 12/01/25 22:07:10 - 4:34:34 - Saving encoder parameters ...
WARNING - 12/01/25 22:07:10 - 4:34:34 - Saving decoder parameters ...
WARNING - 12/01/25 22:07:10 - 4:34:34 - Saving optimizer ...
INFO - 12/01/25 22:07:11 - 4:34:35 - ============ Starting epoch 101 ... ============
INFO - 12/01/25 22:07:34 - 4:34:58 -  105400 -  238.44 equations/s - 96091.31 words/s - ARITHMETIC:  0.0000 - LR: 4.8702e-05
INFO - 12/01/25 22:08:03 - 4:35:27 -  105600 -  329.44 equations/s - 132765.76 words/s - ARITHMETIC:  0.0000 - LR: 4.8656e-05
INFO - 12/01/25 22:08:32 - 4:35:56 -  105800 -  329.14 equations/s - 132642.74 words/s - ARITHMETIC:  0.0000 - LR: 4.8610e-05
INFO - 12/01/25 22:09:01 - 4:36:25 -  106000 -  328.98 equations/s - 132580.84 words/s - ARITHMETIC:  0.0000 - LR: 4.8564e-05
INFO - 12/01/25 22:09:30 - 4:36:54 -  106200 -  329.36 equations/s - 132730.67 words/s - ARITHMETIC:  0.0000 - LR: 4.8519e-05
INFO - 12/01/25 22:09:43 - 4:37:06 - Memory allocated:  172.12MB, reserved: 4088.00MB
INFO - 12/01/25 22:09:43 - 4:37:06 - ============ End of epoch 101 ============
INFO - 12/01/25 22:09:43 - 4:37:06 - Creating valid iterator for arithmetic ...
INFO - 12/01/25 22:09:43 - 4:37:06 - Loading data from /mnt/e/AI@UWMELK-local/mobius_case_study/input/input_dir_interCRT100_natural/lambdasq_interCRT100_natural.txt.test ...
INFO - 12/01/25 22:09:44 - 4:37:08 - Loaded 100000 equations from the disk.
INFO - 12/01/25 22:09:53 - 4:37:17 - 10000/10000 (100.0%) equations were evaluated correctly.
INFO - 12/01/25 22:09:53 - 4:37:17 - 1: 10000 / 10000 (100.00%)
INFO - 12/01/25 22:09:53 - 4:37:17 - Memory allocated:  172.12MB, reserved: 4088.00MB
INFO - 12/01/25 22:09:53 - 4:37:17 - __log__:{"epoch": 101, "valid_arithmetic_xe_loss": 0.0, "valid_arithmetic_acc": 100.0, "valid_arithmetic_perfect": 100.0, "valid_arithmetic_correct": 100.0, "valid_arithmetic_acc_d1": 100.0, "valid_arithmetic_acc_d2": 100.0, "valid_arithmetic_acc_d3": 100.0, "valid_arithmetic_acc_1": 100.0}
INFO - 12/01/25 22:09:53 - 4:37:17 - Saving checkpoint to /mnt/e/AI@UWMELK-local/mobius_case_study/models/model_interCRT100_natural_liouville/lambdasq/1/checkpoint.pth ...
WARNING - 12/01/25 22:09:53 - 4:37:17 - Saving encoder parameters ...
WARNING - 12/01/25 22:09:53 - 4:37:17 - Saving decoder parameters ...
WARNING - 12/01/25 22:09:53 - 4:37:17 - Saving optimizer ...
INFO - 12/01/25 22:09:54 - 4:37:18 - ============ Starting epoch 102 ... ============
INFO - 12/01/25 22:10:11 - 4:37:35 -  106400 -  238.22 equations/s - 96001.42 words/s - ARITHMETIC:  0.0000 - LR: 4.8473e-05
INFO - 12/01/25 22:10:40 - 4:38:04 -  106600 -  329.54 equations/s - 132805.63 words/s - ARITHMETIC:  0.0000 - LR: 4.8427e-05
INFO - 12/01/25 22:11:09 - 4:38:33 -  106800 -  328.85 equations/s - 132525.17 words/s - ARITHMETIC:  0.0000 - LR: 4.8382e-05
INFO - 12/01/25 22:11:38 - 4:39:02 -  107000 -  329.33 equations/s - 132721.86 words/s - ARITHMETIC:  0.0000 - LR: 4.8337e-05
INFO - 12/01/25 22:12:07 - 4:39:31 -  107200 -  329.29 equations/s - 132702.49 words/s - ARITHMETIC:  0.0000 - LR: 4.8292e-05
INFO - 12/01/25 22:12:26 - 4:39:50 - Memory allocated:  172.12MB, reserved: 4088.00MB
INFO - 12/01/25 22:12:26 - 4:39:50 - ============ End of epoch 102 ============
INFO - 12/01/25 22:12:26 - 4:39:50 - Creating valid iterator for arithmetic ...
INFO - 12/01/25 22:12:26 - 4:39:50 - Loading data from /mnt/e/AI@UWMELK-local/mobius_case_study/input/input_dir_interCRT100_natural/lambdasq_interCRT100_natural.txt.test ...
INFO - 12/01/25 22:12:27 - 4:39:51 - Loaded 100000 equations from the disk.
INFO - 12/01/25 22:12:36 - 4:40:00 - 10000/10000 (100.0%) equations were evaluated correctly.
INFO - 12/01/25 22:12:36 - 4:40:00 - 1: 10000 / 10000 (100.00%)
INFO - 12/01/25 22:12:36 - 4:40:00 - Memory allocated:  172.12MB, reserved: 4088.00MB
INFO - 12/01/25 22:12:36 - 4:40:00 - __log__:{"epoch": 102, "valid_arithmetic_xe_loss": 0.0, "valid_arithmetic_acc": 100.0, "valid_arithmetic_perfect": 100.0, "valid_arithmetic_correct": 100.0, "valid_arithmetic_acc_d1": 100.0, "valid_arithmetic_acc_d2": 100.0, "valid_arithmetic_acc_d3": 100.0, "valid_arithmetic_acc_1": 100.0}
INFO - 12/01/25 22:12:36 - 4:40:00 - Saving checkpoint to /mnt/e/AI@UWMELK-local/mobius_case_study/models/model_interCRT100_natural_liouville/lambdasq/1/checkpoint.pth ...
WARNING - 12/01/25 22:12:36 - 4:40:00 - Saving encoder parameters ...
WARNING - 12/01/25 22:12:36 - 4:40:00 - Saving decoder parameters ...
WARNING - 12/01/25 22:12:36 - 4:40:00 - Saving optimizer ...
INFO - 12/01/25 22:12:37 - 4:40:01 - ============ Starting epoch 103 ... ============
INFO - 12/01/25 22:12:48 - 4:40:12 -  107400 -  237.40 equations/s - 95670.42 words/s - ARITHMETIC:  0.0000 - LR: 4.8247e-05
INFO - 12/01/25 22:13:17 - 4:40:41 -  107600 -  329.08 equations/s - 132618.33 words/s - ARITHMETIC:  0.0000 - LR: 4.8202e-05
INFO - 12/01/25 22:13:46 - 4:41:10 -  107800 -  329.17 equations/s - 132653.65 words/s - ARITHMETIC:  0.0000 - LR: 4.8157e-05
INFO - 12/01/25 22:14:15 - 4:41:39 -  108000 -  328.80 equations/s - 132505.55 words/s - ARITHMETIC:  0.0000 - LR: 4.8113e-05
INFO - 12/01/25 22:14:44 - 4:42:08 -  108200 -  329.58 equations/s - 132819.27 words/s - ARITHMETIC:  0.0000 - LR: 4.8068e-05
INFO - 12/01/25 22:15:09 - 4:42:33 - Memory allocated:  172.12MB, reserved: 4088.00MB
INFO - 12/01/25 22:15:09 - 4:42:33 - ============ End of epoch 103 ============
INFO - 12/01/25 22:15:09 - 4:42:33 - Creating valid iterator for arithmetic ...
INFO - 12/01/25 22:15:09 - 4:42:33 - Loading data from /mnt/e/AI@UWMELK-local/mobius_case_study/input/input_dir_interCRT100_natural/lambdasq_interCRT100_natural.txt.test ...
INFO - 12/01/25 22:15:10 - 4:42:34 - Loaded 100000 equations from the disk.
INFO - 12/01/25 22:15:19 - 4:42:43 - 10000/10000 (100.0%) equations were evaluated correctly.
INFO - 12/01/25 22:15:19 - 4:42:43 - 1: 10000 / 10000 (100.00%)
INFO - 12/01/25 22:15:19 - 4:42:43 - Memory allocated:  172.12MB, reserved: 4088.00MB
INFO - 12/01/25 22:15:19 - 4:42:43 - __log__:{"epoch": 103, "valid_arithmetic_xe_loss": 8.105038886014881e-08, "valid_arithmetic_acc": 100.0, "valid_arithmetic_perfect": 100.0, "valid_arithmetic_correct": 100.0, "valid_arithmetic_acc_d1": 100.0, "valid_arithmetic_acc_d2": 100.0, "valid_arithmetic_acc_d3": 100.0, "valid_arithmetic_acc_1": 100.0}
INFO - 12/01/25 22:15:19 - 4:42:43 - Saving checkpoint to /mnt/e/AI@UWMELK-local/mobius_case_study/models/model_interCRT100_natural_liouville/lambdasq/1/checkpoint.pth ...
WARNING - 12/01/25 22:15:19 - 4:42:43 - Saving encoder parameters ...
WARNING - 12/01/25 22:15:19 - 4:42:43 - Saving decoder parameters ...
WARNING - 12/01/25 22:15:19 - 4:42:43 - Saving optimizer ...
INFO - 12/01/25 22:15:20 - 4:42:44 - ============ Starting epoch 104 ... ============
INFO - 12/01/25 22:15:25 - 4:42:49 -  108400 -  237.81 equations/s - 95837.65 words/s - ARITHMETIC:  0.0000 - LR: 4.8024e-05
INFO - 12/01/25 22:15:54 - 4:43:18 -  108600 -  329.39 equations/s - 132744.87 words/s - ARITHMETIC:  0.0000 - LR: 4.7979e-05
INFO - 12/01/25 22:16:23 - 4:43:47 -  108800 -  329.55 equations/s - 132808.13 words/s - ARITHMETIC:  0.0000 - LR: 4.7935e-05
INFO - 12/01/25 22:16:52 - 4:44:16 -  109000 -  329.70 equations/s - 132868.22 words/s - ARITHMETIC:  0.0000 - LR: 4.7891e-05
INFO - 12/01/25 22:17:21 - 4:44:45 -  109200 -  328.82 equations/s - 132515.75 words/s - ARITHMETIC:  0.0000 - LR: 4.7847e-05
INFO - 12/01/25 22:17:50 - 4:45:14 -  109400 -  329.75 equations/s - 132890.20 words/s - ARITHMETIC:  0.0000 - LR: 4.7804e-05
INFO - 12/01/25 22:17:52 - 4:45:16 - Memory allocated:  172.12MB, reserved: 4088.00MB
INFO - 12/01/25 22:17:52 - 4:45:16 - ============ End of epoch 104 ============
INFO - 12/01/25 22:17:52 - 4:45:16 - Creating valid iterator for arithmetic ...
INFO - 12/01/25 22:17:52 - 4:45:16 - Loading data from /mnt/e/AI@UWMELK-local/mobius_case_study/input/input_dir_interCRT100_natural/lambdasq_interCRT100_natural.txt.test ...
INFO - 12/01/25 22:17:53 - 4:45:17 - Loaded 100000 equations from the disk.
INFO - 12/01/25 22:18:02 - 4:45:26 - 10000/10000 (100.0%) equations were evaluated correctly.
INFO - 12/01/25 22:18:02 - 4:45:26 - 1: 10000 / 10000 (100.00%)
INFO - 12/01/25 22:18:02 - 4:45:26 - Memory allocated:  172.12MB, reserved: 4088.00MB
INFO - 12/01/25 22:18:02 - 4:45:26 - __log__:{"epoch": 104, "valid_arithmetic_xe_loss": 0.0, "valid_arithmetic_acc": 100.0, "valid_arithmetic_perfect": 100.0, "valid_arithmetic_correct": 100.0, "valid_arithmetic_acc_d1": 100.0, "valid_arithmetic_acc_d2": 100.0, "valid_arithmetic_acc_d3": 100.0, "valid_arithmetic_acc_1": 100.0}
INFO - 12/01/25 22:18:02 - 4:45:26 - Saving checkpoint to /mnt/e/AI@UWMELK-local/mobius_case_study/models/model_interCRT100_natural_liouville/lambdasq/1/checkpoint.pth ...
WARNING - 12/01/25 22:18:02 - 4:45:26 - Saving encoder parameters ...
WARNING - 12/01/25 22:18:02 - 4:45:26 - Saving decoder parameters ...
WARNING - 12/01/25 22:18:02 - 4:45:26 - Saving optimizer ...
INFO - 12/01/25 22:18:03 - 4:45:27 - ============ Starting epoch 105 ... ============
INFO - 12/01/25 22:18:31 - 4:45:54 -  109600 -  239.18 equations/s - 96387.87 words/s - ARITHMETIC:  0.0000 - LR: 4.7760e-05
INFO - 12/01/25 22:19:00 - 4:46:24 -  109800 -  329.94 equations/s - 132965.63 words/s - ARITHMETIC:  0.0000 - LR: 4.7717e-05
INFO - 12/01/25 22:19:29 - 4:46:53 -  110000 -  329.72 equations/s - 132875.66 words/s - ARITHMETIC:  0.0000 - LR: 4.7673e-05
INFO - 12/01/25 22:19:58 - 4:47:22 -  110200 -  330.01 equations/s - 132995.73 words/s - ARITHMETIC:  0.0000 - LR: 4.7630e-05
INFO - 12/01/25 22:20:27 - 4:47:51 -  110400 -  330.23 equations/s - 133082.78 words/s - ARITHMETIC:  0.0000 - LR: 4.7587e-05
INFO - 12/01/25 22:20:35 - 4:47:58 - Memory allocated:  172.12MB, reserved: 4088.00MB
INFO - 12/01/25 22:20:35 - 4:47:58 - ============ End of epoch 105 ============
INFO - 12/01/25 22:20:35 - 4:47:58 - Creating valid iterator for arithmetic ...
INFO - 12/01/25 22:20:35 - 4:47:58 - Loading data from /mnt/e/AI@UWMELK-local/mobius_case_study/input/input_dir_interCRT100_natural/lambdasq_interCRT100_natural.txt.test ...
INFO - 12/01/25 22:20:36 - 4:48:00 - Loaded 100000 equations from the disk.
INFO - 12/01/25 22:20:45 - 4:48:09 - 10000/10000 (100.0%) equations were evaluated correctly.
INFO - 12/01/25 22:20:45 - 4:48:09 - 1: 10000 / 10000 (100.00%)
INFO - 12/01/25 22:20:45 - 4:48:09 - Memory allocated:  172.12MB, reserved: 4088.00MB
INFO - 12/01/25 22:20:45 - 4:48:09 - __log__:{"epoch": 105, "valid_arithmetic_xe_loss": 2.1457670840163701e-10, "valid_arithmetic_acc": 100.0, "valid_arithmetic_perfect": 100.0, "valid_arithmetic_correct": 100.0, "valid_arithmetic_acc_d1": 100.0, "valid_arithmetic_acc_d2": 100.0, "valid_arithmetic_acc_d3": 100.0, "valid_arithmetic_acc_1": 100.0}
INFO - 12/01/25 22:20:45 - 4:48:09 - Saving checkpoint to /mnt/e/AI@UWMELK-local/mobius_case_study/models/model_interCRT100_natural_liouville/lambdasq/1/checkpoint.pth ...
WARNING - 12/01/25 22:20:45 - 4:48:09 - Saving encoder parameters ...
WARNING - 12/01/25 22:20:45 - 4:48:09 - Saving decoder parameters ...
WARNING - 12/01/25 22:20:45 - 4:48:09 - Saving optimizer ...
INFO - 12/01/25 22:20:46 - 4:48:10 - ============ Starting epoch 106 ... ============
INFO - 12/01/25 22:21:07 - 4:48:31 -  110600 -  237.53 equations/s - 95725.06 words/s - ARITHMETIC:  0.0000 - LR: 4.7544e-05
INFO - 12/01/25 22:21:36 - 4:49:00 -  110800 -  330.24 equations/s - 133086.39 words/s - ARITHMETIC:  0.0000 - LR: 4.7501e-05
INFO - 12/01/25 22:22:06 - 4:49:29 -  111000 -  329.95 equations/s - 132971.01 words/s - ARITHMETIC:  0.0000 - LR: 4.7458e-05
INFO - 12/01/25 22:22:35 - 4:49:59 -  111200 -  330.02 equations/s - 132996.56 words/s - ARITHMETIC:  0.0000 - LR: 4.7415e-05
INFO - 12/01/25 22:23:04 - 4:50:28 -  111400 -  330.27 equations/s - 133099.21 words/s - ARITHMETIC:  0.0000 - LR: 4.7373e-05
INFO - 12/01/25 22:23:17 - 4:50:41 - Memory allocated:  172.12MB, reserved: 4088.00MB
INFO - 12/01/25 22:23:17 - 4:50:41 - ============ End of epoch 106 ============
INFO - 12/01/25 22:23:17 - 4:50:41 - Creating valid iterator for arithmetic ...
INFO - 12/01/25 22:23:17 - 4:50:41 - Loading data from /mnt/e/AI@UWMELK-local/mobius_case_study/input/input_dir_interCRT100_natural/lambdasq_interCRT100_natural.txt.test ...
INFO - 12/01/25 22:23:18 - 4:50:42 - Loaded 100000 equations from the disk.
INFO - 12/01/25 22:23:28 - 4:50:52 - 10000/10000 (100.0%) equations were evaluated correctly.
INFO - 12/01/25 22:23:28 - 4:50:52 - 1: 10000 / 10000 (100.00%)
INFO - 12/01/25 22:23:28 - 4:50:52 - Memory allocated:  172.12MB, reserved: 4088.00MB
INFO - 12/01/25 22:23:28 - 4:50:52 - __log__:{"epoch": 106, "valid_arithmetic_xe_loss": 0.0, "valid_arithmetic_acc": 100.0, "valid_arithmetic_perfect": 100.0, "valid_arithmetic_correct": 100.0, "valid_arithmetic_acc_d1": 100.0, "valid_arithmetic_acc_d2": 100.0, "valid_arithmetic_acc_d3": 100.0, "valid_arithmetic_acc_1": 100.0}
INFO - 12/01/25 22:23:28 - 4:50:52 - Saving checkpoint to /mnt/e/AI@UWMELK-local/mobius_case_study/models/model_interCRT100_natural_liouville/lambdasq/1/checkpoint.pth ...
WARNING - 12/01/25 22:23:28 - 4:50:52 - Saving encoder parameters ...
WARNING - 12/01/25 22:23:28 - 4:50:52 - Saving decoder parameters ...
WARNING - 12/01/25 22:23:28 - 4:50:52 - Saving optimizer ...
INFO - 12/01/25 22:23:28 - 4:50:52 - ============ Starting epoch 107 ... ============
INFO - 12/01/25 22:23:44 - 4:51:08 -  111600 -  238.90 equations/s - 96278.16 words/s - ARITHMETIC:  0.0000 - LR: 4.7330e-05
INFO - 12/01/25 22:24:13 - 4:51:37 -  111800 -  330.02 equations/s - 132998.72 words/s - ARITHMETIC:  0.0000 - LR: 4.7288e-05
INFO - 12/01/25 22:24:42 - 4:52:06 -  112000 -  329.67 equations/s - 132855.41 words/s - ARITHMETIC:  0.0000 - LR: 4.7246e-05
INFO - 12/01/25 22:25:11 - 4:52:35 -  112200 -  330.05 equations/s - 133008.20 words/s - ARITHMETIC:  0.0000 - LR: 4.7203e-05
INFO - 12/01/25 22:25:40 - 4:53:04 -  112400 -  330.66 equations/s - 133257.01 words/s - ARITHMETIC:  0.0000 - LR: 4.7161e-05
INFO - 12/01/25 22:26:00 - 4:53:24 - Memory allocated:  172.12MB, reserved: 4088.00MB
INFO - 12/01/25 22:26:00 - 4:53:24 - ============ End of epoch 107 ============
INFO - 12/01/25 22:26:00 - 4:53:24 - Creating valid iterator for arithmetic ...
INFO - 12/01/25 22:26:00 - 4:53:24 - Loading data from /mnt/e/AI@UWMELK-local/mobius_case_study/input/input_dir_interCRT100_natural/lambdasq_interCRT100_natural.txt.test ...
INFO - 12/01/25 22:26:01 - 4:53:25 - Loaded 100000 equations from the disk.
INFO - 12/01/25 22:26:11 - 4:53:35 - 10000/10000 (100.0%) equations were evaluated correctly.
INFO - 12/01/25 22:26:11 - 4:53:35 - 1: 10000 / 10000 (100.00%)
INFO - 12/01/25 22:26:11 - 4:53:35 - Memory allocated:  172.12MB, reserved: 4088.00MB
INFO - 12/01/25 22:26:11 - 4:53:35 - __log__:{"epoch": 107, "valid_arithmetic_xe_loss": 0.0, "valid_arithmetic_acc": 100.0, "valid_arithmetic_perfect": 100.0, "valid_arithmetic_correct": 100.0, "valid_arithmetic_acc_d1": 100.0, "valid_arithmetic_acc_d2": 100.0, "valid_arithmetic_acc_d3": 100.0, "valid_arithmetic_acc_1": 100.0}
INFO - 12/01/25 22:26:11 - 4:53:35 - Saving checkpoint to /mnt/e/AI@UWMELK-local/mobius_case_study/models/model_interCRT100_natural_liouville/lambdasq/1/checkpoint.pth ...
WARNING - 12/01/25 22:26:11 - 4:53:35 - Saving encoder parameters ...
WARNING - 12/01/25 22:26:11 - 4:53:35 - Saving decoder parameters ...
WARNING - 12/01/25 22:26:11 - 4:53:35 - Saving optimizer ...
INFO - 12/01/25 22:26:11 - 4:53:35 - ============ Starting epoch 108 ... ============
INFO - 12/01/25 22:26:21 - 4:53:44 -  112600 -  237.81 equations/s - 95837.54 words/s - ARITHMETIC:  0.0000 - LR: 4.7120e-05
INFO - 12/01/25 22:26:50 - 4:54:14 -  112800 -  329.70 equations/s - 132867.51 words/s - ARITHMETIC:  0.0000 - LR: 4.7078e-05
INFO - 12/01/25 22:27:19 - 4:54:43 -  113000 -  329.85 equations/s - 132928.62 words/s - ARITHMETIC:  0.0000 - LR: 4.7036e-05
INFO - 12/01/25 22:27:48 - 4:55:12 -  113200 -  329.89 equations/s - 132945.89 words/s - ARITHMETIC:  0.0000 - LR: 4.6994e-05
INFO - 12/01/25 22:28:17 - 4:55:41 -  113400 -  330.69 equations/s - 133267.79 words/s - ARITHMETIC:  0.0000 - LR: 4.6953e-05
INFO - 12/01/25 22:28:43 - 4:56:07 - Memory allocated:  172.12MB, reserved: 4088.00MB
INFO - 12/01/25 22:28:43 - 4:56:07 - ============ End of epoch 108 ============
INFO - 12/01/25 22:28:43 - 4:56:07 - Creating valid iterator for arithmetic ...
INFO - 12/01/25 22:28:43 - 4:56:07 - Loading data from /mnt/e/AI@UWMELK-local/mobius_case_study/input/input_dir_interCRT100_natural/lambdasq_interCRT100_natural.txt.test ...
INFO - 12/01/25 22:28:44 - 4:56:08 - Loaded 100000 equations from the disk.
INFO - 12/01/25 22:28:53 - 4:56:17 - 10000/10000 (100.0%) equations were evaluated correctly.
INFO - 12/01/25 22:28:53 - 4:56:17 - 1: 10000 / 10000 (100.00%)
INFO - 12/01/25 22:28:53 - 4:56:17 - Memory allocated:  172.12MB, reserved: 4088.00MB
INFO - 12/01/25 22:28:53 - 4:56:17 - __log__:{"epoch": 108, "valid_arithmetic_xe_loss": 0.0, "valid_arithmetic_acc": 100.0, "valid_arithmetic_perfect": 100.0, "valid_arithmetic_correct": 100.0, "valid_arithmetic_acc_d1": 100.0, "valid_arithmetic_acc_d2": 100.0, "valid_arithmetic_acc_d3": 100.0, "valid_arithmetic_acc_1": 100.0}
INFO - 12/01/25 22:28:53 - 4:56:17 - Saving checkpoint to /mnt/e/AI@UWMELK-local/mobius_case_study/models/model_interCRT100_natural_liouville/lambdasq/1/checkpoint.pth ...
WARNING - 12/01/25 22:28:53 - 4:56:17 - Saving encoder parameters ...
WARNING - 12/01/25 22:28:53 - 4:56:17 - Saving decoder parameters ...
WARNING - 12/01/25 22:28:53 - 4:56:17 - Saving optimizer ...
INFO - 12/01/25 22:28:54 - 4:56:18 - ============ Starting epoch 109 ... ============
INFO - 12/01/25 22:28:57 - 4:56:21 -  113600 -  238.43 equations/s - 96086.25 words/s - ARITHMETIC:  0.0000 - LR: 4.6912e-05
INFO - 12/01/25 22:29:26 - 4:56:50 -  113800 -  330.29 equations/s - 133108.22 words/s - ARITHMETIC:  0.0000 - LR: 4.6870e-05
INFO - 12/01/25 22:29:55 - 4:57:19 -  114000 -  330.13 equations/s - 133043.99 words/s - ARITHMETIC:  0.0000 - LR: 4.6829e-05
INFO - 12/01/25 22:30:24 - 4:57:48 -  114200 -  330.14 equations/s - 133045.36 words/s - ARITHMETIC:  0.0000 - LR: 4.6788e-05
INFO - 12/01/25 22:30:53 - 4:58:17 -  114400 -  330.20 equations/s - 133072.53 words/s - ARITHMETIC:  0.0000 - LR: 4.6747e-05
INFO - 12/01/25 22:31:23 - 4:58:46 -  114600 -  330.16 equations/s - 133054.38 words/s - ARITHMETIC:  0.0000 - LR: 4.6707e-05
INFO - 12/01/25 22:31:25 - 4:58:49 - Memory allocated:  172.12MB, reserved: 4088.00MB
INFO - 12/01/25 22:31:25 - 4:58:49 - ============ End of epoch 109 ============
INFO - 12/01/25 22:31:25 - 4:58:49 - Creating valid iterator for arithmetic ...
INFO - 12/01/25 22:31:25 - 4:58:49 - Loading data from /mnt/e/AI@UWMELK-local/mobius_case_study/input/input_dir_interCRT100_natural/lambdasq_interCRT100_natural.txt.test ...
INFO - 12/01/25 22:31:27 - 4:58:51 - Loaded 100000 equations from the disk.
INFO - 12/01/25 22:31:36 - 4:59:00 - 10000/10000 (100.0%) equations were evaluated correctly.
INFO - 12/01/25 22:31:36 - 4:59:00 - 1: 10000 / 10000 (100.00%)
INFO - 12/01/25 22:31:36 - 4:59:00 - Memory allocated:  172.12MB, reserved: 4088.00MB
INFO - 12/01/25 22:31:36 - 4:59:00 - __log__:{"epoch": 109, "valid_arithmetic_xe_loss": 0.0, "valid_arithmetic_acc": 100.0, "valid_arithmetic_perfect": 100.0, "valid_arithmetic_correct": 100.0, "valid_arithmetic_acc_d1": 100.0, "valid_arithmetic_acc_d2": 100.0, "valid_arithmetic_acc_d3": 100.0, "valid_arithmetic_acc_1": 100.0}
INFO - 12/01/25 22:31:36 - 4:59:00 - Saving checkpoint to /mnt/e/AI@UWMELK-local/mobius_case_study/models/model_interCRT100_natural_liouville/lambdasq/1/checkpoint.pth ...
WARNING - 12/01/25 22:31:36 - 4:59:00 - Saving encoder parameters ...
WARNING - 12/01/25 22:31:36 - 4:59:00 - Saving decoder parameters ...
WARNING - 12/01/25 22:31:36 - 4:59:00 - Saving optimizer ...
INFO - 12/01/25 22:31:37 - 4:59:00 - ============ Starting epoch 110 ... ============
INFO - 12/01/25 22:32:03 - 4:59:27 -  114800 -  238.88 equations/s - 96267.43 words/s - ARITHMETIC:  0.0000 - LR: 4.6666e-05
INFO - 12/01/25 22:32:32 - 4:59:56 -  115000 -  329.88 equations/s - 132943.35 words/s - ARITHMETIC:  0.0000 - LR: 4.6625e-05
INFO - 12/01/25 22:33:01 - 5:00:25 -  115200 -  329.81 equations/s - 132911.72 words/s - ARITHMETIC:  0.0000 - LR: 4.6585e-05
INFO - 12/01/25 22:33:30 - 5:00:54 -  115400 -  329.88 equations/s - 132943.46 words/s - ARITHMETIC:  0.0000 - LR: 4.6544e-05
INFO - 12/01/25 22:33:59 - 5:01:23 -  115600 -  329.67 equations/s - 132856.15 words/s - ARITHMETIC:  0.0000 - LR: 4.6504e-05
INFO - 12/01/25 22:34:08 - 5:01:32 - Memory allocated:  172.12MB, reserved: 4088.00MB
INFO - 12/01/25 22:34:08 - 5:01:32 - ============ End of epoch 110 ============
INFO - 12/01/25 22:34:08 - 5:01:32 - Creating valid iterator for arithmetic ...
INFO - 12/01/25 22:34:08 - 5:01:32 - Loading data from /mnt/e/AI@UWMELK-local/mobius_case_study/input/input_dir_interCRT100_natural/lambdasq_interCRT100_natural.txt.test ...
INFO - 12/01/25 22:34:09 - 5:01:33 - Loaded 100000 equations from the disk.
INFO - 12/01/25 22:34:19 - 5:01:43 - 10000/10000 (100.0%) equations were evaluated correctly.
INFO - 12/01/25 22:34:19 - 5:01:43 - 1: 10000 / 10000 (100.00%)
INFO - 12/01/25 22:34:19 - 5:01:43 - Memory allocated:  172.12MB, reserved: 4088.00MB
INFO - 12/01/25 22:34:19 - 5:01:43 - __log__:{"epoch": 110, "valid_arithmetic_xe_loss": 0.0, "valid_arithmetic_acc": 100.0, "valid_arithmetic_perfect": 100.0, "valid_arithmetic_correct": 100.0, "valid_arithmetic_acc_d1": 100.0, "valid_arithmetic_acc_d2": 100.0, "valid_arithmetic_acc_d3": 100.0, "valid_arithmetic_acc_1": 100.0}
INFO - 12/01/25 22:34:19 - 5:01:43 - Saving checkpoint to /mnt/e/AI@UWMELK-local/mobius_case_study/models/model_interCRT100_natural_liouville/lambdasq/1/checkpoint.pth ...
WARNING - 12/01/25 22:34:19 - 5:01:43 - Saving encoder parameters ...
WARNING - 12/01/25 22:34:19 - 5:01:43 - Saving decoder parameters ...
WARNING - 12/01/25 22:34:19 - 5:01:43 - Saving optimizer ...
INFO - 12/01/25 22:34:19 - 5:01:43 - ============ Starting epoch 111 ... ============
INFO - 12/01/25 22:34:39 - 5:02:03 -  115800 -  238.63 equations/s - 96168.73 words/s - ARITHMETIC:  0.0000 - LR: 4.6464e-05
INFO - 12/01/25 22:35:09 - 5:02:32 -  116000 -  329.11 equations/s - 132630.86 words/s - ARITHMETIC:  0.0000 - LR: 4.6424e-05
INFO - 12/01/25 22:35:38 - 5:03:02 -  116200 -  329.43 equations/s - 132761.04 words/s - ARITHMETIC:  0.0000 - LR: 4.6384e-05
INFO - 12/01/25 22:36:07 - 5:03:31 -  116400 -  328.72 equations/s - 132474.37 words/s - ARITHMETIC:  0.0000 - LR: 4.6344e-05
INFO - 12/01/25 22:36:36 - 5:04:00 -  116600 -  329.77 equations/s - 132897.86 words/s - ARITHMETIC:  0.0000 - LR: 4.6304e-05
INFO - 12/01/25 22:36:51 - 5:04:15 - Memory allocated:  172.12MB, reserved: 4088.00MB
INFO - 12/01/25 22:36:51 - 5:04:15 - ============ End of epoch 111 ============
INFO - 12/01/25 22:36:51 - 5:04:15 - Creating valid iterator for arithmetic ...
INFO - 12/01/25 22:36:51 - 5:04:15 - Loading data from /mnt/e/AI@UWMELK-local/mobius_case_study/input/input_dir_interCRT100_natural/lambdasq_interCRT100_natural.txt.test ...
INFO - 12/01/25 22:36:52 - 5:04:16 - Loaded 100000 equations from the disk.
INFO - 12/01/25 22:37:02 - 5:04:26 - 10000/10000 (100.0%) equations were evaluated correctly.
INFO - 12/01/25 22:37:02 - 5:04:26 - 1: 10000 / 10000 (100.00%)
INFO - 12/01/25 22:37:02 - 5:04:26 - Memory allocated:  172.12MB, reserved: 4088.00MB
INFO - 12/01/25 22:37:02 - 5:04:26 - __log__:{"epoch": 111, "valid_arithmetic_xe_loss": 0.0, "valid_arithmetic_acc": 100.0, "valid_arithmetic_perfect": 100.0, "valid_arithmetic_correct": 100.0, "valid_arithmetic_acc_d1": 100.0, "valid_arithmetic_acc_d2": 100.0, "valid_arithmetic_acc_d3": 100.0, "valid_arithmetic_acc_1": 100.0}
INFO - 12/01/25 22:37:02 - 5:04:26 - Saving checkpoint to /mnt/e/AI@UWMELK-local/mobius_case_study/models/model_interCRT100_natural_liouville/lambdasq/1/checkpoint.pth ...
WARNING - 12/01/25 22:37:02 - 5:04:26 - Saving encoder parameters ...
WARNING - 12/01/25 22:37:02 - 5:04:26 - Saving decoder parameters ...
WARNING - 12/01/25 22:37:02 - 5:04:26 - Saving optimizer ...
INFO - 12/01/25 22:37:02 - 5:04:26 - ============ Starting epoch 112 ... ============
INFO - 12/01/25 22:37:16 - 5:04:40 -  116800 -  238.92 equations/s - 96285.58 words/s - ARITHMETIC:  0.0000 - LR: 4.6265e-05
INFO - 12/01/25 22:37:45 - 5:05:09 -  117000 -  329.42 equations/s - 132757.77 words/s - ARITHMETIC:  0.0000 - LR: 4.6225e-05
INFO - 12/01/25 22:38:14 - 5:05:38 -  117200 -  329.40 equations/s - 132749.98 words/s - ARITHMETIC:  0.0000 - LR: 4.6186e-05
INFO - 12/01/25 22:38:44 - 5:06:07 -  117400 -  329.93 equations/s - 132961.80 words/s - ARITHMETIC:  0.0000 - LR: 4.6146e-05
INFO - 12/01/25 22:39:13 - 5:06:37 -  117600 -  329.93 equations/s - 132960.98 words/s - ARITHMETIC:  0.0000 - LR: 4.6107e-05
INFO - 12/01/25 22:39:34 - 5:06:58 - Memory allocated:  172.12MB, reserved: 4088.00MB
INFO - 12/01/25 22:39:34 - 5:06:58 - ============ End of epoch 112 ============
INFO - 12/01/25 22:39:34 - 5:06:58 - Creating valid iterator for arithmetic ...
INFO - 12/01/25 22:39:34 - 5:06:58 - Loading data from /mnt/e/AI@UWMELK-local/mobius_case_study/input/input_dir_interCRT100_natural/lambdasq_interCRT100_natural.txt.test ...
INFO - 12/01/25 22:39:35 - 5:06:59 - Loaded 100000 equations from the disk.
INFO - 12/01/25 22:39:44 - 5:07:08 - 10000/10000 (100.0%) equations were evaluated correctly.
INFO - 12/01/25 22:39:44 - 5:07:08 - 1: 10000 / 10000 (100.00%)
INFO - 12/01/25 22:39:44 - 5:07:08 - Memory allocated:  172.12MB, reserved: 4088.00MB
INFO - 12/01/25 22:39:44 - 5:07:08 - __log__:{"epoch": 112, "valid_arithmetic_xe_loss": 0.0, "valid_arithmetic_acc": 100.0, "valid_arithmetic_perfect": 100.0, "valid_arithmetic_correct": 100.0, "valid_arithmetic_acc_d1": 100.0, "valid_arithmetic_acc_d2": 100.0, "valid_arithmetic_acc_d3": 100.0, "valid_arithmetic_acc_1": 100.0}
INFO - 12/01/25 22:39:44 - 5:07:08 - Saving checkpoint to /mnt/e/AI@UWMELK-local/mobius_case_study/models/model_interCRT100_natural_liouville/lambdasq/1/checkpoint.pth ...
WARNING - 12/01/25 22:39:44 - 5:07:08 - Saving encoder parameters ...
WARNING - 12/01/25 22:39:44 - 5:07:08 - Saving decoder parameters ...
WARNING - 12/01/25 22:39:44 - 5:07:08 - Saving optimizer ...
INFO - 12/01/25 22:39:45 - 5:07:09 - ============ Starting epoch 113 ... ============
INFO - 12/01/25 22:39:53 - 5:07:17 -  117800 -  239.21 equations/s - 96400.30 words/s - ARITHMETIC:  0.0000 - LR: 4.6068e-05
INFO - 12/01/25 22:40:22 - 5:07:46 -  118000 -  329.78 equations/s - 132901.51 words/s - ARITHMETIC:  0.0000 - LR: 4.6029e-05
INFO - 12/01/25 22:40:51 - 5:08:15 -  118200 -  329.80 equations/s - 132911.27 words/s - ARITHMETIC:  0.0000 - LR: 4.5990e-05
INFO - 12/01/25 22:41:20 - 5:08:44 -  118400 -  329.01 equations/s - 132592.83 words/s - ARITHMETIC:  0.0000 - LR: 4.5951e-05
INFO - 12/01/25 22:41:49 - 5:09:13 -  118600 -  329.23 equations/s - 132681.38 words/s - ARITHMETIC:  0.0000 - LR: 4.5912e-05
INFO - 12/01/25 22:42:17 - 5:09:41 - Memory allocated:  172.12MB, reserved: 4088.00MB
INFO - 12/01/25 22:42:17 - 5:09:41 - ============ End of epoch 113 ============
INFO - 12/01/25 22:42:17 - 5:09:41 - Creating valid iterator for arithmetic ...
INFO - 12/01/25 22:42:17 - 5:09:41 - Loading data from /mnt/e/AI@UWMELK-local/mobius_case_study/input/input_dir_interCRT100_natural/lambdasq_interCRT100_natural.txt.test ...
INFO - 12/01/25 22:42:18 - 5:09:42 - Loaded 100000 equations from the disk.
INFO - 12/01/25 22:42:27 - 5:09:51 - 10000/10000 (100.0%) equations were evaluated correctly.
INFO - 12/01/25 22:42:27 - 5:09:51 - 1: 10000 / 10000 (100.00%)
INFO - 12/01/25 22:42:27 - 5:09:51 - Memory allocated:  172.12MB, reserved: 4088.00MB
INFO - 12/01/25 22:42:27 - 5:09:51 - __log__:{"epoch": 113, "valid_arithmetic_xe_loss": 0.0, "valid_arithmetic_acc": 100.0, "valid_arithmetic_perfect": 100.0, "valid_arithmetic_correct": 100.0, "valid_arithmetic_acc_d1": 100.0, "valid_arithmetic_acc_d2": 100.0, "valid_arithmetic_acc_d3": 100.0, "valid_arithmetic_acc_1": 100.0}
INFO - 12/01/25 22:42:27 - 5:09:51 - Saving checkpoint to /mnt/e/AI@UWMELK-local/mobius_case_study/models/model_interCRT100_natural_liouville/lambdasq/1/checkpoint.pth ...
WARNING - 12/01/25 22:42:27 - 5:09:51 - Saving encoder parameters ...
WARNING - 12/01/25 22:42:27 - 5:09:51 - Saving decoder parameters ...
WARNING - 12/01/25 22:42:27 - 5:09:51 - Saving optimizer ...
INFO - 12/01/25 22:42:28 - 5:09:52 - ============ Starting epoch 114 ... ============
INFO - 12/01/25 22:42:30 - 5:09:54 -  118800 -  237.88 equations/s - 95864.49 words/s - ARITHMETIC:  0.0000 - LR: 4.5873e-05
INFO - 12/01/25 22:42:59 - 5:10:23 -  119000 -  327.59 equations/s - 132019.92 words/s - ARITHMETIC:  0.0000 - LR: 4.5835e-05
INFO - 12/01/25 22:43:29 - 5:10:53 -  119200 -  322.38 equations/s - 129918.13 words/s - ARITHMETIC:  0.0000 - LR: 4.5796e-05
INFO - 12/01/25 22:43:58 - 5:11:22 -  119400 -  323.55 equations/s - 130392.57 words/s - ARITHMETIC:  0.0000 - LR: 4.5758e-05
INFO - 12/01/25 22:44:29 - 5:11:53 -  119600 -  317.39 equations/s - 127906.47 words/s - ARITHMETIC:  0.0000 - LR: 4.5720e-05
INFO - 12/01/25 22:44:58 - 5:12:22 -  119800 -  328.47 equations/s - 132374.22 words/s - ARITHMETIC:  0.0000 - LR: 4.5682e-05
INFO - 12/01/25 22:45:02 - 5:12:26 - Memory allocated:  172.12MB, reserved: 4088.00MB
INFO - 12/01/25 22:45:02 - 5:12:26 - ============ End of epoch 114 ============
INFO - 12/01/25 22:45:02 - 5:12:26 - Creating valid iterator for arithmetic ...
INFO - 12/01/25 22:45:02 - 5:12:26 - Loading data from /mnt/e/AI@UWMELK-local/mobius_case_study/input/input_dir_interCRT100_natural/lambdasq_interCRT100_natural.txt.test ...
INFO - 12/01/25 22:45:04 - 5:12:27 - Loaded 100000 equations from the disk.
INFO - 12/01/25 22:45:13 - 5:12:37 - 10000/10000 (100.0%) equations were evaluated correctly.
INFO - 12/01/25 22:45:13 - 5:12:37 - 1: 10000 / 10000 (100.00%)
INFO - 12/01/25 22:45:13 - 5:12:37 - Memory allocated:  172.12MB, reserved: 4088.00MB
INFO - 12/01/25 22:45:13 - 5:12:37 - __log__:{"epoch": 114, "valid_arithmetic_xe_loss": 0.0, "valid_arithmetic_acc": 100.0, "valid_arithmetic_perfect": 100.0, "valid_arithmetic_correct": 100.0, "valid_arithmetic_acc_d1": 100.0, "valid_arithmetic_acc_d2": 100.0, "valid_arithmetic_acc_d3": 100.0, "valid_arithmetic_acc_1": 100.0}
INFO - 12/01/25 22:45:13 - 5:12:37 - Saving checkpoint to /mnt/e/AI@UWMELK-local/mobius_case_study/models/model_interCRT100_natural_liouville/lambdasq/1/checkpoint.pth ...
WARNING - 12/01/25 22:45:13 - 5:12:37 - Saving encoder parameters ...
WARNING - 12/01/25 22:45:13 - 5:12:37 - Saving decoder parameters ...
WARNING - 12/01/25 22:45:13 - 5:12:37 - Saving optimizer ...
INFO - 12/01/25 22:45:14 - 5:12:38 - ============ Starting epoch 115 ... ============
INFO - 12/01/25 22:45:38 - 5:13:02 -  120000 -  236.97 equations/s - 95498.19 words/s - ARITHMETIC:  0.0000 - LR: 4.5644e-05
INFO - 12/01/25 22:46:08 - 5:13:32 -  120200 -  329.21 equations/s - 132670.55 words/s - ARITHMETIC:  0.0000 - LR: 4.5606e-05
INFO - 12/01/25 22:46:37 - 5:14:01 -  120400 -  329.63 equations/s - 132841.70 words/s - ARITHMETIC:  0.0000 - LR: 4.5568e-05
INFO - 12/01/25 22:47:06 - 5:14:30 -  120600 -  329.40 equations/s - 132747.89 words/s - ARITHMETIC:  0.0000 - LR: 4.5530e-05
INFO - 12/01/25 22:47:35 - 5:14:59 -  120800 -  329.52 equations/s - 132797.26 words/s - ARITHMETIC:  0.0000 - LR: 4.5492e-05
INFO - 12/01/25 22:47:45 - 5:15:09 - Memory allocated:  172.12MB, reserved: 4088.00MB
INFO - 12/01/25 22:47:45 - 5:15:09 - ============ End of epoch 115 ============
INFO - 12/01/25 22:47:45 - 5:15:09 - Creating valid iterator for arithmetic ...
INFO - 12/01/25 22:47:45 - 5:15:09 - Loading data from /mnt/e/AI@UWMELK-local/mobius_case_study/input/input_dir_interCRT100_natural/lambdasq_interCRT100_natural.txt.test ...
INFO - 12/01/25 22:47:47 - 5:15:11 - Loaded 100000 equations from the disk.
INFO - 12/01/25 22:47:56 - 5:15:20 - 10000/10000 (100.0%) equations were evaluated correctly.
INFO - 12/01/25 22:47:56 - 5:15:20 - 1: 10000 / 10000 (100.00%)
INFO - 12/01/25 22:47:56 - 5:15:20 - Memory allocated:  172.12MB, reserved: 4088.00MB
INFO - 12/01/25 22:47:56 - 5:15:20 - __log__:{"epoch": 115, "valid_arithmetic_xe_loss": 0.0, "valid_arithmetic_acc": 100.0, "valid_arithmetic_perfect": 100.0, "valid_arithmetic_correct": 100.0, "valid_arithmetic_acc_d1": 100.0, "valid_arithmetic_acc_d2": 100.0, "valid_arithmetic_acc_d3": 100.0, "valid_arithmetic_acc_1": 100.0}
INFO - 12/01/25 22:47:56 - 5:15:20 - Saving checkpoint to /mnt/e/AI@UWMELK-local/mobius_case_study/models/model_interCRT100_natural_liouville/lambdasq/1/checkpoint.pth ...
WARNING - 12/01/25 22:47:56 - 5:15:20 - Saving encoder parameters ...
WARNING - 12/01/25 22:47:56 - 5:15:20 - Saving decoder parameters ...
WARNING - 12/01/25 22:47:56 - 5:15:20 - Saving optimizer ...
INFO - 12/01/25 22:47:57 - 5:15:20 - ============ Starting epoch 116 ... ============
INFO - 12/01/25 22:48:15 - 5:15:39 -  121000 -  239.04 equations/s - 96333.16 words/s - ARITHMETIC:  0.0000 - LR: 4.5455e-05
INFO - 12/01/25 22:48:44 - 5:16:08 -  121200 -  330.29 equations/s - 133108.53 words/s - ARITHMETIC:  0.0000 - LR: 4.5417e-05
INFO - 12/01/25 22:49:13 - 5:16:37 -  121400 -  330.03 equations/s - 133004.02 words/s - ARITHMETIC:  0.0000 - LR: 4.5380e-05
INFO - 12/01/25 22:49:42 - 5:17:06 -  121600 -  329.57 equations/s - 132815.52 words/s - ARITHMETIC:  0.0000 - LR: 4.5342e-05
INFO - 12/01/25 22:50:12 - 5:17:36 -  121800 -  327.40 equations/s - 131940.85 words/s - ARITHMETIC:  0.0000 - LR: 4.5305e-05
INFO - 12/01/25 22:50:28 - 5:17:52 - Memory allocated:  172.12MB, reserved: 4088.00MB
INFO - 12/01/25 22:50:28 - 5:17:52 - ============ End of epoch 116 ============
INFO - 12/01/25 22:50:28 - 5:17:52 - Creating valid iterator for arithmetic ...
INFO - 12/01/25 22:50:28 - 5:17:52 - Loading data from /mnt/e/AI@UWMELK-local/mobius_case_study/input/input_dir_interCRT100_natural/lambdasq_interCRT100_natural.txt.test ...
INFO - 12/01/25 22:50:29 - 5:17:53 - Loaded 100000 equations from the disk.
INFO - 12/01/25 22:50:39 - 5:18:03 - 10000/10000 (100.0%) equations were evaluated correctly.
INFO - 12/01/25 22:50:39 - 5:18:03 - 1: 10000 / 10000 (100.00%)
INFO - 12/01/25 22:50:39 - 5:18:03 - Memory allocated:  172.12MB, reserved: 4088.00MB
INFO - 12/01/25 22:50:39 - 5:18:03 - __log__:{"epoch": 116, "valid_arithmetic_xe_loss": 0.0, "valid_arithmetic_acc": 100.0, "valid_arithmetic_perfect": 100.0, "valid_arithmetic_correct": 100.0, "valid_arithmetic_acc_d1": 100.0, "valid_arithmetic_acc_d2": 100.0, "valid_arithmetic_acc_d3": 100.0, "valid_arithmetic_acc_1": 100.0}
INFO - 12/01/25 22:50:39 - 5:18:03 - Saving checkpoint to /mnt/e/AI@UWMELK-local/mobius_case_study/models/model_interCRT100_natural_liouville/lambdasq/1/checkpoint.pth ...
WARNING - 12/01/25 22:50:39 - 5:18:03 - Saving encoder parameters ...
WARNING - 12/01/25 22:50:39 - 5:18:03 - Saving decoder parameters ...
WARNING - 12/01/25 22:50:39 - 5:18:03 - Saving optimizer ...
INFO - 12/01/25 22:50:39 - 5:18:03 - ============ Starting epoch 117 ... ============
INFO - 12/01/25 22:50:52 - 5:18:16 -  122000 -  239.13 equations/s - 96369.87 words/s - ARITHMETIC:  0.0000 - LR: 4.5268e-05
INFO - 12/01/25 22:51:21 - 5:18:45 -  122200 -  325.46 equations/s - 131161.34 words/s - ARITHMETIC:  0.0000 - LR: 4.5231e-05
INFO - 12/01/25 22:51:51 - 5:19:15 -  122400 -  325.40 equations/s - 131135.07 words/s - ARITHMETIC:  0.0000 - LR: 4.5194e-05
INFO - 12/01/25 22:52:20 - 5:19:44 -  122600 -  326.15 equations/s - 131438.53 words/s - ARITHMETIC:  0.0000 - LR: 4.5157e-05
INFO - 12/01/25 22:52:50 - 5:20:14 -  122800 -  327.98 equations/s - 132174.70 words/s - ARITHMETIC:  0.0000 - LR: 4.5120e-05
INFO - 12/01/25 22:53:12 - 5:20:36 - Memory allocated:  172.12MB, reserved: 4088.00MB
INFO - 12/01/25 22:53:12 - 5:20:36 - ============ End of epoch 117 ============
INFO - 12/01/25 22:53:12 - 5:20:36 - Creating valid iterator for arithmetic ...
INFO - 12/01/25 22:53:12 - 5:20:36 - Loading data from /mnt/e/AI@UWMELK-local/mobius_case_study/input/input_dir_interCRT100_natural/lambdasq_interCRT100_natural.txt.test ...
INFO - 12/01/25 22:53:14 - 5:20:37 - Loaded 100000 equations from the disk.
INFO - 12/01/25 22:53:23 - 5:20:47 - 10000/10000 (100.0%) equations were evaluated correctly.
INFO - 12/01/25 22:53:23 - 5:20:47 - 1: 10000 / 10000 (100.00%)
INFO - 12/01/25 22:53:23 - 5:20:47 - Memory allocated:  172.12MB, reserved: 4088.00MB
INFO - 12/01/25 22:53:23 - 5:20:47 - __log__:{"epoch": 117, "valid_arithmetic_xe_loss": 1.1920928244535389e-07, "valid_arithmetic_acc": 100.0, "valid_arithmetic_perfect": 100.0, "valid_arithmetic_correct": 100.0, "valid_arithmetic_acc_d1": 100.0, "valid_arithmetic_acc_d2": 100.0, "valid_arithmetic_acc_d3": 100.0, "valid_arithmetic_acc_1": 100.0}
INFO - 12/01/25 22:53:23 - 5:20:47 - Saving checkpoint to /mnt/e/AI@UWMELK-local/mobius_case_study/models/model_interCRT100_natural_liouville/lambdasq/1/checkpoint.pth ...
WARNING - 12/01/25 22:53:23 - 5:20:47 - Saving encoder parameters ...
WARNING - 12/01/25 22:53:23 - 5:20:47 - Saving decoder parameters ...
WARNING - 12/01/25 22:53:23 - 5:20:47 - Saving optimizer ...
INFO - 12/01/25 22:53:23 - 5:20:47 - ============ Starting epoch 118 ... ============
INFO - 12/01/25 22:53:30 - 5:20:54 -  123000 -  238.02 equations/s - 95920.95 words/s - ARITHMETIC:  0.0000 - LR: 4.5083e-05
INFO - 12/01/25 22:53:59 - 5:21:23 -  123200 -  325.99 equations/s - 131373.81 words/s - ARITHMETIC:  0.0000 - LR: 4.5047e-05
INFO - 12/01/25 22:54:29 - 5:21:53 -  123400 -  319.59 equations/s - 128793.12 words/s - ARITHMETIC:  0.0000 - LR: 4.5010e-05
INFO - 12/01/25 22:55:01 - 5:22:25 -  123600 -  307.16 equations/s - 123783.65 words/s - ARITHMETIC:  0.0000 - LR: 4.4974e-05
INFO - 12/01/25 22:55:32 - 5:22:56 -  123800 -  302.45 equations/s - 121886.35 words/s - ARITHMETIC:  0.0000 - LR: 4.4938e-05
INFO - 12/01/25 22:56:02 - 5:23:26 - Memory allocated:  172.12MB, reserved: 4088.00MB
INFO - 12/01/25 22:56:02 - 5:23:26 - ============ End of epoch 118 ============
INFO - 12/01/25 22:56:02 - 5:23:26 - Creating valid iterator for arithmetic ...
INFO - 12/01/25 22:56:02 - 5:23:26 - Loading data from /mnt/e/AI@UWMELK-local/mobius_case_study/input/input_dir_interCRT100_natural/lambdasq_interCRT100_natural.txt.test ...
INFO - 12/01/25 22:56:03 - 5:23:27 - Loaded 100000 equations from the disk.
INFO - 12/01/25 22:56:14 - 5:23:38 - 10000/10000 (100.0%) equations were evaluated correctly.
INFO - 12/01/25 22:56:14 - 5:23:38 - 1: 10000 / 10000 (100.00%)
INFO - 12/01/25 22:56:14 - 5:23:38 - Memory allocated:  172.12MB, reserved: 4088.00MB
INFO - 12/01/25 22:56:14 - 5:23:38 - __log__:{"epoch": 118, "valid_arithmetic_xe_loss": 0.0, "valid_arithmetic_acc": 100.0, "valid_arithmetic_perfect": 100.0, "valid_arithmetic_correct": 100.0, "valid_arithmetic_acc_d1": 100.0, "valid_arithmetic_acc_d2": 100.0, "valid_arithmetic_acc_d3": 100.0, "valid_arithmetic_acc_1": 100.0}
INFO - 12/01/25 22:56:14 - 5:23:38 - Saving checkpoint to /mnt/e/AI@UWMELK-local/mobius_case_study/models/model_interCRT100_natural_liouville/lambdasq/1/checkpoint.pth ...
WARNING - 12/01/25 22:56:14 - 5:23:38 - Saving encoder parameters ...
WARNING - 12/01/25 22:56:14 - 5:23:38 - Saving decoder parameters ...
WARNING - 12/01/25 22:56:14 - 5:23:38 - Saving optimizer ...
INFO - 12/01/25 22:56:15 - 5:23:39 - ============ Starting epoch 119 ... ============
INFO - 12/01/25 22:56:15 - 5:23:39 -  124000 -  225.62 equations/s - 90923.08 words/s - ARITHMETIC:  0.0000 - LR: 4.4901e-05
INFO - 12/01/25 22:56:46 - 5:24:10 -  124200 -  312.97 equations/s - 126125.76 words/s - ARITHMETIC:  0.0000 - LR: 4.4865e-05
INFO - 12/01/25 22:57:16 - 5:24:40 -  124400 -  315.06 equations/s - 126969.52 words/s - ARITHMETIC:  0.0000 - LR: 4.4829e-05
INFO - 12/01/25 22:57:47 - 5:25:11 -  124600 -  311.84 equations/s - 125672.72 words/s - ARITHMETIC:  0.0000 - LR: 4.4793e-05
INFO - 12/01/25 22:58:17 - 5:25:41 -  124800 -  318.78 equations/s - 128469.28 words/s - ARITHMETIC:  0.0000 - LR: 4.4757e-05
INFO - 12/01/25 22:58:47 - 5:26:11 -  125000 -  319.42 equations/s - 128725.16 words/s - ARITHMETIC:  0.0000 - LR: 4.4721e-05
INFO - 12/01/25 22:58:53 - 5:26:17 - Memory allocated:  172.12MB, reserved: 4088.00MB
INFO - 12/01/25 22:58:53 - 5:26:17 - ============ End of epoch 119 ============
INFO - 12/01/25 22:58:53 - 5:26:17 - Creating valid iterator for arithmetic ...
INFO - 12/01/25 22:58:53 - 5:26:17 - Loading data from /mnt/e/AI@UWMELK-local/mobius_case_study/input/input_dir_interCRT100_natural/lambdasq_interCRT100_natural.txt.test ...
INFO - 12/01/25 22:58:54 - 5:26:18 - Loaded 100000 equations from the disk.
INFO - 12/01/25 22:59:04 - 5:26:28 - 10000/10000 (100.0%) equations were evaluated correctly.
INFO - 12/01/25 22:59:04 - 5:26:28 - 1: 10000 / 10000 (100.00%)
INFO - 12/01/25 22:59:04 - 5:26:28 - Memory allocated:  172.12MB, reserved: 4088.00MB
INFO - 12/01/25 22:59:04 - 5:26:28 - __log__:{"epoch": 119, "valid_arithmetic_xe_loss": 0.0, "valid_arithmetic_acc": 100.0, "valid_arithmetic_perfect": 100.0, "valid_arithmetic_correct": 100.0, "valid_arithmetic_acc_d1": 100.0, "valid_arithmetic_acc_d2": 100.0, "valid_arithmetic_acc_d3": 100.0, "valid_arithmetic_acc_1": 100.0}
INFO - 12/01/25 22:59:04 - 5:26:28 - Saving checkpoint to /mnt/e/AI@UWMELK-local/mobius_case_study/models/model_interCRT100_natural_liouville/lambdasq/1/checkpoint.pth ...
WARNING - 12/01/25 22:59:04 - 5:26:28 - Saving encoder parameters ...
WARNING - 12/01/25 22:59:04 - 5:26:28 - Saving decoder parameters ...
WARNING - 12/01/25 22:59:04 - 5:26:28 - Saving optimizer ...
INFO - 12/01/25 22:59:04 - 5:26:28 - ============ Starting epoch 120 ... ============
INFO - 12/01/25 22:59:29 - 5:26:52 -  125200 -  231.55 equations/s - 93316.65 words/s - ARITHMETIC:  0.0000 - LR: 4.4686e-05
INFO - 12/01/25 22:59:58 - 5:27:22 -  125400 -  322.07 equations/s - 129795.57 words/s - ARITHMETIC:  0.0000 - LR: 4.4650e-05
INFO - 12/01/25 23:00:28 - 5:27:52 -  125600 -  325.36 equations/s - 131118.60 words/s - ARITHMETIC:  0.0000 - LR: 4.4614e-05
INFO - 12/01/25 23:00:58 - 5:28:21 -  125800 -  323.57 equations/s - 130399.12 words/s - ARITHMETIC:  0.0000 - LR: 4.4579e-05
INFO - 12/01/25 23:01:28 - 5:28:51 -  126000 -  320.26 equations/s - 129065.56 words/s - ARITHMETIC:  0.0000 - LR: 4.4544e-05
INFO - 12/01/25 23:01:39 - 5:29:03 - Memory allocated:  172.12MB, reserved: 4088.00MB
INFO - 12/01/25 23:01:39 - 5:29:03 - ============ End of epoch 120 ============
INFO - 12/01/25 23:01:39 - 5:29:03 - Creating valid iterator for arithmetic ...
INFO - 12/01/25 23:01:39 - 5:29:03 - Loading data from /mnt/e/AI@UWMELK-local/mobius_case_study/input/input_dir_interCRT100_natural/lambdasq_interCRT100_natural.txt.test ...
INFO - 12/01/25 23:01:41 - 5:29:04 - Loaded 100000 equations from the disk.
INFO - 12/01/25 23:01:50 - 5:29:14 - 10000/10000 (100.0%) equations were evaluated correctly.
INFO - 12/01/25 23:01:50 - 5:29:14 - 1: 10000 / 10000 (100.00%)
INFO - 12/01/25 23:01:50 - 5:29:14 - Memory allocated:  172.12MB, reserved: 4088.00MB
INFO - 12/01/25 23:01:50 - 5:29:14 - __log__:{"epoch": 120, "valid_arithmetic_xe_loss": 0.0, "valid_arithmetic_acc": 100.0, "valid_arithmetic_perfect": 100.0, "valid_arithmetic_correct": 100.0, "valid_arithmetic_acc_d1": 100.0, "valid_arithmetic_acc_d2": 100.0, "valid_arithmetic_acc_d3": 100.0, "valid_arithmetic_acc_1": 100.0}
INFO - 12/01/25 23:01:50 - 5:29:14 - Saving checkpoint to /mnt/e/AI@UWMELK-local/mobius_case_study/models/model_interCRT100_natural_liouville/lambdasq/1/checkpoint.pth ...
WARNING - 12/01/25 23:01:50 - 5:29:14 - Saving encoder parameters ...
WARNING - 12/01/25 23:01:50 - 5:29:14 - Saving decoder parameters ...
WARNING - 12/01/25 23:01:50 - 5:29:14 - Saving optimizer ...
INFO - 12/01/25 23:01:51 - 5:29:14 - ============ Starting epoch 121 ... ============
INFO - 12/01/25 23:02:08 - 5:29:32 -  126200 -  236.85 equations/s - 95448.90 words/s - ARITHMETIC:  0.0000 - LR: 4.4508e-05
INFO - 12/01/25 23:02:38 - 5:30:02 -  126400 -  323.64 equations/s - 130427.39 words/s - ARITHMETIC:  0.0000 - LR: 4.4473e-05
INFO - 12/01/25 23:03:08 - 5:30:32 -  126600 -  318.17 equations/s - 128223.77 words/s - ARITHMETIC:  0.0000 - LR: 4.4438e-05
INFO - 12/01/25 23:03:38 - 5:31:02 -  126800 -  317.83 equations/s - 128086.69 words/s - ARITHMETIC:  0.0000 - LR: 4.4403e-05
INFO - 12/01/25 23:04:09 - 5:31:33 -  127000 -  312.33 equations/s - 125867.91 words/s - ARITHMETIC:  0.0000 - LR: 4.4368e-05
INFO - 12/01/25 23:04:28 - 5:31:52 - Memory allocated:  172.12MB, reserved: 4088.00MB
INFO - 12/01/25 23:04:28 - 5:31:52 - ============ End of epoch 121 ============
INFO - 12/01/25 23:04:28 - 5:31:52 - Creating valid iterator for arithmetic ...
INFO - 12/01/25 23:04:28 - 5:31:52 - Loading data from /mnt/e/AI@UWMELK-local/mobius_case_study/input/input_dir_interCRT100_natural/lambdasq_interCRT100_natural.txt.test ...
INFO - 12/01/25 23:04:29 - 5:31:53 - Loaded 100000 equations from the disk.
INFO - 12/01/25 23:04:39 - 5:32:03 - 10000/10000 (100.0%) equations were evaluated correctly.
INFO - 12/01/25 23:04:39 - 5:32:03 - 1: 10000 / 10000 (100.00%)
INFO - 12/01/25 23:04:39 - 5:32:03 - Memory allocated:  172.12MB, reserved: 4088.00MB
INFO - 12/01/25 23:04:39 - 5:32:03 - __log__:{"epoch": 121, "valid_arithmetic_xe_loss": 0.0, "valid_arithmetic_acc": 100.0, "valid_arithmetic_perfect": 100.0, "valid_arithmetic_correct": 100.0, "valid_arithmetic_acc_d1": 100.0, "valid_arithmetic_acc_d2": 100.0, "valid_arithmetic_acc_d3": 100.0, "valid_arithmetic_acc_1": 100.0}
INFO - 12/01/25 23:04:39 - 5:32:03 - Saving checkpoint to /mnt/e/AI@UWMELK-local/mobius_case_study/models/model_interCRT100_natural_liouville/lambdasq/1/checkpoint.pth ...
WARNING - 12/01/25 23:04:39 - 5:32:03 - Saving encoder parameters ...
WARNING - 12/01/25 23:04:39 - 5:32:03 - Saving decoder parameters ...
WARNING - 12/01/25 23:04:39 - 5:32:03 - Saving optimizer ...
INFO - 12/01/25 23:04:39 - 5:32:03 - ============ Starting epoch 122 ... ============
INFO - 12/01/25 23:04:50 - 5:32:14 -  127200 -  231.95 equations/s - 93477.82 words/s - ARITHMETIC:  0.0000 - LR: 4.4333e-05
INFO - 12/01/25 23:05:20 - 5:32:44 -  127400 -  322.64 equations/s - 130024.25 words/s - ARITHMETIC:  0.0000 - LR: 4.4298e-05
INFO - 12/01/25 23:05:50 - 5:33:14 -  127600 -  323.79 equations/s - 130487.25 words/s - ARITHMETIC:  0.0000 - LR: 4.4263e-05
INFO - 12/01/25 23:06:19 - 5:33:43 -  127800 -  325.64 equations/s - 131232.41 words/s - ARITHMETIC:  0.0000 - LR: 4.4229e-05
INFO - 12/01/25 23:06:49 - 5:34:13 -  128000 -  317.37 equations/s - 127898.27 words/s - ARITHMETIC:  0.0000 - LR: 4.4194e-05
INFO - 12/01/25 23:07:14 - 5:34:38 - Memory allocated:  172.12MB, reserved: 4088.00MB
INFO - 12/01/25 23:07:14 - 5:34:38 - ============ End of epoch 122 ============
INFO - 12/01/25 23:07:14 - 5:34:38 - Creating valid iterator for arithmetic ...
INFO - 12/01/25 23:07:14 - 5:34:38 - Loading data from /mnt/e/AI@UWMELK-local/mobius_case_study/input/input_dir_interCRT100_natural/lambdasq_interCRT100_natural.txt.test ...
INFO - 12/01/25 23:07:16 - 5:34:39 - Loaded 100000 equations from the disk.
INFO - 12/01/25 23:07:25 - 5:34:49 - 10000/10000 (100.0%) equations were evaluated correctly.
INFO - 12/01/25 23:07:25 - 5:34:49 - 1: 10000 / 10000 (100.00%)
INFO - 12/01/25 23:07:25 - 5:34:49 - Memory allocated:  172.12MB, reserved: 4088.00MB
INFO - 12/01/25 23:07:25 - 5:34:49 - __log__:{"epoch": 122, "valid_arithmetic_xe_loss": 0.0, "valid_arithmetic_acc": 100.0, "valid_arithmetic_perfect": 100.0, "valid_arithmetic_correct": 100.0, "valid_arithmetic_acc_d1": 100.0, "valid_arithmetic_acc_d2": 100.0, "valid_arithmetic_acc_d3": 100.0, "valid_arithmetic_acc_1": 100.0}
INFO - 12/01/25 23:07:25 - 5:34:49 - Saving checkpoint to /mnt/e/AI@UWMELK-local/mobius_case_study/models/model_interCRT100_natural_liouville/lambdasq/1/checkpoint.pth ...
WARNING - 12/01/25 23:07:25 - 5:34:49 - Saving encoder parameters ...
WARNING - 12/01/25 23:07:25 - 5:34:49 - Saving decoder parameters ...
WARNING - 12/01/25 23:07:25 - 5:34:49 - Saving optimizer ...
INFO - 12/01/25 23:07:26 - 5:34:50 - ============ Starting epoch 123 ... ============
INFO - 12/01/25 23:07:31 - 5:34:55 -  128200 -  230.57 equations/s - 92920.13 words/s - ARITHMETIC:  0.0000 - LR: 4.4160e-05
INFO - 12/01/25 23:08:01 - 5:35:25 -  128400 -  323.59 equations/s - 130406.88 words/s - ARITHMETIC:  0.0000 - LR: 4.4125e-05
INFO - 12/01/25 23:08:31 - 5:35:55 -  128600 -  318.89 equations/s - 128513.42 words/s - ARITHMETIC:  0.0000 - LR: 4.4091e-05
INFO - 12/01/25 23:09:01 - 5:36:25 -  128800 -  317.16 equations/s - 127816.81 words/s - ARITHMETIC:  0.0000 - LR: 4.4057e-05
INFO - 12/01/25 23:09:31 - 5:36:55 -  129000 -  324.12 equations/s - 130621.90 words/s - ARITHMETIC:  0.0000 - LR: 4.4023e-05
INFO - 12/01/25 23:10:01 - 5:37:25 -  129200 -  312.30 equations/s - 125857.95 words/s - ARITHMETIC:  0.0000 - LR: 4.3988e-05
INFO - 12/01/25 23:10:03 - 5:37:26 - Memory allocated:  172.12MB, reserved: 4088.00MB
INFO - 12/01/25 23:10:03 - 5:37:26 - ============ End of epoch 123 ============
INFO - 12/01/25 23:10:03 - 5:37:26 - Creating valid iterator for arithmetic ...
INFO - 12/01/25 23:10:03 - 5:37:26 - Loading data from /mnt/e/AI@UWMELK-local/mobius_case_study/input/input_dir_interCRT100_natural/lambdasq_interCRT100_natural.txt.test ...
INFO - 12/01/25 23:10:04 - 5:37:28 - Loaded 100000 equations from the disk.
INFO - 12/01/25 23:10:13 - 5:37:37 - 10000/10000 (100.0%) equations were evaluated correctly.
INFO - 12/01/25 23:10:13 - 5:37:37 - 1: 10000 / 10000 (100.00%)
INFO - 12/01/25 23:10:13 - 5:37:37 - Memory allocated:  172.12MB, reserved: 4088.00MB
INFO - 12/01/25 23:10:13 - 5:37:37 - __log__:{"epoch": 123, "valid_arithmetic_xe_loss": 0.0, "valid_arithmetic_acc": 100.0, "valid_arithmetic_perfect": 100.0, "valid_arithmetic_correct": 100.0, "valid_arithmetic_acc_d1": 100.0, "valid_arithmetic_acc_d2": 100.0, "valid_arithmetic_acc_d3": 100.0, "valid_arithmetic_acc_1": 100.0}
INFO - 12/01/25 23:10:13 - 5:37:37 - Saving checkpoint to /mnt/e/AI@UWMELK-local/mobius_case_study/models/model_interCRT100_natural_liouville/lambdasq/1/checkpoint.pth ...
WARNING - 12/01/25 23:10:13 - 5:37:37 - Saving encoder parameters ...
WARNING - 12/01/25 23:10:13 - 5:37:37 - Saving decoder parameters ...
WARNING - 12/01/25 23:10:13 - 5:37:37 - Saving optimizer ...
INFO - 12/01/25 23:10:14 - 5:37:38 - ============ Starting epoch 124 ... ============
INFO - 12/01/25 23:10:42 - 5:38:06 -  129400 -  234.82 equations/s - 94631.52 words/s - ARITHMETIC:  0.0000 - LR: 4.3954e-05
INFO - 12/01/25 23:11:12 - 5:38:35 -  129600 -  327.49 equations/s - 131980.41 words/s - ARITHMETIC:  0.0000 - LR: 4.3921e-05
INFO - 12/01/25 23:11:42 - 5:39:06 -  129800 -  313.30 equations/s - 126260.72 words/s - ARITHMETIC:  0.0000 - LR: 4.3887e-05
INFO - 12/01/25 23:12:12 - 5:39:36 -  130000 -  319.40 equations/s - 128719.86 words/s - ARITHMETIC:  0.0000 - LR: 4.3853e-05
INFO - 12/01/25 23:12:42 - 5:40:06 -  130200 -  318.16 equations/s - 128216.68 words/s - ARITHMETIC:  0.0000 - LR: 4.3819e-05
INFO - 12/01/25 23:12:50 - 5:40:14 - Memory allocated:  172.12MB, reserved: 4088.00MB
INFO - 12/01/25 23:12:50 - 5:40:14 - ============ End of epoch 124 ============
INFO - 12/01/25 23:12:50 - 5:40:14 - Creating valid iterator for arithmetic ...
INFO - 12/01/25 23:12:50 - 5:40:14 - Loading data from /mnt/e/AI@UWMELK-local/mobius_case_study/input/input_dir_interCRT100_natural/lambdasq_interCRT100_natural.txt.test ...
INFO - 12/01/25 23:12:51 - 5:40:15 - Loaded 100000 equations from the disk.
INFO - 12/01/25 23:13:01 - 5:40:25 - 10000/10000 (100.0%) equations were evaluated correctly.
INFO - 12/01/25 23:13:01 - 5:40:25 - 1: 10000 / 10000 (100.00%)
INFO - 12/01/25 23:13:01 - 5:40:25 - Memory allocated:  172.12MB, reserved: 4088.00MB
INFO - 12/01/25 23:13:01 - 5:40:25 - __log__:{"epoch": 124, "valid_arithmetic_xe_loss": 0.0, "valid_arithmetic_acc": 100.0, "valid_arithmetic_perfect": 100.0, "valid_arithmetic_correct": 100.0, "valid_arithmetic_acc_d1": 100.0, "valid_arithmetic_acc_d2": 100.0, "valid_arithmetic_acc_d3": 100.0, "valid_arithmetic_acc_1": 100.0}
INFO - 12/01/25 23:13:01 - 5:40:25 - Saving checkpoint to /mnt/e/AI@UWMELK-local/mobius_case_study/models/model_interCRT100_natural_liouville/lambdasq/1/checkpoint.pth ...
WARNING - 12/01/25 23:13:01 - 5:40:25 - Saving encoder parameters ...
WARNING - 12/01/25 23:13:01 - 5:40:25 - Saving decoder parameters ...
WARNING - 12/01/25 23:13:01 - 5:40:25 - Saving optimizer ...
INFO - 12/01/25 23:13:01 - 5:40:25 - ============ Starting epoch 125 ... ============
INFO - 12/01/25 23:13:24 - 5:40:48 -  130400 -  231.17 equations/s - 93161.23 words/s - ARITHMETIC:  0.0000 - LR: 4.3786e-05
INFO - 12/01/25 23:13:53 - 5:41:17 -  130600 -  326.24 equations/s - 131476.66 words/s - ARITHMETIC:  0.0000 - LR: 4.3752e-05
INFO - 12/01/25 23:14:23 - 5:41:47 -  130800 -  322.29 equations/s - 129883.23 words/s - ARITHMETIC:  0.0000 - LR: 4.3719e-05
INFO - 12/01/25 23:14:53 - 5:42:17 -  131000 -  323.11 equations/s - 130213.56 words/s - ARITHMETIC:  0.0000 - LR: 4.3685e-05
INFO - 12/01/25 23:15:23 - 5:42:47 -  131200 -  316.34 equations/s - 127486.58 words/s - ARITHMETIC:  0.0000 - LR: 4.3652e-05
INFO - 12/01/25 23:15:38 - 5:43:02 - Memory allocated:  172.12MB, reserved: 4088.00MB
INFO - 12/01/25 23:15:38 - 5:43:02 - ============ End of epoch 125 ============
INFO - 12/01/25 23:15:38 - 5:43:02 - Creating valid iterator for arithmetic ...
INFO - 12/01/25 23:15:38 - 5:43:02 - Loading data from /mnt/e/AI@UWMELK-local/mobius_case_study/input/input_dir_interCRT100_natural/lambdasq_interCRT100_natural.txt.test ...
INFO - 12/01/25 23:15:39 - 5:43:03 - Loaded 100000 equations from the disk.
INFO - 12/01/25 23:15:49 - 5:43:13 - 10000/10000 (100.0%) equations were evaluated correctly.
INFO - 12/01/25 23:15:49 - 5:43:13 - 1: 10000 / 10000 (100.00%)
INFO - 12/01/25 23:15:49 - 5:43:13 - Memory allocated:  172.12MB, reserved: 4088.00MB
INFO - 12/01/25 23:15:49 - 5:43:13 - __log__:{"epoch": 125, "valid_arithmetic_xe_loss": 0.0, "valid_arithmetic_acc": 100.0, "valid_arithmetic_perfect": 100.0, "valid_arithmetic_correct": 100.0, "valid_arithmetic_acc_d1": 100.0, "valid_arithmetic_acc_d2": 100.0, "valid_arithmetic_acc_d3": 100.0, "valid_arithmetic_acc_1": 100.0}
INFO - 12/01/25 23:15:49 - 5:43:13 - Saving checkpoint to /mnt/e/AI@UWMELK-local/mobius_case_study/models/model_interCRT100_natural_liouville/lambdasq/1/checkpoint.pth ...
WARNING - 12/01/25 23:15:49 - 5:43:13 - Saving encoder parameters ...
WARNING - 12/01/25 23:15:49 - 5:43:13 - Saving decoder parameters ...
WARNING - 12/01/25 23:15:49 - 5:43:13 - Saving optimizer ...
INFO - 12/01/25 23:15:50 - 5:43:14 - ============ Starting epoch 126 ... ============
INFO - 12/01/25 23:16:06 - 5:43:30 -  131400 -  222.89 equations/s - 89826.67 words/s - ARITHMETIC:  0.0000 - LR: 4.3619e-05
INFO - 12/01/25 23:16:36 - 5:44:00 -  131600 -  324.25 equations/s - 130672.79 words/s - ARITHMETIC:  0.0000 - LR: 4.3586e-05
INFO - 12/01/25 23:17:06 - 5:44:30 -  131800 -  322.20 equations/s - 129848.60 words/s - ARITHMETIC:  0.0000 - LR: 4.3552e-05
INFO - 12/01/25 23:17:35 - 5:44:59 -  132000 -  325.87 equations/s - 131323.70 words/s - ARITHMETIC:  0.0000 - LR: 4.3519e-05
INFO - 12/01/25 23:18:05 - 5:45:29 -  132200 -  321.32 equations/s - 129493.72 words/s - ARITHMETIC:  0.0000 - LR: 4.3486e-05
INFO - 12/01/25 23:18:26 - 5:45:50 - Memory allocated:  172.12MB, reserved: 4088.00MB
INFO - 12/01/25 23:18:26 - 5:45:50 - ============ End of epoch 126 ============
INFO - 12/01/25 23:18:26 - 5:45:50 - Creating valid iterator for arithmetic ...
INFO - 12/01/25 23:18:26 - 5:45:50 - Loading data from /mnt/e/AI@UWMELK-local/mobius_case_study/input/input_dir_interCRT100_natural/lambdasq_interCRT100_natural.txt.test ...
INFO - 12/01/25 23:18:27 - 5:45:51 - Loaded 100000 equations from the disk.
INFO - 12/01/25 23:18:37 - 5:46:00 - 10000/10000 (100.0%) equations were evaluated correctly.
INFO - 12/01/25 23:18:37 - 5:46:00 - 1: 10000 / 10000 (100.00%)
INFO - 12/01/25 23:18:37 - 5:46:00 - Memory allocated:  172.12MB, reserved: 4088.00MB
INFO - 12/01/25 23:18:37 - 5:46:00 - __log__:{"epoch": 126, "valid_arithmetic_xe_loss": 0.0, "valid_arithmetic_acc": 100.0, "valid_arithmetic_perfect": 100.0, "valid_arithmetic_correct": 100.0, "valid_arithmetic_acc_d1": 100.0, "valid_arithmetic_acc_d2": 100.0, "valid_arithmetic_acc_d3": 100.0, "valid_arithmetic_acc_1": 100.0}
INFO - 12/01/25 23:18:37 - 5:46:00 - Saving checkpoint to /mnt/e/AI@UWMELK-local/mobius_case_study/models/model_interCRT100_natural_liouville/lambdasq/1/checkpoint.pth ...
WARNING - 12/01/25 23:18:37 - 5:46:00 - Saving encoder parameters ...
WARNING - 12/01/25 23:18:37 - 5:46:00 - Saving decoder parameters ...
WARNING - 12/01/25 23:18:37 - 5:46:00 - Saving optimizer ...
INFO - 12/01/25 23:18:37 - 5:46:01 - ============ Starting epoch 127 ... ============
INFO - 12/01/25 23:18:47 - 5:46:11 -  132400 -  230.29 equations/s - 92805.11 words/s - ARITHMETIC:  0.0000 - LR: 4.3454e-05
INFO - 12/01/25 23:19:16 - 5:46:40 -  132600 -  324.08 equations/s - 130605.36 words/s - ARITHMETIC:  0.0000 - LR: 4.3421e-05
INFO - 12/01/25 23:19:46 - 5:47:10 -  132800 -  323.16 equations/s - 130234.34 words/s - ARITHMETIC:  0.0000 - LR: 4.3388e-05
INFO - 12/01/25 23:20:17 - 5:47:41 -  133000 -  309.88 equations/s - 124880.49 words/s - ARITHMETIC:  0.0000 - LR: 4.3355e-05
INFO - 12/01/25 23:20:48 - 5:48:12 -  133200 -  306.94 equations/s - 123694.85 words/s - ARITHMETIC:  0.0000 - LR: 4.3323e-05
INFO - 12/01/25 23:21:15 - 5:48:38 - Memory allocated:  172.12MB, reserved: 4088.00MB
INFO - 12/01/25 23:21:15 - 5:48:38 - ============ End of epoch 127 ============
INFO - 12/01/25 23:21:15 - 5:48:38 - Creating valid iterator for arithmetic ...
INFO - 12/01/25 23:21:15 - 5:48:38 - Loading data from /mnt/e/AI@UWMELK-local/mobius_case_study/input/input_dir_interCRT100_natural/lambdasq_interCRT100_natural.txt.test ...
INFO - 12/01/25 23:21:16 - 5:48:40 - Loaded 100000 equations from the disk.
INFO - 12/01/25 23:21:25 - 5:48:49 - 10000/10000 (100.0%) equations were evaluated correctly.
INFO - 12/01/25 23:21:25 - 5:48:49 - 1: 10000 / 10000 (100.00%)
INFO - 12/01/25 23:21:25 - 5:48:49 - Memory allocated:  172.12MB, reserved: 4088.00MB
INFO - 12/01/25 23:21:25 - 5:48:49 - __log__:{"epoch": 127, "valid_arithmetic_xe_loss": 0.0, "valid_arithmetic_acc": 100.0, "valid_arithmetic_perfect": 100.0, "valid_arithmetic_correct": 100.0, "valid_arithmetic_acc_d1": 100.0, "valid_arithmetic_acc_d2": 100.0, "valid_arithmetic_acc_d3": 100.0, "valid_arithmetic_acc_1": 100.0}
INFO - 12/01/25 23:21:25 - 5:48:49 - Saving checkpoint to /mnt/e/AI@UWMELK-local/mobius_case_study/models/model_interCRT100_natural_liouville/lambdasq/1/checkpoint.pth ...
WARNING - 12/01/25 23:21:25 - 5:48:49 - Saving encoder parameters ...
WARNING - 12/01/25 23:21:25 - 5:48:49 - Saving decoder parameters ...
WARNING - 12/01/25 23:21:25 - 5:48:49 - Saving optimizer ...
INFO - 12/01/25 23:21:26 - 5:48:50 - ============ Starting epoch 128 ... ============
INFO - 12/01/25 23:21:29 - 5:48:53 -  133400 -  234.19 equations/s - 94376.95 words/s - ARITHMETIC:  0.0000 - LR: 4.3290e-05
INFO - 12/01/25 23:21:59 - 5:49:23 -  133600 -  327.80 equations/s - 132103.33 words/s - ARITHMETIC:  0.0000 - LR: 4.3258e-05
INFO - 12/01/25 23:22:30 - 5:49:54 -  133800 -  301.32 equations/s - 121431.79 words/s - ARITHMETIC:  0.0000 - LR: 4.3226e-05
INFO - 12/01/25 23:23:00 - 5:50:24 -  134000 -  321.48 equations/s - 129555.40 words/s - ARITHMETIC:  0.0000 - LR: 4.3193e-05
INFO - 12/01/25 23:23:33 - 5:50:56 -  134200 -  298.13 equations/s - 120147.92 words/s - ARITHMETIC:  0.0000 - LR: 4.3161e-05
INFO - 12/01/25 23:24:05 - 5:51:29 -  134400 -  298.35 equations/s - 120235.97 words/s - ARITHMETIC:  0.0000 - LR: 4.3129e-05
INFO - 12/01/25 23:24:07 - 5:51:31 - Memory allocated:  172.12MB, reserved: 4088.00MB
INFO - 12/01/25 23:24:07 - 5:51:31 - ============ End of epoch 128 ============
INFO - 12/01/25 23:24:07 - 5:51:31 - Creating valid iterator for arithmetic ...
INFO - 12/01/25 23:24:07 - 5:51:31 - Loading data from /mnt/e/AI@UWMELK-local/mobius_case_study/input/input_dir_interCRT100_natural/lambdasq_interCRT100_natural.txt.test ...
INFO - 12/01/25 23:24:08 - 5:51:32 - Loaded 100000 equations from the disk.
INFO - 12/01/25 23:24:18 - 5:51:42 - 10000/10000 (100.0%) equations were evaluated correctly.
INFO - 12/01/25 23:24:18 - 5:51:42 - 1: 10000 / 10000 (100.00%)
INFO - 12/01/25 23:24:18 - 5:51:42 - Memory allocated:  172.12MB, reserved: 4088.00MB
INFO - 12/01/25 23:24:18 - 5:51:42 - __log__:{"epoch": 128, "valid_arithmetic_xe_loss": 0.0, "valid_arithmetic_acc": 100.0, "valid_arithmetic_perfect": 100.0, "valid_arithmetic_correct": 100.0, "valid_arithmetic_acc_d1": 100.0, "valid_arithmetic_acc_d2": 100.0, "valid_arithmetic_acc_d3": 100.0, "valid_arithmetic_acc_1": 100.0}
INFO - 12/01/25 23:24:18 - 5:51:42 - Saving checkpoint to /mnt/e/AI@UWMELK-local/mobius_case_study/models/model_interCRT100_natural_liouville/lambdasq/1/checkpoint.pth ...
WARNING - 12/01/25 23:24:18 - 5:51:42 - Saving encoder parameters ...
WARNING - 12/01/25 23:24:18 - 5:51:42 - Saving decoder parameters ...
WARNING - 12/01/25 23:24:18 - 5:51:42 - Saving optimizer ...
INFO - 12/01/25 23:24:18 - 5:51:42 - ============ Starting epoch 129 ... ============
INFO - 12/01/25 23:24:46 - 5:52:10 -  134600 -  230.92 equations/s - 93060.87 words/s - ARITHMETIC:  0.0000 - LR: 4.3097e-05
INFO - 12/01/25 23:25:16 - 5:52:39 -  134800 -  327.52 equations/s - 131989.58 words/s - ARITHMETIC:  0.0000 - LR: 4.3065e-05
INFO - 12/01/25 23:25:45 - 5:53:09 -  135000 -  327.75 equations/s - 132083.30 words/s - ARITHMETIC:  0.0000 - LR: 4.3033e-05
INFO - 12/01/25 23:26:14 - 5:53:38 -  135200 -  325.92 equations/s - 131347.20 words/s - ARITHMETIC:  0.0000 - LR: 4.3001e-05
INFO - 12/01/25 23:26:44 - 5:54:08 -  135400 -  322.22 equations/s - 129855.14 words/s - ARITHMETIC:  0.0000 - LR: 4.2970e-05
INFO - 12/01/25 23:26:53 - 5:54:17 - Memory allocated:  172.12MB, reserved: 4088.00MB
INFO - 12/01/25 23:26:53 - 5:54:17 - ============ End of epoch 129 ============
INFO - 12/01/25 23:26:53 - 5:54:17 - Creating valid iterator for arithmetic ...
INFO - 12/01/25 23:26:53 - 5:54:17 - Loading data from /mnt/e/AI@UWMELK-local/mobius_case_study/input/input_dir_interCRT100_natural/lambdasq_interCRT100_natural.txt.test ...
INFO - 12/01/25 23:26:54 - 5:54:18 - Loaded 100000 equations from the disk.
INFO - 12/01/25 23:27:04 - 5:54:28 - 10000/10000 (100.0%) equations were evaluated correctly.
INFO - 12/01/25 23:27:04 - 5:54:28 - 1: 10000 / 10000 (100.00%)
INFO - 12/01/25 23:27:04 - 5:54:28 - Memory allocated:  172.12MB, reserved: 4088.00MB
INFO - 12/01/25 23:27:04 - 5:54:28 - __log__:{"epoch": 129, "valid_arithmetic_xe_loss": 0.0, "valid_arithmetic_acc": 100.0, "valid_arithmetic_perfect": 100.0, "valid_arithmetic_correct": 100.0, "valid_arithmetic_acc_d1": 100.0, "valid_arithmetic_acc_d2": 100.0, "valid_arithmetic_acc_d3": 100.0, "valid_arithmetic_acc_1": 100.0}
INFO - 12/01/25 23:27:04 - 5:54:28 - Saving checkpoint to /mnt/e/AI@UWMELK-local/mobius_case_study/models/model_interCRT100_natural_liouville/lambdasq/1/checkpoint.pth ...
WARNING - 12/01/25 23:27:04 - 5:54:28 - Saving encoder parameters ...
WARNING - 12/01/25 23:27:04 - 5:54:28 - Saving decoder parameters ...
WARNING - 12/01/25 23:27:04 - 5:54:28 - Saving optimizer ...
INFO - 12/01/25 23:27:04 - 5:54:28 - ============ Starting epoch 130 ... ============
INFO - 12/01/25 23:27:26 - 5:54:50 -  135600 -  230.74 equations/s - 92987.02 words/s - ARITHMETIC:  0.0000 - LR: 4.2938e-05
INFO - 12/01/25 23:27:57 - 5:55:21 -  135800 -  307.10 equations/s - 123762.76 words/s - ARITHMETIC:  0.0000 - LR: 4.2906e-05
INFO - 12/01/25 23:28:27 - 5:55:50 -  136000 -  324.86 equations/s - 130919.40 words/s - ARITHMETIC:  0.0000 - LR: 4.2875e-05
INFO - 12/01/25 23:28:56 - 5:56:20 -  136200 -  329.35 equations/s - 132727.95 words/s - ARITHMETIC:  0.0000 - LR: 4.2843e-05
INFO - 12/01/25 23:29:25 - 5:56:49 -  136400 -  329.42 equations/s - 132758.00 words/s - ARITHMETIC:  0.0000 - LR: 4.2812e-05
INFO - 12/01/25 23:29:40 - 5:57:04 - Memory allocated:  172.12MB, reserved: 4088.00MB
INFO - 12/01/25 23:29:40 - 5:57:04 - ============ End of epoch 130 ============
INFO - 12/01/25 23:29:40 - 5:57:04 - Creating valid iterator for arithmetic ...
INFO - 12/01/25 23:29:40 - 5:57:04 - Loading data from /mnt/e/AI@UWMELK-local/mobius_case_study/input/input_dir_interCRT100_natural/lambdasq_interCRT100_natural.txt.test ...
INFO - 12/01/25 23:29:41 - 5:57:05 - Loaded 100000 equations from the disk.
INFO - 12/01/25 23:29:51 - 5:57:15 - 10000/10000 (100.0%) equations were evaluated correctly.
INFO - 12/01/25 23:29:51 - 5:57:15 - 1: 10000 / 10000 (100.00%)
INFO - 12/01/25 23:29:51 - 5:57:15 - Memory allocated:  172.12MB, reserved: 4088.00MB
INFO - 12/01/25 23:29:51 - 5:57:15 - __log__:{"epoch": 130, "valid_arithmetic_xe_loss": 0.0, "valid_arithmetic_acc": 100.0, "valid_arithmetic_perfect": 100.0, "valid_arithmetic_correct": 100.0, "valid_arithmetic_acc_d1": 100.0, "valid_arithmetic_acc_d2": 100.0, "valid_arithmetic_acc_d3": 100.0, "valid_arithmetic_acc_1": 100.0}
INFO - 12/01/25 23:29:51 - 5:57:15 - Saving checkpoint to /mnt/e/AI@UWMELK-local/mobius_case_study/models/model_interCRT100_natural_liouville/lambdasq/1/checkpoint.pth ...
WARNING - 12/01/25 23:29:51 - 5:57:15 - Saving encoder parameters ...
WARNING - 12/01/25 23:29:51 - 5:57:15 - Saving decoder parameters ...
WARNING - 12/01/25 23:29:51 - 5:57:15 - Saving optimizer ...
INFO - 12/01/25 23:29:51 - 5:57:15 - ============ Starting epoch 131 ... ============
INFO - 12/01/25 23:30:06 - 5:57:30 -  136600 -  230.43 equations/s - 92862.88 words/s - ARITHMETIC:  0.0000 - LR: 4.2780e-05
INFO - 12/01/25 23:30:37 - 5:58:01 -  136800 -  311.81 equations/s - 125658.25 words/s - ARITHMETIC:  0.0000 - LR: 4.2749e-05
INFO - 12/01/25 23:31:07 - 5:58:30 -  137000 -  328.14 equations/s - 132238.99 words/s - ARITHMETIC:  0.0000 - LR: 4.2718e-05
INFO - 12/01/25 23:31:36 - 5:59:00 -  137200 -  327.91 equations/s - 132146.54 words/s - ARITHMETIC:  0.0000 - LR: 4.2687e-05
INFO - 12/01/25 23:32:05 - 5:59:29 -  137400 -  325.14 equations/s - 131031.00 words/s - ARITHMETIC:  0.0000 - LR: 4.2656e-05
INFO - 12/01/25 23:32:26 - 5:59:50 - Memory allocated:  172.12MB, reserved: 4088.00MB
INFO - 12/01/25 23:32:26 - 5:59:50 - ============ End of epoch 131 ============
INFO - 12/01/25 23:32:26 - 5:59:50 - Creating valid iterator for arithmetic ...
INFO - 12/01/25 23:32:26 - 5:59:50 - Loading data from /mnt/e/AI@UWMELK-local/mobius_case_study/input/input_dir_interCRT100_natural/lambdasq_interCRT100_natural.txt.test ...
INFO - 12/01/25 23:32:28 - 5:59:52 - Loaded 100000 equations from the disk.
INFO - 12/01/25 23:32:37 - 6:00:01 - 10000/10000 (100.0%) equations were evaluated correctly.
INFO - 12/01/25 23:32:37 - 6:00:01 - 1: 10000 / 10000 (100.00%)
INFO - 12/01/25 23:32:37 - 6:00:01 - Memory allocated:  172.12MB, reserved: 4088.00MB
INFO - 12/01/25 23:32:37 - 6:00:01 - __log__:{"epoch": 131, "valid_arithmetic_xe_loss": 0.0, "valid_arithmetic_acc": 100.0, "valid_arithmetic_perfect": 100.0, "valid_arithmetic_correct": 100.0, "valid_arithmetic_acc_d1": 100.0, "valid_arithmetic_acc_d2": 100.0, "valid_arithmetic_acc_d3": 100.0, "valid_arithmetic_acc_1": 100.0}
INFO - 12/01/25 23:32:37 - 6:00:01 - Saving checkpoint to /mnt/e/AI@UWMELK-local/mobius_case_study/models/model_interCRT100_natural_liouville/lambdasq/1/checkpoint.pth ...
WARNING - 12/01/25 23:32:37 - 6:00:01 - Saving encoder parameters ...
WARNING - 12/01/25 23:32:37 - 6:00:01 - Saving decoder parameters ...
WARNING - 12/01/25 23:32:37 - 6:00:01 - Saving optimizer ...
INFO - 12/01/25 23:32:38 - 6:00:02 - ============ Starting epoch 132 ... ============
INFO - 12/01/25 23:32:46 - 6:00:10 -  137600 -  236.38 equations/s - 95259.87 words/s - ARITHMETIC:  0.0000 - LR: 4.2625e-05
INFO - 12/01/25 23:33:17 - 6:00:41 -  137800 -  312.43 equations/s - 125911.11 words/s - ARITHMETIC:  0.0000 - LR: 4.2594e-05
INFO - 12/01/25 23:33:46 - 6:01:10 -  138000 -  323.20 equations/s - 130247.60 words/s - ARITHMETIC:  0.0000 - LR: 4.2563e-05
INFO - 12/01/25 23:34:16 - 6:01:40 -  138200 -  323.88 equations/s - 130523.61 words/s - ARITHMETIC:  0.0000 - LR: 4.2532e-05
INFO - 12/01/25 23:34:45 - 6:02:09 -  138400 -  329.57 equations/s - 132817.26 words/s - ARITHMETIC:  0.0000 - LR: 4.2501e-05
INFO - 12/01/25 23:35:12 - 6:02:36 - Memory allocated:  172.12MB, reserved: 4088.00MB
INFO - 12/01/25 23:35:12 - 6:02:36 - ============ End of epoch 132 ============
INFO - 12/01/25 23:35:12 - 6:02:36 - Creating valid iterator for arithmetic ...
INFO - 12/01/25 23:35:12 - 6:02:36 - Loading data from /mnt/e/AI@UWMELK-local/mobius_case_study/input/input_dir_interCRT100_natural/lambdasq_interCRT100_natural.txt.test ...
INFO - 12/01/25 23:35:13 - 6:02:37 - Loaded 100000 equations from the disk.
INFO - 12/01/25 23:35:23 - 6:02:47 - 10000/10000 (100.0%) equations were evaluated correctly.
INFO - 12/01/25 23:35:23 - 6:02:47 - 1: 10000 / 10000 (100.00%)
INFO - 12/01/25 23:35:23 - 6:02:47 - Memory allocated:  172.12MB, reserved: 4088.00MB
INFO - 12/01/25 23:35:23 - 6:02:47 - __log__:{"epoch": 132, "valid_arithmetic_xe_loss": 0.0, "valid_arithmetic_acc": 100.0, "valid_arithmetic_perfect": 100.0, "valid_arithmetic_correct": 100.0, "valid_arithmetic_acc_d1": 100.0, "valid_arithmetic_acc_d2": 100.0, "valid_arithmetic_acc_d3": 100.0, "valid_arithmetic_acc_1": 100.0}
INFO - 12/01/25 23:35:23 - 6:02:47 - Saving checkpoint to /mnt/e/AI@UWMELK-local/mobius_case_study/models/model_interCRT100_natural_liouville/lambdasq/1/checkpoint.pth ...
WARNING - 12/01/25 23:35:23 - 6:02:47 - Saving encoder parameters ...
WARNING - 12/01/25 23:35:23 - 6:02:47 - Saving decoder parameters ...
WARNING - 12/01/25 23:35:23 - 6:02:47 - Saving optimizer ...
INFO - 12/01/25 23:35:24 - 6:02:47 - ============ Starting epoch 133 ... ============
INFO - 12/01/25 23:35:26 - 6:02:50 -  138600 -  236.72 equations/s - 95396.29 words/s - ARITHMETIC:  0.0000 - LR: 4.2471e-05
INFO - 12/01/25 23:35:55 - 6:03:19 -  138800 -  327.94 equations/s - 132160.71 words/s - ARITHMETIC:  0.0000 - LR: 4.2440e-05
INFO - 12/01/25 23:36:25 - 6:03:49 -  139000 -  316.73 equations/s - 127644.16 words/s - ARITHMETIC:  0.0000 - LR: 4.2409e-05
INFO - 12/01/25 23:36:56 - 6:04:20 -  139200 -  316.41 equations/s - 127511.88 words/s - ARITHMETIC:  0.0000 - LR: 4.2379e-05
INFO - 12/01/25 23:37:25 - 6:04:49 -  139400 -  327.91 equations/s - 132147.09 words/s - ARITHMETIC:  0.0000 - LR: 4.2349e-05
INFO - 12/01/25 23:37:55 - 6:05:19 -  139600 -  321.72 equations/s - 129652.56 words/s - ARITHMETIC:  0.0000 - LR: 4.2318e-05
INFO - 12/01/25 23:37:59 - 6:05:23 - Memory allocated:  172.12MB, reserved: 4088.00MB
INFO - 12/01/25 23:37:59 - 6:05:23 - ============ End of epoch 133 ============
INFO - 12/01/25 23:37:59 - 6:05:23 - Creating valid iterator for arithmetic ...
INFO - 12/01/25 23:37:59 - 6:05:23 - Loading data from /mnt/e/AI@UWMELK-local/mobius_case_study/input/input_dir_interCRT100_natural/lambdasq_interCRT100_natural.txt.test ...
INFO - 12/01/25 23:38:00 - 6:05:24 - Loaded 100000 equations from the disk.
INFO - 12/01/25 23:38:10 - 6:05:34 - 10000/10000 (100.0%) equations were evaluated correctly.
INFO - 12/01/25 23:38:10 - 6:05:34 - 1: 10000 / 10000 (100.00%)
INFO - 12/01/25 23:38:10 - 6:05:34 - Memory allocated:  172.12MB, reserved: 4088.00MB
INFO - 12/01/25 23:38:10 - 6:05:34 - __log__:{"epoch": 133, "valid_arithmetic_xe_loss": 0.0, "valid_arithmetic_acc": 100.0, "valid_arithmetic_perfect": 100.0, "valid_arithmetic_correct": 100.0, "valid_arithmetic_acc_d1": 100.0, "valid_arithmetic_acc_d2": 100.0, "valid_arithmetic_acc_d3": 100.0, "valid_arithmetic_acc_1": 100.0}
INFO - 12/01/25 23:38:10 - 6:05:34 - Saving checkpoint to /mnt/e/AI@UWMELK-local/mobius_case_study/models/model_interCRT100_natural_liouville/lambdasq/1/checkpoint.pth ...
WARNING - 12/01/25 23:38:10 - 6:05:34 - Saving encoder parameters ...
WARNING - 12/01/25 23:38:10 - 6:05:34 - Saving decoder parameters ...
WARNING - 12/01/25 23:38:10 - 6:05:34 - Saving optimizer ...
INFO - 12/01/25 23:38:10 - 6:05:34 - ============ Starting epoch 134 ... ============
INFO - 12/01/25 23:38:36 - 6:06:00 -  139800 -  235.03 equations/s - 94715.70 words/s - ARITHMETIC:  0.0000 - LR: 4.2288e-05
INFO - 12/01/25 23:39:05 - 6:06:29 -  140000 -  322.25 equations/s - 129865.13 words/s - ARITHMETIC:  0.0000 - LR: 4.2258e-05
INFO - 12/01/25 23:39:35 - 6:06:59 -  140200 -  322.51 equations/s - 129971.98 words/s - ARITHMETIC:  0.0000 - LR: 4.2228e-05
INFO - 12/01/25 23:40:05 - 6:07:29 -  140400 -  319.30 equations/s - 128676.54 words/s - ARITHMETIC:  0.0000 - LR: 4.2197e-05
INFO - 12/01/25 23:40:35 - 6:07:59 -  140600 -  319.45 equations/s - 128738.15 words/s - ARITHMETIC:  0.0000 - LR: 4.2167e-05
INFO - 12/01/25 23:40:46 - 6:08:10 - Memory allocated:  172.12MB, reserved: 4088.00MB
INFO - 12/01/25 23:40:46 - 6:08:10 - ============ End of epoch 134 ============
INFO - 12/01/25 23:40:46 - 6:08:10 - Creating valid iterator for arithmetic ...
INFO - 12/01/25 23:40:46 - 6:08:10 - Loading data from /mnt/e/AI@UWMELK-local/mobius_case_study/input/input_dir_interCRT100_natural/lambdasq_interCRT100_natural.txt.test ...
INFO - 12/01/25 23:40:47 - 6:08:11 - Loaded 100000 equations from the disk.
INFO - 12/01/25 23:40:57 - 6:08:21 - 10000/10000 (100.0%) equations were evaluated correctly.
INFO - 12/01/25 23:40:57 - 6:08:21 - 1: 10000 / 10000 (100.00%)
INFO - 12/01/25 23:40:57 - 6:08:21 - Memory allocated:  172.12MB, reserved: 4088.00MB
INFO - 12/01/25 23:40:57 - 6:08:21 - __log__:{"epoch": 134, "valid_arithmetic_xe_loss": 0.0, "valid_arithmetic_acc": 100.0, "valid_arithmetic_perfect": 100.0, "valid_arithmetic_correct": 100.0, "valid_arithmetic_acc_d1": 100.0, "valid_arithmetic_acc_d2": 100.0, "valid_arithmetic_acc_d3": 100.0, "valid_arithmetic_acc_1": 100.0}
INFO - 12/01/25 23:40:57 - 6:08:21 - Saving checkpoint to /mnt/e/AI@UWMELK-local/mobius_case_study/models/model_interCRT100_natural_liouville/lambdasq/1/checkpoint.pth ...
WARNING - 12/01/25 23:40:57 - 6:08:21 - Saving encoder parameters ...
WARNING - 12/01/25 23:40:57 - 6:08:21 - Saving decoder parameters ...
WARNING - 12/01/25 23:40:57 - 6:08:21 - Saving optimizer ...
INFO - 12/01/25 23:40:57 - 6:08:21 - ============ Starting epoch 135 ... ============
INFO - 12/01/25 23:41:17 - 6:08:41 -  140800 -  228.65 equations/s - 92145.32 words/s - ARITHMETIC:  0.0000 - LR: 4.2137e-05
INFO - 12/01/25 23:41:47 - 6:09:11 -  141000 -  319.17 equations/s - 128624.09 words/s - ARITHMETIC:  0.0000 - LR: 4.2108e-05
INFO - 12/01/25 23:42:18 - 6:09:42 -  141200 -  315.86 equations/s - 127293.47 words/s - ARITHMETIC:  0.0000 - LR: 4.2078e-05
INFO - 12/01/25 23:42:47 - 6:10:11 -  141400 -  328.94 equations/s - 132561.38 words/s - ARITHMETIC:  0.0000 - LR: 4.2048e-05
INFO - 12/01/25 23:43:19 - 6:10:43 -  141600 -  297.00 equations/s - 119692.51 words/s - ARITHMETIC:  0.0000 - LR: 4.2018e-05
INFO - 12/01/25 23:43:37 - 6:11:01 - Memory allocated:  172.12MB, reserved: 4088.00MB
INFO - 12/01/25 23:43:37 - 6:11:01 - ============ End of epoch 135 ============
INFO - 12/01/25 23:43:37 - 6:11:01 - Creating valid iterator for arithmetic ...
INFO - 12/01/25 23:43:37 - 6:11:01 - Loading data from /mnt/e/AI@UWMELK-local/mobius_case_study/input/input_dir_interCRT100_natural/lambdasq_interCRT100_natural.txt.test ...
INFO - 12/01/25 23:43:38 - 6:11:02 - Loaded 100000 equations from the disk.
INFO - 12/01/25 23:43:47 - 6:11:11 - 10000/10000 (100.0%) equations were evaluated correctly.
INFO - 12/01/25 23:43:47 - 6:11:11 - 1: 10000 / 10000 (100.00%)
INFO - 12/01/25 23:43:47 - 6:11:11 - Memory allocated:  172.12MB, reserved: 4088.00MB
INFO - 12/01/25 23:43:47 - 6:11:11 - __log__:{"epoch": 135, "valid_arithmetic_xe_loss": 0.0, "valid_arithmetic_acc": 100.0, "valid_arithmetic_perfect": 100.0, "valid_arithmetic_correct": 100.0, "valid_arithmetic_acc_d1": 100.0, "valid_arithmetic_acc_d2": 100.0, "valid_arithmetic_acc_d3": 100.0, "valid_arithmetic_acc_1": 100.0}
INFO - 12/01/25 23:43:47 - 6:11:11 - Saving checkpoint to /mnt/e/AI@UWMELK-local/mobius_case_study/models/model_interCRT100_natural_liouville/lambdasq/1/checkpoint.pth ...
WARNING - 12/01/25 23:43:47 - 6:11:11 - Saving encoder parameters ...
WARNING - 12/01/25 23:43:47 - 6:11:11 - Saving decoder parameters ...
WARNING - 12/01/25 23:43:47 - 6:11:11 - Saving optimizer ...
INFO - 12/01/25 23:43:48 - 6:11:12 - ============ Starting epoch 136 ... ============
INFO - 12/01/25 23:44:01 - 6:11:25 -  141800 -  229.16 equations/s - 92350.82 words/s - ARITHMETIC:  0.0000 - LR: 4.1989e-05
INFO - 12/01/25 23:44:32 - 6:11:56 -  142000 -  307.39 equations/s - 123878.21 words/s - ARITHMETIC:  0.0000 - LR: 4.1959e-05
INFO - 12/01/25 23:45:02 - 6:12:26 -  142200 -  328.02 equations/s - 132191.52 words/s - ARITHMETIC:  0.0000 - LR: 4.1930e-05
INFO - 12/01/25 23:45:32 - 6:12:56 -  142400 -  311.27 equations/s - 125441.00 words/s - ARITHMETIC:  0.0000 - LR: 4.1900e-05
INFO - 12/01/25 23:46:02 - 6:13:26 -  142600 -  327.69 equations/s - 132058.38 words/s - ARITHMETIC:  0.0000 - LR: 4.1871e-05
INFO - 12/01/25 23:46:25 - 6:13:48 - Memory allocated:  172.12MB, reserved: 4088.00MB
INFO - 12/01/25 23:46:25 - 6:13:48 - ============ End of epoch 136 ============
INFO - 12/01/25 23:46:25 - 6:13:48 - Creating valid iterator for arithmetic ...
INFO - 12/01/25 23:46:25 - 6:13:48 - Loading data from /mnt/e/AI@UWMELK-local/mobius_case_study/input/input_dir_interCRT100_natural/lambdasq_interCRT100_natural.txt.test ...
INFO - 12/01/25 23:46:26 - 6:13:50 - Loaded 100000 equations from the disk.
INFO - 12/01/25 23:46:35 - 6:13:59 - 10000/10000 (100.0%) equations were evaluated correctly.
INFO - 12/01/25 23:46:35 - 6:13:59 - 1: 10000 / 10000 (100.00%)
INFO - 12/01/25 23:46:35 - 6:13:59 - Memory allocated:  172.12MB, reserved: 4088.00MB
INFO - 12/01/25 23:46:35 - 6:13:59 - __log__:{"epoch": 136, "valid_arithmetic_xe_loss": 0.0, "valid_arithmetic_acc": 100.0, "valid_arithmetic_perfect": 100.0, "valid_arithmetic_correct": 100.0, "valid_arithmetic_acc_d1": 100.0, "valid_arithmetic_acc_d2": 100.0, "valid_arithmetic_acc_d3": 100.0, "valid_arithmetic_acc_1": 100.0}
INFO - 12/01/25 23:46:35 - 6:13:59 - Saving checkpoint to /mnt/e/AI@UWMELK-local/mobius_case_study/models/model_interCRT100_natural_liouville/lambdasq/1/checkpoint.pth ...
WARNING - 12/01/25 23:46:35 - 6:13:59 - Saving encoder parameters ...
WARNING - 12/01/25 23:46:35 - 6:13:59 - Saving decoder parameters ...
WARNING - 12/01/25 23:46:35 - 6:13:59 - Saving optimizer ...
INFO - 12/01/25 23:46:36 - 6:14:00 - ============ Starting epoch 137 ... ============
INFO - 12/01/25 23:46:42 - 6:14:06 -  142800 -  235.64 equations/s - 94961.23 words/s - ARITHMETIC:  0.0000 - LR: 4.1841e-05
INFO - 12/01/25 23:47:12 - 6:14:36 -  143000 -  321.49 equations/s - 129560.72 words/s - ARITHMETIC:  0.0000 - LR: 4.1812e-05
INFO - 12/01/25 23:47:42 - 6:15:06 -  143200 -  319.18 equations/s - 128631.11 words/s - ARITHMETIC:  0.0000 - LR: 4.1783e-05
INFO - 12/01/25 23:48:13 - 6:15:37 -  143400 -  316.41 equations/s - 127512.40 words/s - ARITHMETIC:  0.0000 - LR: 4.1754e-05
INFO - 12/01/25 23:48:43 - 6:16:07 -  143600 -  315.84 equations/s - 127283.82 words/s - ARITHMETIC:  0.0000 - LR: 4.1725e-05
INFO - 12/01/25 23:49:13 - 6:16:37 - Memory allocated:  172.12MB, reserved: 4088.00MB
INFO - 12/01/25 23:49:13 - 6:16:37 - ============ End of epoch 137 ============
INFO - 12/01/25 23:49:13 - 6:16:37 - Creating valid iterator for arithmetic ...
INFO - 12/01/25 23:49:13 - 6:16:37 - Loading data from /mnt/e/AI@UWMELK-local/mobius_case_study/input/input_dir_interCRT100_natural/lambdasq_interCRT100_natural.txt.test ...
INFO - 12/01/25 23:49:14 - 6:16:38 - Loaded 100000 equations from the disk.
INFO - 12/01/25 23:49:24 - 6:16:48 - 10000/10000 (100.0%) equations were evaluated correctly.
INFO - 12/01/25 23:49:24 - 6:16:48 - 1: 10000 / 10000 (100.00%)
INFO - 12/01/25 23:49:24 - 6:16:48 - Memory allocated:  172.12MB, reserved: 4088.00MB
INFO - 12/01/25 23:49:24 - 6:16:48 - __log__:{"epoch": 137, "valid_arithmetic_xe_loss": 0.0, "valid_arithmetic_acc": 100.0, "valid_arithmetic_perfect": 100.0, "valid_arithmetic_correct": 100.0, "valid_arithmetic_acc_d1": 100.0, "valid_arithmetic_acc_d2": 100.0, "valid_arithmetic_acc_d3": 100.0, "valid_arithmetic_acc_1": 100.0}
INFO - 12/01/25 23:49:24 - 6:16:48 - Saving checkpoint to /mnt/e/AI@UWMELK-local/mobius_case_study/models/model_interCRT100_natural_liouville/lambdasq/1/checkpoint.pth ...
WARNING - 12/01/25 23:49:24 - 6:16:48 - Saving encoder parameters ...
WARNING - 12/01/25 23:49:24 - 6:16:48 - Saving decoder parameters ...
WARNING - 12/01/25 23:49:24 - 6:16:48 - Saving optimizer ...
INFO - 12/01/25 23:49:25 - 6:16:48 - ============ Starting epoch 138 ... ============
INFO - 12/01/25 23:49:25 - 6:16:49 -  143800 -  228.67 equations/s - 92153.41 words/s - ARITHMETIC:  0.0000 - LR: 4.1696e-05
INFO - 12/01/25 23:49:55 - 6:17:19 -  144000 -  322.96 equations/s - 130154.05 words/s - ARITHMETIC:  0.0000 - LR: 4.1667e-05
INFO - 12/01/25 23:50:24 - 6:17:48 -  144200 -  325.01 equations/s - 130978.68 words/s - ARITHMETIC:  0.0000 - LR: 4.1638e-05
INFO - 12/01/25 23:50:54 - 6:18:18 -  144400 -  328.65 equations/s - 132445.18 words/s - ARITHMETIC:  0.0000 - LR: 4.1609e-05
INFO - 12/01/25 23:51:23 - 6:18:47 -  144600 -  329.08 equations/s - 132621.01 words/s - ARITHMETIC:  0.0000 - LR: 4.1580e-05
INFO - 12/01/25 23:51:52 - 6:19:16 -  144800 -  329.27 equations/s - 132696.51 words/s - ARITHMETIC:  0.0000 - LR: 4.1551e-05
INFO - 12/01/25 23:51:57 - 6:19:21 - Memory allocated:  172.12MB, reserved: 4088.00MB
INFO - 12/01/25 23:51:57 - 6:19:21 - ============ End of epoch 138 ============
INFO - 12/01/25 23:51:57 - 6:19:21 - Creating valid iterator for arithmetic ...
INFO - 12/01/25 23:51:57 - 6:19:21 - Loading data from /mnt/e/AI@UWMELK-local/mobius_case_study/input/input_dir_interCRT100_natural/lambdasq_interCRT100_natural.txt.test ...
INFO - 12/01/25 23:51:59 - 6:19:23 - Loaded 100000 equations from the disk.
INFO - 12/01/25 23:52:08 - 6:19:32 - 10000/10000 (100.0%) equations were evaluated correctly.
INFO - 12/01/25 23:52:08 - 6:19:32 - 1: 10000 / 10000 (100.00%)
INFO - 12/01/25 23:52:08 - 6:19:32 - Memory allocated:  172.12MB, reserved: 4088.00MB
INFO - 12/01/25 23:52:08 - 6:19:32 - __log__:{"epoch": 138, "valid_arithmetic_xe_loss": 0.0, "valid_arithmetic_acc": 100.0, "valid_arithmetic_perfect": 100.0, "valid_arithmetic_correct": 100.0, "valid_arithmetic_acc_d1": 100.0, "valid_arithmetic_acc_d2": 100.0, "valid_arithmetic_acc_d3": 100.0, "valid_arithmetic_acc_1": 100.0}
INFO - 12/01/25 23:52:08 - 6:19:32 - Saving checkpoint to /mnt/e/AI@UWMELK-local/mobius_case_study/models/model_interCRT100_natural_liouville/lambdasq/1/checkpoint.pth ...
WARNING - 12/01/25 23:52:08 - 6:19:32 - Saving encoder parameters ...
WARNING - 12/01/25 23:52:08 - 6:19:32 - Saving decoder parameters ...
WARNING - 12/01/25 23:52:08 - 6:19:32 - Saving optimizer ...
INFO - 12/01/25 23:52:09 - 6:19:33 - ============ Starting epoch 139 ... ============
INFO - 12/01/25 23:52:32 - 6:19:56 -  145000 -  237.76 equations/s - 95815.68 words/s - ARITHMETIC:  0.0000 - LR: 4.1523e-05
INFO - 12/01/25 23:53:02 - 6:20:25 -  145200 -  328.93 equations/s - 132557.79 words/s - ARITHMETIC:  0.0000 - LR: 4.1494e-05
INFO - 12/01/25 23:53:31 - 6:20:55 -  145400 -  327.78 equations/s - 132097.16 words/s - ARITHMETIC:  0.0000 - LR: 4.1466e-05
INFO - 12/01/25 23:54:00 - 6:21:24 -  145600 -  326.41 equations/s - 131542.84 words/s - ARITHMETIC:  0.0000 - LR: 4.1437e-05
INFO - 12/01/25 23:54:30 - 6:21:54 -  145800 -  324.79 equations/s - 130888.84 words/s - ARITHMETIC:  0.0000 - LR: 4.1409e-05
INFO - 12/01/25 23:54:42 - 6:22:06 - Memory allocated:  172.12MB, reserved: 4088.00MB
INFO - 12/01/25 23:54:42 - 6:22:06 - ============ End of epoch 139 ============
INFO - 12/01/25 23:54:42 - 6:22:06 - Creating valid iterator for arithmetic ...
INFO - 12/01/25 23:54:42 - 6:22:06 - Loading data from /mnt/e/AI@UWMELK-local/mobius_case_study/input/input_dir_interCRT100_natural/lambdasq_interCRT100_natural.txt.test ...
INFO - 12/01/25 23:54:43 - 6:22:07 - Loaded 100000 equations from the disk.
INFO - 12/01/25 23:54:52 - 6:22:16 - 10000/10000 (100.0%) equations were evaluated correctly.
INFO - 12/01/25 23:54:52 - 6:22:16 - 1: 10000 / 10000 (100.00%)
INFO - 12/01/25 23:54:52 - 6:22:16 - Memory allocated:  172.12MB, reserved: 4088.00MB
INFO - 12/01/25 23:54:52 - 6:22:16 - __log__:{"epoch": 139, "valid_arithmetic_xe_loss": 0.0, "valid_arithmetic_acc": 100.0, "valid_arithmetic_perfect": 100.0, "valid_arithmetic_correct": 100.0, "valid_arithmetic_acc_d1": 100.0, "valid_arithmetic_acc_d2": 100.0, "valid_arithmetic_acc_d3": 100.0, "valid_arithmetic_acc_1": 100.0}
INFO - 12/01/25 23:54:52 - 6:22:16 - Saving checkpoint to /mnt/e/AI@UWMELK-local/mobius_case_study/models/model_interCRT100_natural_liouville/lambdasq/1/checkpoint.pth ...
WARNING - 12/01/25 23:54:52 - 6:22:16 - Saving encoder parameters ...
WARNING - 12/01/25 23:54:52 - 6:22:16 - Saving decoder parameters ...
WARNING - 12/01/25 23:54:52 - 6:22:16 - Saving optimizer ...
INFO - 12/01/25 23:54:53 - 6:22:17 - ============ Starting epoch 140 ... ============
INFO - 12/01/25 23:55:11 - 6:22:35 -  146000 -  235.13 equations/s - 94756.75 words/s - ARITHMETIC:  0.0000 - LR: 4.1380e-05
INFO - 12/01/25 23:55:40 - 6:23:04 -  146200 -  322.39 equations/s - 129924.02 words/s - ARITHMETIC:  0.0000 - LR: 4.1352e-05
INFO - 12/01/25 23:56:10 - 6:23:34 -  146400 -  322.94 equations/s - 130146.07 words/s - ARITHMETIC:  0.0000 - LR: 4.1324e-05
INFO - 12/01/25 23:56:40 - 6:24:04 -  146600 -  325.64 equations/s - 131234.53 words/s - ARITHMETIC:  0.0000 - LR: 4.1296e-05
INFO - 12/01/25 23:57:10 - 6:24:34 -  146800 -  316.46 equations/s - 127533.94 words/s - ARITHMETIC:  0.0000 - LR: 4.1267e-05
INFO - 12/01/25 23:57:29 - 6:24:53 - Memory allocated:  172.12MB, reserved: 4088.00MB
INFO - 12/01/25 23:57:29 - 6:24:53 - ============ End of epoch 140 ============
INFO - 12/01/25 23:57:29 - 6:24:53 - Creating valid iterator for arithmetic ...
INFO - 12/01/25 23:57:29 - 6:24:53 - Loading data from /mnt/e/AI@UWMELK-local/mobius_case_study/input/input_dir_interCRT100_natural/lambdasq_interCRT100_natural.txt.test ...
INFO - 12/01/25 23:57:30 - 6:24:54 - Loaded 100000 equations from the disk.
INFO - 12/01/25 23:57:40 - 6:25:04 - 10000/10000 (100.0%) equations were evaluated correctly.
INFO - 12/01/25 23:57:40 - 6:25:04 - 1: 10000 / 10000 (100.00%)
INFO - 12/01/25 23:57:40 - 6:25:04 - Memory allocated:  172.12MB, reserved: 4088.00MB
INFO - 12/01/25 23:57:40 - 6:25:04 - __log__:{"epoch": 140, "valid_arithmetic_xe_loss": 1.0836123417590216e-08, "valid_arithmetic_acc": 100.0, "valid_arithmetic_perfect": 100.0, "valid_arithmetic_correct": 100.0, "valid_arithmetic_acc_d1": 100.0, "valid_arithmetic_acc_d2": 100.0, "valid_arithmetic_acc_d3": 100.0, "valid_arithmetic_acc_1": 100.0}
INFO - 12/01/25 23:57:40 - 6:25:04 - Saving checkpoint to /mnt/e/AI@UWMELK-local/mobius_case_study/models/model_interCRT100_natural_liouville/lambdasq/1/checkpoint.pth ...
WARNING - 12/01/25 23:57:40 - 6:25:04 - Saving encoder parameters ...
WARNING - 12/01/25 23:57:40 - 6:25:04 - Saving decoder parameters ...
WARNING - 12/01/25 23:57:40 - 6:25:04 - Saving optimizer ...
INFO - 12/01/25 23:57:40 - 6:25:04 - ============ Starting epoch 141 ... ============
INFO - 12/01/25 23:57:52 - 6:25:16 -  147000 -  227.43 equations/s - 91653.95 words/s - ARITHMETIC:  0.0000 - LR: 4.1239e-05
INFO - 12/01/25 23:58:24 - 6:25:48 -  147200 -  304.93 equations/s - 122887.17 words/s - ARITHMETIC:  0.0000 - LR: 4.1211e-05
INFO - 12/01/25 23:58:53 - 6:26:17 -  147400 -  324.45 equations/s - 130753.79 words/s - ARITHMETIC:  0.0000 - LR: 4.1183e-05
INFO - 12/01/25 23:59:23 - 6:26:47 -  147600 -  318.80 equations/s - 128475.16 words/s - ARITHMETIC:  0.0000 - LR: 4.1155e-05
INFO - 12/01/25 23:59:53 - 6:27:17 -  147800 -  322.34 equations/s - 129902.37 words/s - ARITHMETIC:  0.0000 - LR: 4.1128e-05
INFO - 12/02/25 00:00:18 - 6:27:42 - Memory allocated:  172.12MB, reserved: 4088.00MB
INFO - 12/02/25 00:00:18 - 6:27:42 - ============ End of epoch 141 ============
INFO - 12/02/25 00:00:18 - 6:27:42 - Creating valid iterator for arithmetic ...
INFO - 12/02/25 00:00:18 - 6:27:42 - Loading data from /mnt/e/AI@UWMELK-local/mobius_case_study/input/input_dir_interCRT100_natural/lambdasq_interCRT100_natural.txt.test ...
INFO - 12/02/25 00:00:20 - 6:27:43 - Loaded 100000 equations from the disk.
INFO - 12/02/25 00:00:30 - 6:27:53 - 10000/10000 (100.0%) equations were evaluated correctly.
INFO - 12/02/25 00:00:30 - 6:27:53 - 1: 10000 / 10000 (100.00%)
INFO - 12/02/25 00:00:30 - 6:27:53 - Memory allocated:  172.12MB, reserved: 4088.00MB
INFO - 12/02/25 00:00:30 - 6:27:53 - __log__:{"epoch": 141, "valid_arithmetic_xe_loss": 0.0, "valid_arithmetic_acc": 100.0, "valid_arithmetic_perfect": 100.0, "valid_arithmetic_correct": 100.0, "valid_arithmetic_acc_d1": 100.0, "valid_arithmetic_acc_d2": 100.0, "valid_arithmetic_acc_d3": 100.0, "valid_arithmetic_acc_1": 100.0}
INFO - 12/02/25 00:00:30 - 6:27:53 - Saving checkpoint to /mnt/e/AI@UWMELK-local/mobius_case_study/models/model_interCRT100_natural_liouville/lambdasq/1/checkpoint.pth ...
WARNING - 12/02/25 00:00:30 - 6:27:53 - Saving encoder parameters ...
WARNING - 12/02/25 00:00:30 - 6:27:53 - Saving decoder parameters ...
WARNING - 12/02/25 00:00:30 - 6:27:53 - Saving optimizer ...
INFO - 12/02/25 00:00:30 - 6:27:54 - ============ Starting epoch 142 ... ============
INFO - 12/02/25 00:00:36 - 6:28:00 -  148000 -  225.28 equations/s - 90788.43 words/s - ARITHMETIC:  0.0000 - LR: 4.1100e-05
INFO - 12/02/25 00:01:05 - 6:28:29 -  148200 -  326.48 equations/s - 131570.82 words/s - ARITHMETIC:  0.0000 - LR: 4.1072e-05
INFO - 12/02/25 00:01:35 - 6:28:59 -  148400 -  318.98 equations/s - 128550.26 words/s - ARITHMETIC:  0.0000 - LR: 4.1044e-05
INFO - 12/02/25 00:02:05 - 6:29:29 -  148600 -  318.47 equations/s - 128345.25 words/s - ARITHMETIC:  0.0000 - LR: 4.1017e-05
INFO - 12/02/25 00:02:37 - 6:30:01 -  148800 -  306.82 equations/s - 123646.75 words/s - ARITHMETIC:  0.0000 - LR: 4.0989e-05
INFO - 12/02/25 00:03:08 - 6:30:32 -  149000 -  304.87 equations/s - 122862.17 words/s - ARITHMETIC:  0.0000 - LR: 4.0962e-05
INFO - 12/02/25 00:03:09 - 6:30:33 - Memory allocated:  172.12MB, reserved: 4088.00MB
INFO - 12/02/25 00:03:09 - 6:30:33 - ============ End of epoch 142 ============
INFO - 12/02/25 00:03:09 - 6:30:33 - Creating valid iterator for arithmetic ...
INFO - 12/02/25 00:03:09 - 6:30:33 - Loading data from /mnt/e/AI@UWMELK-local/mobius_case_study/input/input_dir_interCRT100_natural/lambdasq_interCRT100_natural.txt.test ...
INFO - 12/02/25 00:03:10 - 6:30:34 - Loaded 100000 equations from the disk.
INFO - 12/02/25 00:03:21 - 6:30:45 - 10000/10000 (100.0%) equations were evaluated correctly.
INFO - 12/02/25 00:03:21 - 6:30:45 - 1: 10000 / 10000 (100.00%)
INFO - 12/02/25 00:03:21 - 6:30:45 - Memory allocated:  172.12MB, reserved: 4088.00MB
INFO - 12/02/25 00:03:21 - 6:30:45 - __log__:{"epoch": 142, "valid_arithmetic_xe_loss": 0.0, "valid_arithmetic_acc": 100.0, "valid_arithmetic_perfect": 100.0, "valid_arithmetic_correct": 100.0, "valid_arithmetic_acc_d1": 100.0, "valid_arithmetic_acc_d2": 100.0, "valid_arithmetic_acc_d3": 100.0, "valid_arithmetic_acc_1": 100.0}
INFO - 12/02/25 00:03:21 - 6:30:45 - Saving checkpoint to /mnt/e/AI@UWMELK-local/mobius_case_study/models/model_interCRT100_natural_liouville/lambdasq/1/checkpoint.pth ...
WARNING - 12/02/25 00:03:21 - 6:30:45 - Saving encoder parameters ...
WARNING - 12/02/25 00:03:21 - 6:30:45 - Saving decoder parameters ...
WARNING - 12/02/25 00:03:21 - 6:30:45 - Saving optimizer ...
INFO - 12/02/25 00:03:22 - 6:30:46 - ============ Starting epoch 143 ... ============
INFO - 12/02/25 00:03:53 - 6:31:17 -  149200 -  212.98 equations/s - 85831.89 words/s - ARITHMETIC:  0.0000 - LR: 4.0934e-05
INFO - 12/02/25 00:04:25 - 6:31:49 -  149400 -  304.04 equations/s - 122529.81 words/s - ARITHMETIC:  0.0000 - LR: 4.0907e-05
INFO - 12/02/25 00:04:56 - 6:32:20 -  149600 -  304.50 equations/s - 122713.15 words/s - ARITHMETIC:  0.0000 - LR: 4.0879e-05
INFO - 12/02/25 00:05:28 - 6:32:52 -  149800 -  304.48 equations/s - 122704.06 words/s - ARITHMETIC:  0.0000 - LR: 4.0852e-05
INFO - 12/02/25 00:05:59 - 6:33:23 -  150000 -  304.54 equations/s - 122729.87 words/s - ARITHMETIC:  0.0000 - LR: 4.0825e-05
INFO - 12/02/25 00:06:07 - 6:33:31 - Memory allocated:  172.12MB, reserved: 4088.00MB
INFO - 12/02/25 00:06:07 - 6:33:31 - ============ End of epoch 143 ============
INFO - 12/02/25 00:06:07 - 6:33:31 - Creating valid iterator for arithmetic ...
INFO - 12/02/25 00:06:07 - 6:33:31 - Loading data from /mnt/e/AI@UWMELK-local/mobius_case_study/input/input_dir_interCRT100_natural/lambdasq_interCRT100_natural.txt.test ...
INFO - 12/02/25 00:06:08 - 6:33:32 - Loaded 100000 equations from the disk.
INFO - 12/02/25 00:06:19 - 6:33:42 - 10000/10000 (100.0%) equations were evaluated correctly.
INFO - 12/02/25 00:06:19 - 6:33:42 - 1: 10000 / 10000 (100.00%)
INFO - 12/02/25 00:06:19 - 6:33:42 - Memory allocated:  172.12MB, reserved: 4088.00MB
INFO - 12/02/25 00:06:19 - 6:33:42 - __log__:{"epoch": 143, "valid_arithmetic_xe_loss": 0.0, "valid_arithmetic_acc": 100.0, "valid_arithmetic_perfect": 100.0, "valid_arithmetic_correct": 100.0, "valid_arithmetic_acc_d1": 100.0, "valid_arithmetic_acc_d2": 100.0, "valid_arithmetic_acc_d3": 100.0, "valid_arithmetic_acc_1": 100.0}
INFO - 12/02/25 00:06:19 - 6:33:42 - Saving checkpoint to /mnt/e/AI@UWMELK-local/mobius_case_study/models/model_interCRT100_natural_liouville/lambdasq/1/checkpoint.pth ...
WARNING - 12/02/25 00:06:19 - 6:33:42 - Saving encoder parameters ...
WARNING - 12/02/25 00:06:19 - 6:33:42 - Saving decoder parameters ...
WARNING - 12/02/25 00:06:19 - 6:33:42 - Saving optimizer ...
INFO - 12/02/25 00:06:19 - 6:33:43 - ============ Starting epoch 144 ... ============
INFO - 12/02/25 00:06:43 - 6:34:07 -  150200 -  219.76 equations/s - 88564.16 words/s - ARITHMETIC:  0.0000 - LR: 4.0798e-05
INFO - 12/02/25 00:07:15 - 6:34:38 -  150400 -  304.43 equations/s - 122684.34 words/s - ARITHMETIC:  0.0000 - LR: 4.0771e-05
INFO - 12/02/25 00:07:46 - 6:35:10 -  150600 -  304.24 equations/s - 122608.81 words/s - ARITHMETIC:  0.0000 - LR: 4.0743e-05
INFO - 12/02/25 00:08:18 - 6:35:42 -  150800 -  304.51 equations/s - 122715.61 words/s - ARITHMETIC:  0.0000 - LR: 4.0716e-05
INFO - 12/02/25 00:08:49 - 6:36:13 -  151000 -  303.94 equations/s - 122488.44 words/s - ARITHMETIC:  0.0000 - LR: 4.0689e-05
INFO - 12/02/25 00:09:03 - 6:36:27 - Memory allocated:  172.12MB, reserved: 4088.00MB
INFO - 12/02/25 00:09:03 - 6:36:27 - ============ End of epoch 144 ============
INFO - 12/02/25 00:09:03 - 6:36:27 - Creating valid iterator for arithmetic ...
INFO - 12/02/25 00:09:03 - 6:36:27 - Loading data from /mnt/e/AI@UWMELK-local/mobius_case_study/input/input_dir_interCRT100_natural/lambdasq_interCRT100_natural.txt.test ...
INFO - 12/02/25 00:09:05 - 6:36:29 - Loaded 100000 equations from the disk.
INFO - 12/02/25 00:09:15 - 6:36:39 - 10000/10000 (100.0%) equations were evaluated correctly.
INFO - 12/02/25 00:09:15 - 6:36:39 - 1: 10000 / 10000 (100.00%)
INFO - 12/02/25 00:09:15 - 6:36:39 - Memory allocated:  172.12MB, reserved: 4088.00MB
INFO - 12/02/25 00:09:15 - 6:36:39 - __log__:{"epoch": 144, "valid_arithmetic_xe_loss": 1.0687112097684803e-07, "valid_arithmetic_acc": 100.0, "valid_arithmetic_perfect": 100.0, "valid_arithmetic_correct": 100.0, "valid_arithmetic_acc_d1": 100.0, "valid_arithmetic_acc_d2": 100.0, "valid_arithmetic_acc_d3": 100.0, "valid_arithmetic_acc_1": 100.0}
INFO - 12/02/25 00:09:15 - 6:36:39 - Saving checkpoint to /mnt/e/AI@UWMELK-local/mobius_case_study/models/model_interCRT100_natural_liouville/lambdasq/1/checkpoint.pth ...
WARNING - 12/02/25 00:09:15 - 6:36:39 - Saving encoder parameters ...
WARNING - 12/02/25 00:09:15 - 6:36:39 - Saving decoder parameters ...
WARNING - 12/02/25 00:09:15 - 6:36:39 - Saving optimizer ...
INFO - 12/02/25 00:09:15 - 6:36:39 - ============ Starting epoch 145 ... ============
INFO - 12/02/25 00:09:33 - 6:36:57 -  151200 -  220.38 equations/s - 88813.29 words/s - ARITHMETIC:  0.0000 - LR: 4.0663e-05
INFO - 12/02/25 00:10:04 - 6:37:28 -  151400 -  304.08 equations/s - 122542.58 words/s - ARITHMETIC:  0.0000 - LR: 4.0636e-05
INFO - 12/02/25 00:10:36 - 6:38:00 -  151600 -  304.71 equations/s - 122799.94 words/s - ARITHMETIC:  0.0000 - LR: 4.0609e-05
INFO - 12/02/25 00:11:07 - 6:38:31 -  151800 -  303.93 equations/s - 122484.58 words/s - ARITHMETIC:  0.0000 - LR: 4.0582e-05
INFO - 12/02/25 00:11:39 - 6:39:03 -  152000 -  303.95 equations/s - 122493.00 words/s - ARITHMETIC:  0.0000 - LR: 4.0555e-05
INFO - 12/02/25 00:12:00 - 6:39:24 - Memory allocated:  172.12MB, reserved: 4088.00MB
INFO - 12/02/25 00:12:00 - 6:39:24 - ============ End of epoch 145 ============
INFO - 12/02/25 00:12:00 - 6:39:24 - Creating valid iterator for arithmetic ...
INFO - 12/02/25 00:12:00 - 6:39:24 - Loading data from /mnt/e/AI@UWMELK-local/mobius_case_study/input/input_dir_interCRT100_natural/lambdasq_interCRT100_natural.txt.test ...
INFO - 12/02/25 00:12:01 - 6:39:25 - Loaded 100000 equations from the disk.
INFO - 12/02/25 00:12:11 - 6:39:35 - 10000/10000 (100.0%) equations were evaluated correctly.
INFO - 12/02/25 00:12:11 - 6:39:35 - 1: 10000 / 10000 (100.00%)
INFO - 12/02/25 00:12:11 - 6:39:35 - Memory allocated:  172.12MB, reserved: 4088.00MB
INFO - 12/02/25 00:12:11 - 6:39:35 - __log__:{"epoch": 145, "valid_arithmetic_xe_loss": 3.4570691838098355e-10, "valid_arithmetic_acc": 100.0, "valid_arithmetic_perfect": 100.0, "valid_arithmetic_correct": 100.0, "valid_arithmetic_acc_d1": 100.0, "valid_arithmetic_acc_d2": 100.0, "valid_arithmetic_acc_d3": 100.0, "valid_arithmetic_acc_1": 100.0}
INFO - 12/02/25 00:12:11 - 6:39:35 - Saving checkpoint to /mnt/e/AI@UWMELK-local/mobius_case_study/models/model_interCRT100_natural_liouville/lambdasq/1/checkpoint.pth ...
WARNING - 12/02/25 00:12:11 - 6:39:35 - Saving encoder parameters ...
WARNING - 12/02/25 00:12:11 - 6:39:35 - Saving decoder parameters ...
WARNING - 12/02/25 00:12:11 - 6:39:35 - Saving optimizer ...
INFO - 12/02/25 00:12:12 - 6:39:36 - ============ Starting epoch 146 ... ============
INFO - 12/02/25 00:12:23 - 6:39:46 -  152200 -  220.61 equations/s - 88904.62 words/s - ARITHMETIC:  0.0000 - LR: 4.0529e-05
INFO - 12/02/25 00:12:54 - 6:40:18 -  152400 -  303.66 equations/s - 122376.70 words/s - ARITHMETIC:  0.0000 - LR: 4.0502e-05
INFO - 12/02/25 00:13:26 - 6:40:50 -  152600 -  303.56 equations/s - 122333.88 words/s - ARITHMETIC:  0.0000 - LR: 4.0476e-05
INFO - 12/02/25 00:13:57 - 6:41:21 -  152800 -  303.89 equations/s - 122468.39 words/s - ARITHMETIC:  0.0000 - LR: 4.0449e-05
INFO - 12/02/25 00:14:29 - 6:41:53 -  153000 -  304.00 equations/s - 122511.98 words/s - ARITHMETIC:  0.0000 - LR: 4.0423e-05
INFO - 12/02/25 00:14:56 - 6:42:20 - Memory allocated:  172.12MB, reserved: 4088.00MB
INFO - 12/02/25 00:14:56 - 6:42:20 - ============ End of epoch 146 ============
INFO - 12/02/25 00:14:56 - 6:42:20 - Creating valid iterator for arithmetic ...
INFO - 12/02/25 00:14:56 - 6:42:20 - Loading data from /mnt/e/AI@UWMELK-local/mobius_case_study/input/input_dir_interCRT100_natural/lambdasq_interCRT100_natural.txt.test ...
INFO - 12/02/25 00:14:58 - 6:42:22 - Loaded 100000 equations from the disk.
INFO - 12/02/25 00:15:08 - 6:42:32 - 10000/10000 (100.0%) equations were evaluated correctly.
INFO - 12/02/25 00:15:08 - 6:42:32 - 1: 10000 / 10000 (100.00%)
INFO - 12/02/25 00:15:08 - 6:42:32 - Memory allocated:  172.12MB, reserved: 4088.00MB
INFO - 12/02/25 00:15:08 - 6:42:32 - __log__:{"epoch": 146, "valid_arithmetic_xe_loss": 0.0, "valid_arithmetic_acc": 100.0, "valid_arithmetic_perfect": 100.0, "valid_arithmetic_correct": 100.0, "valid_arithmetic_acc_d1": 100.0, "valid_arithmetic_acc_d2": 100.0, "valid_arithmetic_acc_d3": 100.0, "valid_arithmetic_acc_1": 100.0}
INFO - 12/02/25 00:15:08 - 6:42:32 - Saving checkpoint to /mnt/e/AI@UWMELK-local/mobius_case_study/models/model_interCRT100_natural_liouville/lambdasq/1/checkpoint.pth ...
WARNING - 12/02/25 00:15:08 - 6:42:32 - Saving encoder parameters ...
WARNING - 12/02/25 00:15:08 - 6:42:32 - Saving decoder parameters ...
WARNING - 12/02/25 00:15:08 - 6:42:32 - Saving optimizer ...
INFO - 12/02/25 00:15:09 - 6:42:32 - ============ Starting epoch 147 ... ============
INFO - 12/02/25 00:15:13 - 6:42:37 -  153200 -  219.96 equations/s - 88643.61 words/s - ARITHMETIC:  0.0000 - LR: 4.0396e-05
INFO - 12/02/25 00:15:44 - 6:43:08 -  153400 -  304.23 equations/s - 122604.35 words/s - ARITHMETIC:  0.0000 - LR: 4.0370e-05
INFO - 12/02/25 00:16:16 - 6:43:40 -  153600 -  303.67 equations/s - 122378.32 words/s - ARITHMETIC:  0.0000 - LR: 4.0344e-05
INFO - 12/02/25 00:16:47 - 6:44:11 -  153800 -  303.85 equations/s - 122450.34 words/s - ARITHMETIC:  0.0000 - LR: 4.0317e-05
INFO - 12/02/25 00:17:19 - 6:44:43 -  154000 -  303.85 equations/s - 122449.91 words/s - ARITHMETIC:  0.0000 - LR: 4.0291e-05
INFO - 12/02/25 00:17:51 - 6:45:15 -  154200 -  301.73 equations/s - 121596.97 words/s - ARITHMETIC:  0.0000 - LR: 4.0265e-05
INFO - 12/02/25 00:17:53 - 6:45:17 - Memory allocated:  172.12MB, reserved: 4088.00MB
INFO - 12/02/25 00:17:53 - 6:45:17 - ============ End of epoch 147 ============
INFO - 12/02/25 00:17:53 - 6:45:17 - Creating valid iterator for arithmetic ...
INFO - 12/02/25 00:17:53 - 6:45:17 - Loading data from /mnt/e/AI@UWMELK-local/mobius_case_study/input/input_dir_interCRT100_natural/lambdasq_interCRT100_natural.txt.test ...
INFO - 12/02/25 00:17:55 - 6:45:19 - Loaded 100000 equations from the disk.
INFO - 12/02/25 00:18:05 - 6:45:29 - 10000/10000 (100.0%) equations were evaluated correctly.
INFO - 12/02/25 00:18:05 - 6:45:29 - 1: 10000 / 10000 (100.00%)
INFO - 12/02/25 00:18:05 - 6:45:29 - Memory allocated:  172.12MB, reserved: 4088.00MB
INFO - 12/02/25 00:18:05 - 6:45:29 - __log__:{"epoch": 147, "valid_arithmetic_xe_loss": 0.0, "valid_arithmetic_acc": 100.0, "valid_arithmetic_perfect": 100.0, "valid_arithmetic_correct": 100.0, "valid_arithmetic_acc_d1": 100.0, "valid_arithmetic_acc_d2": 100.0, "valid_arithmetic_acc_d3": 100.0, "valid_arithmetic_acc_1": 100.0}
INFO - 12/02/25 00:18:05 - 6:45:29 - Saving checkpoint to /mnt/e/AI@UWMELK-local/mobius_case_study/models/model_interCRT100_natural_liouville/lambdasq/1/checkpoint.pth ...
WARNING - 12/02/25 00:18:05 - 6:45:29 - Saving encoder parameters ...
WARNING - 12/02/25 00:18:05 - 6:45:29 - Saving decoder parameters ...
WARNING - 12/02/25 00:18:05 - 6:45:29 - Saving optimizer ...
INFO - 12/02/25 00:18:06 - 6:45:30 - ============ Starting epoch 148 ... ============
INFO - 12/02/25 00:18:35 - 6:45:59 -  154400 -  215.05 equations/s - 86666.55 words/s - ARITHMETIC:  0.0000 - LR: 4.0239e-05
INFO - 12/02/25 00:19:09 - 6:46:33 -  154600 -  287.27 equations/s - 115768.48 words/s - ARITHMETIC:  0.0000 - LR: 4.0213e-05
INFO - 12/02/25 00:19:42 - 6:47:06 -  154800 -  288.79 equations/s - 116381.94 words/s - ARITHMETIC:  0.0000 - LR: 4.0187e-05
INFO - 12/02/25 00:20:15 - 6:47:39 -  155000 -  288.00 equations/s - 116064.30 words/s - ARITHMETIC:  0.0000 - LR: 4.0161e-05
INFO - 12/02/25 00:20:49 - 6:48:13 -  155200 -  289.37 equations/s - 116616.69 words/s - ARITHMETIC:  0.0000 - LR: 4.0135e-05
INFO - 12/02/25 00:20:58 - 6:48:22 - Memory allocated:  172.12MB, reserved: 4088.00MB
INFO - 12/02/25 00:20:58 - 6:48:22 - ============ End of epoch 148 ============
INFO - 12/02/25 00:20:58 - 6:48:22 - Creating valid iterator for arithmetic ...
INFO - 12/02/25 00:20:58 - 6:48:22 - Loading data from /mnt/e/AI@UWMELK-local/mobius_case_study/input/input_dir_interCRT100_natural/lambdasq_interCRT100_natural.txt.test ...
INFO - 12/02/25 00:20:59 - 6:48:23 - Loaded 100000 equations from the disk.
INFO - 12/02/25 00:21:10 - 6:48:34 - 10000/10000 (100.0%) equations were evaluated correctly.
INFO - 12/02/25 00:21:10 - 6:48:34 - 1: 10000 / 10000 (100.00%)
INFO - 12/02/25 00:21:10 - 6:48:34 - Memory allocated:  172.12MB, reserved: 4088.00MB
INFO - 12/02/25 00:21:10 - 6:48:34 - __log__:{"epoch": 148, "valid_arithmetic_xe_loss": 0.0, "valid_arithmetic_acc": 100.0, "valid_arithmetic_perfect": 100.0, "valid_arithmetic_correct": 100.0, "valid_arithmetic_acc_d1": 100.0, "valid_arithmetic_acc_d2": 100.0, "valid_arithmetic_acc_d3": 100.0, "valid_arithmetic_acc_1": 100.0}
INFO - 12/02/25 00:21:10 - 6:48:34 - Saving checkpoint to /mnt/e/AI@UWMELK-local/mobius_case_study/models/model_interCRT100_natural_liouville/lambdasq/1/checkpoint.pth ...
WARNING - 12/02/25 00:21:10 - 6:48:34 - Saving encoder parameters ...
WARNING - 12/02/25 00:21:10 - 6:48:34 - Saving decoder parameters ...
WARNING - 12/02/25 00:21:10 - 6:48:34 - Saving optimizer ...
INFO - 12/02/25 00:21:11 - 6:48:35 - ============ Starting epoch 149 ... ============
INFO - 12/02/25 00:21:35 - 6:48:59 -  155400 -  208.58 equations/s - 84058.88 words/s - ARITHMETIC:  0.0000 - LR: 4.0109e-05
INFO - 12/02/25 00:22:08 - 6:49:32 -  155600 -  287.97 equations/s - 116051.15 words/s - ARITHMETIC:  0.0000 - LR: 4.0083e-05
INFO - 12/02/25 00:22:41 - 6:50:05 -  155800 -  286.65 equations/s - 115520.01 words/s - ARITHMETIC:  0.0000 - LR: 4.0058e-05
INFO - 12/02/25 00:23:15 - 6:50:39 -  156000 -  288.61 equations/s - 116310.57 words/s - ARITHMETIC:  0.0000 - LR: 4.0032e-05
INFO - 12/02/25 00:23:47 - 6:51:11 -  156200 -  298.40 equations/s - 120256.71 words/s - ARITHMETIC:  0.0000 - LR: 4.0006e-05
INFO - 12/02/25 00:24:01 - 6:51:25 - Memory allocated:  172.12MB, reserved: 4088.00MB
INFO - 12/02/25 00:24:01 - 6:51:25 - ============ End of epoch 149 ============
INFO - 12/02/25 00:24:01 - 6:51:25 - Creating valid iterator for arithmetic ...
INFO - 12/02/25 00:24:01 - 6:51:25 - Loading data from /mnt/e/AI@UWMELK-local/mobius_case_study/input/input_dir_interCRT100_natural/lambdasq_interCRT100_natural.txt.test ...
INFO - 12/02/25 00:24:03 - 6:51:27 - Loaded 100000 equations from the disk.
INFO - 12/02/25 00:24:12 - 6:51:36 - 10000/10000 (100.0%) equations were evaluated correctly.
INFO - 12/02/25 00:24:12 - 6:51:36 - 1: 10000 / 10000 (100.00%)
INFO - 12/02/25 00:24:12 - 6:51:36 - Memory allocated:  172.12MB, reserved: 4088.00MB
INFO - 12/02/25 00:24:12 - 6:51:36 - __log__:{"epoch": 149, "valid_arithmetic_xe_loss": 0.0, "valid_arithmetic_acc": 100.0, "valid_arithmetic_perfect": 100.0, "valid_arithmetic_correct": 100.0, "valid_arithmetic_acc_d1": 100.0, "valid_arithmetic_acc_d2": 100.0, "valid_arithmetic_acc_d3": 100.0, "valid_arithmetic_acc_1": 100.0}
INFO - 12/02/25 00:24:12 - 6:51:36 - Saving checkpoint to /mnt/e/AI@UWMELK-local/mobius_case_study/models/model_interCRT100_natural_liouville/lambdasq/1/checkpoint.pth ...
WARNING - 12/02/25 00:24:12 - 6:51:36 - Saving encoder parameters ...
WARNING - 12/02/25 00:24:12 - 6:51:36 - Saving decoder parameters ...
WARNING - 12/02/25 00:24:12 - 6:51:36 - Saving optimizer ...
INFO - 12/02/25 00:24:13 - 6:51:36 - ============ Starting epoch 150 ... ============
INFO - 12/02/25 00:24:27 - 6:51:51 -  156400 -  238.87 equations/s - 96265.52 words/s - ARITHMETIC:  0.0000 - LR: 3.9981e-05
INFO - 12/02/25 00:24:56 - 6:52:20 -  156600 -  329.68 equations/s - 132861.51 words/s - ARITHMETIC:  0.0000 - LR: 3.9955e-05
INFO - 12/02/25 00:25:25 - 6:52:49 -  156800 -  329.86 equations/s - 132932.39 words/s - ARITHMETIC:  0.0000 - LR: 3.9930e-05
INFO - 12/02/25 00:25:54 - 6:53:18 -  157000 -  329.74 equations/s - 132884.08 words/s - ARITHMETIC:  0.0000 - LR: 3.9904e-05
INFO - 12/02/25 00:26:24 - 6:53:47 -  157200 -  330.02 equations/s - 132998.02 words/s - ARITHMETIC:  0.0000 - LR: 3.9879e-05
INFO - 12/02/25 00:26:44 - 6:54:08 - Memory allocated:  172.12MB, reserved: 4088.00MB
INFO - 12/02/25 00:26:44 - 6:54:08 - ============ End of epoch 150 ============
INFO - 12/02/25 00:26:44 - 6:54:08 - Creating valid iterator for arithmetic ...
INFO - 12/02/25 00:26:44 - 6:54:08 - Loading data from /mnt/e/AI@UWMELK-local/mobius_case_study/input/input_dir_interCRT100_natural/lambdasq_interCRT100_natural.txt.test ...
INFO - 12/02/25 00:26:45 - 6:54:09 - Loaded 100000 equations from the disk.
INFO - 12/02/25 00:26:55 - 6:54:19 - 10000/10000 (100.0%) equations were evaluated correctly.
INFO - 12/02/25 00:26:55 - 6:54:19 - 1: 10000 / 10000 (100.00%)
INFO - 12/02/25 00:26:55 - 6:54:19 - Memory allocated:  172.12MB, reserved: 4088.00MB
INFO - 12/02/25 00:26:55 - 6:54:19 - __log__:{"epoch": 150, "valid_arithmetic_xe_loss": 0.0, "valid_arithmetic_acc": 100.0, "valid_arithmetic_perfect": 100.0, "valid_arithmetic_correct": 100.0, "valid_arithmetic_acc_d1": 100.0, "valid_arithmetic_acc_d2": 100.0, "valid_arithmetic_acc_d3": 100.0, "valid_arithmetic_acc_1": 100.0}
INFO - 12/02/25 00:26:55 - 6:54:19 - Saving checkpoint to /mnt/e/AI@UWMELK-local/mobius_case_study/models/model_interCRT100_natural_liouville/lambdasq/1/checkpoint.pth ...
WARNING - 12/02/25 00:26:55 - 6:54:19 - Saving encoder parameters ...
WARNING - 12/02/25 00:26:55 - 6:54:19 - Saving decoder parameters ...
WARNING - 12/02/25 00:26:55 - 6:54:19 - Saving optimizer ...
INFO - 12/02/25 00:26:55 - 6:54:19 - ============ Starting epoch 151 ... ============
INFO - 12/02/25 00:27:04 - 6:54:27 -  157400 -  239.85 equations/s - 96659.36 words/s - ARITHMETIC:  0.0000 - LR: 3.9854e-05
INFO - 12/02/25 00:27:33 - 6:54:57 -  157600 -  330.25 equations/s - 133089.93 words/s - ARITHMETIC:  0.0000 - LR: 3.9828e-05
INFO - 12/02/25 00:28:02 - 6:55:26 -  157800 -  329.83 equations/s - 132920.89 words/s - ARITHMETIC:  0.0000 - LR: 3.9803e-05
INFO - 12/02/25 00:28:31 - 6:55:55 -  158000 -  330.34 equations/s - 133127.77 words/s - ARITHMETIC:  0.0000 - LR: 3.9778e-05
INFO - 12/02/25 00:29:00 - 6:56:24 -  158200 -  330.36 equations/s - 133134.02 words/s - ARITHMETIC:  0.0000 - LR: 3.9753e-05
INFO - 12/02/25 00:29:27 - 6:56:50 - Memory allocated:  172.12MB, reserved: 4088.00MB
INFO - 12/02/25 00:29:27 - 6:56:50 - ============ End of epoch 151 ============
INFO - 12/02/25 00:29:27 - 6:56:50 - Creating valid iterator for arithmetic ...
INFO - 12/02/25 00:29:27 - 6:56:50 - Loading data from /mnt/e/AI@UWMELK-local/mobius_case_study/input/input_dir_interCRT100_natural/lambdasq_interCRT100_natural.txt.test ...
INFO - 12/02/25 00:29:28 - 6:56:52 - Loaded 100000 equations from the disk.
INFO - 12/02/25 00:29:37 - 6:57:01 - 10000/10000 (100.0%) equations were evaluated correctly.
INFO - 12/02/25 00:29:37 - 6:57:01 - 1: 10000 / 10000 (100.00%)
INFO - 12/02/25 00:29:37 - 6:57:01 - Memory allocated:  172.12MB, reserved: 4088.00MB
INFO - 12/02/25 00:29:37 - 6:57:01 - __log__:{"epoch": 151, "valid_arithmetic_xe_loss": 0.0, "valid_arithmetic_acc": 100.0, "valid_arithmetic_perfect": 100.0, "valid_arithmetic_correct": 100.0, "valid_arithmetic_acc_d1": 100.0, "valid_arithmetic_acc_d2": 100.0, "valid_arithmetic_acc_d3": 100.0, "valid_arithmetic_acc_1": 100.0}
INFO - 12/02/25 00:29:37 - 6:57:01 - Saving checkpoint to /mnt/e/AI@UWMELK-local/mobius_case_study/models/model_interCRT100_natural_liouville/lambdasq/1/checkpoint.pth ...
WARNING - 12/02/25 00:29:37 - 6:57:01 - Saving encoder parameters ...
WARNING - 12/02/25 00:29:37 - 6:57:01 - Saving decoder parameters ...
WARNING - 12/02/25 00:29:37 - 6:57:01 - Saving optimizer ...
INFO - 12/02/25 00:29:38 - 6:57:01 - ============ Starting epoch 152 ... ============
INFO - 12/02/25 00:29:40 - 6:57:04 -  158400 -  239.84 equations/s - 96654.42 words/s - ARITHMETIC:  0.0000 - LR: 3.9728e-05
INFO - 12/02/25 00:30:09 - 6:57:33 -  158600 -  330.21 equations/s - 133076.16 words/s - ARITHMETIC:  0.0000 - LR: 3.9703e-05
INFO - 12/02/25 00:30:38 - 6:58:02 -  158800 -  330.44 equations/s - 133168.99 words/s - ARITHMETIC:  0.0000 - LR: 3.9678e-05
INFO - 12/02/25 00:31:07 - 6:58:31 -  159000 -  330.27 equations/s - 133099.71 words/s - ARITHMETIC:  0.0000 - LR: 3.9653e-05
INFO - 12/02/25 00:31:36 - 6:59:00 -  159200 -  330.29 equations/s - 133105.73 words/s - ARITHMETIC:  0.0000 - LR: 3.9628e-05
INFO - 12/02/25 00:32:05 - 6:59:29 -  159400 -  330.30 equations/s - 133111.52 words/s - ARITHMETIC:  0.0000 - LR: 3.9603e-05
INFO - 12/02/25 00:32:09 - 6:59:33 - Memory allocated:  172.12MB, reserved: 4088.00MB
INFO - 12/02/25 00:32:09 - 6:59:33 - ============ End of epoch 152 ============
INFO - 12/02/25 00:32:09 - 6:59:33 - Creating valid iterator for arithmetic ...
INFO - 12/02/25 00:32:09 - 6:59:33 - Loading data from /mnt/e/AI@UWMELK-local/mobius_case_study/input/input_dir_interCRT100_natural/lambdasq_interCRT100_natural.txt.test ...
INFO - 12/02/25 00:32:10 - 6:59:34 - Loaded 100000 equations from the disk.
INFO - 12/02/25 00:32:20 - 6:59:43 - 10000/10000 (100.0%) equations were evaluated correctly.
INFO - 12/02/25 00:32:20 - 6:59:43 - 1: 10000 / 10000 (100.00%)
INFO - 12/02/25 00:32:20 - 6:59:44 - Memory allocated:  172.12MB, reserved: 4088.00MB
INFO - 12/02/25 00:32:20 - 6:59:44 - __log__:{"epoch": 152, "valid_arithmetic_xe_loss": 0.0, "valid_arithmetic_acc": 100.0, "valid_arithmetic_perfect": 100.0, "valid_arithmetic_correct": 100.0, "valid_arithmetic_acc_d1": 100.0, "valid_arithmetic_acc_d2": 100.0, "valid_arithmetic_acc_d3": 100.0, "valid_arithmetic_acc_1": 100.0}
INFO - 12/02/25 00:32:20 - 6:59:44 - Saving checkpoint to /mnt/e/AI@UWMELK-local/mobius_case_study/models/model_interCRT100_natural_liouville/lambdasq/1/checkpoint.pth ...
WARNING - 12/02/25 00:32:20 - 6:59:44 - Saving encoder parameters ...
WARNING - 12/02/25 00:32:20 - 6:59:44 - Saving decoder parameters ...
WARNING - 12/02/25 00:32:20 - 6:59:44 - Saving optimizer ...
INFO - 12/02/25 00:32:20 - 6:59:44 - ============ Starting epoch 153 ... ============
INFO - 12/02/25 00:32:45 - 7:00:09 -  159600 -  238.19 equations/s - 95989.77 words/s - ARITHMETIC:  0.0000 - LR: 3.9578e-05
INFO - 12/02/25 00:33:15 - 7:00:39 -  159800 -  329.70 equations/s - 132868.89 words/s - ARITHMETIC:  0.0000 - LR: 3.9553e-05
INFO - 12/02/25 00:33:44 - 7:01:08 -  160000 -  329.83 equations/s - 132920.16 words/s - ARITHMETIC:  0.0000 - LR: 3.9528e-05
INFO - 12/02/25 00:34:13 - 7:01:37 -  160200 -  329.77 equations/s - 132895.47 words/s - ARITHMETIC:  0.0000 - LR: 3.9504e-05
INFO - 12/02/25 00:34:42 - 7:02:06 -  160400 -  329.77 equations/s - 132898.28 words/s - ARITHMETIC:  0.0000 - LR: 3.9479e-05
INFO - 12/02/25 00:34:52 - 7:02:16 - Memory allocated:  172.12MB, reserved: 4088.00MB
INFO - 12/02/25 00:34:52 - 7:02:16 - ============ End of epoch 153 ============
INFO - 12/02/25 00:34:52 - 7:02:16 - Creating valid iterator for arithmetic ...
INFO - 12/02/25 00:34:52 - 7:02:16 - Loading data from /mnt/e/AI@UWMELK-local/mobius_case_study/input/input_dir_interCRT100_natural/lambdasq_interCRT100_natural.txt.test ...
INFO - 12/02/25 00:34:53 - 7:02:17 - Loaded 100000 equations from the disk.
INFO - 12/02/25 00:35:02 - 7:02:26 - 10000/10000 (100.0%) equations were evaluated correctly.
INFO - 12/02/25 00:35:02 - 7:02:26 - 1: 10000 / 10000 (100.00%)
INFO - 12/02/25 00:35:02 - 7:02:26 - Memory allocated:  172.12MB, reserved: 4088.00MB
INFO - 12/02/25 00:35:02 - 7:02:26 - __log__:{"epoch": 153, "valid_arithmetic_xe_loss": 0.0, "valid_arithmetic_acc": 100.0, "valid_arithmetic_perfect": 100.0, "valid_arithmetic_correct": 100.0, "valid_arithmetic_acc_d1": 100.0, "valid_arithmetic_acc_d2": 100.0, "valid_arithmetic_acc_d3": 100.0, "valid_arithmetic_acc_1": 100.0}
INFO - 12/02/25 00:35:02 - 7:02:26 - Saving checkpoint to /mnt/e/AI@UWMELK-local/mobius_case_study/models/model_interCRT100_natural_liouville/lambdasq/1/checkpoint.pth ...
WARNING - 12/02/25 00:35:02 - 7:02:26 - Saving encoder parameters ...
WARNING - 12/02/25 00:35:02 - 7:02:26 - Saving decoder parameters ...
WARNING - 12/02/25 00:35:02 - 7:02:26 - Saving optimizer ...
INFO - 12/02/25 00:35:03 - 7:02:27 - ============ Starting epoch 154 ... ============
INFO - 12/02/25 00:35:22 - 7:02:46 -  160600 -  239.52 equations/s - 96527.72 words/s - ARITHMETIC:  0.0000 - LR: 3.9455e-05
INFO - 12/02/25 00:35:51 - 7:03:15 -  160800 -  329.93 equations/s - 132963.57 words/s - ARITHMETIC:  0.0000 - LR: 3.9430e-05
INFO - 12/02/25 00:36:20 - 7:03:44 -  161000 -  329.77 equations/s - 132897.29 words/s - ARITHMETIC:  0.0000 - LR: 3.9406e-05
INFO - 12/02/25 00:36:49 - 7:04:13 -  161200 -  329.47 equations/s - 132776.52 words/s - ARITHMETIC:  0.0000 - LR: 3.9381e-05
INFO - 12/02/25 00:37:18 - 7:04:42 -  161400 -  330.27 equations/s - 133099.44 words/s - ARITHMETIC:  0.0000 - LR: 3.9357e-05
INFO - 12/02/25 00:37:34 - 7:04:58 - Memory allocated:  172.12MB, reserved: 4088.00MB
INFO - 12/02/25 00:37:34 - 7:04:58 - ============ End of epoch 154 ============
INFO - 12/02/25 00:37:34 - 7:04:58 - Creating valid iterator for arithmetic ...
INFO - 12/02/25 00:37:34 - 7:04:58 - Loading data from /mnt/e/AI@UWMELK-local/mobius_case_study/input/input_dir_interCRT100_natural/lambdasq_interCRT100_natural.txt.test ...
INFO - 12/02/25 00:37:36 - 7:04:59 - Loaded 100000 equations from the disk.
INFO - 12/02/25 00:37:45 - 7:05:09 - 10000/10000 (100.0%) equations were evaluated correctly.
INFO - 12/02/25 00:37:45 - 7:05:09 - 1: 10000 / 10000 (100.00%)
INFO - 12/02/25 00:37:45 - 7:05:09 - Memory allocated:  172.12MB, reserved: 4088.00MB
INFO - 12/02/25 00:37:45 - 7:05:09 - __log__:{"epoch": 154, "valid_arithmetic_xe_loss": 0.0, "valid_arithmetic_acc": 100.0, "valid_arithmetic_perfect": 100.0, "valid_arithmetic_correct": 100.0, "valid_arithmetic_acc_d1": 100.0, "valid_arithmetic_acc_d2": 100.0, "valid_arithmetic_acc_d3": 100.0, "valid_arithmetic_acc_1": 100.0}
INFO - 12/02/25 00:37:45 - 7:05:09 - Saving checkpoint to /mnt/e/AI@UWMELK-local/mobius_case_study/models/model_interCRT100_natural_liouville/lambdasq/1/checkpoint.pth ...
WARNING - 12/02/25 00:37:45 - 7:05:09 - Saving encoder parameters ...
WARNING - 12/02/25 00:37:45 - 7:05:09 - Saving decoder parameters ...
WARNING - 12/02/25 00:37:45 - 7:05:09 - Saving optimizer ...
INFO - 12/02/25 00:37:46 - 7:05:09 - ============ Starting epoch 155 ... ============
INFO - 12/02/25 00:37:59 - 7:05:23 -  161600 -  238.87 equations/s - 96263.91 words/s - ARITHMETIC:  0.0000 - LR: 3.9332e-05
INFO - 12/02/25 00:38:28 - 7:05:52 -  161800 -  330.10 equations/s - 133030.03 words/s - ARITHMETIC:  0.0000 - LR: 3.9308e-05
INFO - 12/02/25 00:38:57 - 7:06:21 -  162000 -  329.63 equations/s - 132839.30 words/s - ARITHMETIC:  0.0000 - LR: 3.9284e-05
INFO - 12/02/25 00:39:26 - 7:06:50 -  162200 -  329.82 equations/s - 132917.67 words/s - ARITHMETIC:  0.0000 - LR: 3.9259e-05
INFO - 12/02/25 00:39:55 - 7:07:19 -  162400 -  330.23 equations/s - 133082.98 words/s - ARITHMETIC:  0.0000 - LR: 3.9235e-05
INFO - 12/02/25 00:40:17 - 7:07:41 - Memory allocated:  172.12MB, reserved: 4088.00MB
INFO - 12/02/25 00:40:17 - 7:07:41 - ============ End of epoch 155 ============
INFO - 12/02/25 00:40:17 - 7:07:41 - Creating valid iterator for arithmetic ...
INFO - 12/02/25 00:40:17 - 7:07:41 - Loading data from /mnt/e/AI@UWMELK-local/mobius_case_study/input/input_dir_interCRT100_natural/lambdasq_interCRT100_natural.txt.test ...
INFO - 12/02/25 00:40:18 - 7:07:42 - Loaded 100000 equations from the disk.
INFO - 12/02/25 00:40:28 - 7:07:52 - 10000/10000 (100.0%) equations were evaluated correctly.
INFO - 12/02/25 00:40:28 - 7:07:52 - 1: 10000 / 10000 (100.00%)
INFO - 12/02/25 00:40:28 - 7:07:52 - Memory allocated:  172.12MB, reserved: 4088.00MB
INFO - 12/02/25 00:40:28 - 7:07:52 - __log__:{"epoch": 155, "valid_arithmetic_xe_loss": 1.1920928244535389e-07, "valid_arithmetic_acc": 100.0, "valid_arithmetic_perfect": 100.0, "valid_arithmetic_correct": 100.0, "valid_arithmetic_acc_d1": 100.0, "valid_arithmetic_acc_d2": 100.0, "valid_arithmetic_acc_d3": 100.0, "valid_arithmetic_acc_1": 100.0}
INFO - 12/02/25 00:40:28 - 7:07:52 - Saving checkpoint to /mnt/e/AI@UWMELK-local/mobius_case_study/models/model_interCRT100_natural_liouville/lambdasq/1/checkpoint.pth ...
WARNING - 12/02/25 00:40:28 - 7:07:52 - Saving encoder parameters ...
WARNING - 12/02/25 00:40:28 - 7:07:52 - Saving decoder parameters ...
WARNING - 12/02/25 00:40:28 - 7:07:52 - Saving optimizer ...
INFO - 12/02/25 00:40:28 - 7:07:52 - ============ Starting epoch 156 ... ============
INFO - 12/02/25 00:40:35 - 7:07:59 -  162600 -  238.73 equations/s - 96207.06 words/s - ARITHMETIC:  0.0000 - LR: 3.9211e-05
INFO - 12/02/25 00:41:04 - 7:08:28 -  162800 -  329.72 equations/s - 132877.82 words/s - ARITHMETIC:  0.0000 - LR: 3.9187e-05
INFO - 12/02/25 00:41:33 - 7:08:57 -  163000 -  330.17 equations/s - 133057.00 words/s - ARITHMETIC:  0.0000 - LR: 3.9163e-05
INFO - 12/02/25 00:42:02 - 7:09:26 -  163200 -  329.96 equations/s - 132973.74 words/s - ARITHMETIC:  0.0000 - LR: 3.9139e-05
INFO - 12/02/25 00:42:32 - 7:09:55 -  163400 -  330.53 equations/s - 133203.99 words/s - ARITHMETIC:  0.0000 - LR: 3.9115e-05
INFO - 12/02/25 00:43:00 - 7:10:24 - Memory allocated:  172.12MB, reserved: 4088.00MB
INFO - 12/02/25 00:43:00 - 7:10:24 - ============ End of epoch 156 ============
INFO - 12/02/25 00:43:00 - 7:10:24 - Creating valid iterator for arithmetic ...
INFO - 12/02/25 00:43:00 - 7:10:24 - Loading data from /mnt/e/AI@UWMELK-local/mobius_case_study/input/input_dir_interCRT100_natural/lambdasq_interCRT100_natural.txt.test ...
INFO - 12/02/25 00:43:01 - 7:10:25 - Loaded 100000 equations from the disk.
INFO - 12/02/25 00:43:10 - 7:10:34 - 10000/10000 (100.0%) equations were evaluated correctly.
INFO - 12/02/25 00:43:10 - 7:10:34 - 1: 10000 / 10000 (100.00%)
INFO - 12/02/25 00:43:10 - 7:10:34 - Memory allocated:  172.12MB, reserved: 4088.00MB
INFO - 12/02/25 00:43:10 - 7:10:34 - __log__:{"epoch": 156, "valid_arithmetic_xe_loss": 7.152556946721233e-11, "valid_arithmetic_acc": 100.0, "valid_arithmetic_perfect": 100.0, "valid_arithmetic_correct": 100.0, "valid_arithmetic_acc_d1": 100.0, "valid_arithmetic_acc_d2": 100.0, "valid_arithmetic_acc_d3": 100.0, "valid_arithmetic_acc_1": 100.0}
INFO - 12/02/25 00:43:10 - 7:10:34 - Saving checkpoint to /mnt/e/AI@UWMELK-local/mobius_case_study/models/model_interCRT100_natural_liouville/lambdasq/1/checkpoint.pth ...
WARNING - 12/02/25 00:43:10 - 7:10:34 - Saving encoder parameters ...
WARNING - 12/02/25 00:43:10 - 7:10:34 - Saving decoder parameters ...
WARNING - 12/02/25 00:43:10 - 7:10:34 - Saving optimizer ...
INFO - 12/02/25 00:43:11 - 7:10:35 - ============ Starting epoch 157 ... ============
INFO - 12/02/25 00:43:12 - 7:10:36 -  163600 -  239.51 equations/s - 96523.44 words/s - ARITHMETIC:  0.0000 - LR: 3.9091e-05
INFO - 12/02/25 00:43:41 - 7:11:05 -  163800 -  330.00 equations/s - 132991.18 words/s - ARITHMETIC:  0.0000 - LR: 3.9067e-05
INFO - 12/02/25 00:44:10 - 7:11:34 -  164000 -  330.40 equations/s - 133150.32 words/s - ARITHMETIC:  0.0000 - LR: 3.9043e-05
INFO - 12/02/25 00:44:39 - 7:12:03 -  164200 -  330.43 equations/s - 133164.34 words/s - ARITHMETIC:  0.0000 - LR: 3.9020e-05
INFO - 12/02/25 00:45:08 - 7:12:32 -  164400 -  329.60 equations/s - 132827.04 words/s - ARITHMETIC:  0.0000 - LR: 3.8996e-05
INFO - 12/02/25 00:45:37 - 7:13:01 -  164600 -  329.53 equations/s - 132798.60 words/s - ARITHMETIC:  0.0000 - LR: 3.8972e-05
INFO - 12/02/25 00:45:42 - 7:13:06 - Memory allocated:  172.12MB, reserved: 4088.00MB
INFO - 12/02/25 00:45:42 - 7:13:06 - ============ End of epoch 157 ============
INFO - 12/02/25 00:45:42 - 7:13:06 - Creating valid iterator for arithmetic ...
INFO - 12/02/25 00:45:42 - 7:13:06 - Loading data from /mnt/e/AI@UWMELK-local/mobius_case_study/input/input_dir_interCRT100_natural/lambdasq_interCRT100_natural.txt.test ...
INFO - 12/02/25 00:45:43 - 7:13:07 - Loaded 100000 equations from the disk.
INFO - 12/02/25 00:45:53 - 7:13:17 - 10000/10000 (100.0%) equations were evaluated correctly.
INFO - 12/02/25 00:45:53 - 7:13:17 - 1: 10000 / 10000 (100.00%)
INFO - 12/02/25 00:45:53 - 7:13:17 - Memory allocated:  172.12MB, reserved: 4088.00MB
INFO - 12/02/25 00:45:53 - 7:13:17 - __log__:{"epoch": 157, "valid_arithmetic_xe_loss": 0.0, "valid_arithmetic_acc": 100.0, "valid_arithmetic_perfect": 100.0, "valid_arithmetic_correct": 100.0, "valid_arithmetic_acc_d1": 100.0, "valid_arithmetic_acc_d2": 100.0, "valid_arithmetic_acc_d3": 100.0, "valid_arithmetic_acc_1": 100.0}
INFO - 12/02/25 00:45:53 - 7:13:17 - Saving checkpoint to /mnt/e/AI@UWMELK-local/mobius_case_study/models/model_interCRT100_natural_liouville/lambdasq/1/checkpoint.pth ...
WARNING - 12/02/25 00:45:53 - 7:13:17 - Saving encoder parameters ...
WARNING - 12/02/25 00:45:53 - 7:13:17 - Saving decoder parameters ...
WARNING - 12/02/25 00:45:53 - 7:13:17 - Saving optimizer ...
INFO - 12/02/25 00:45:53 - 7:13:17 - ============ Starting epoch 158 ... ============
INFO - 12/02/25 00:46:17 - 7:13:41 -  164800 -  239.24 equations/s - 96414.60 words/s - ARITHMETIC:  0.0000 - LR: 3.8949e-05
INFO - 12/02/25 00:46:46 - 7:14:10 -  165000 -  329.91 equations/s - 132954.23 words/s - ARITHMETIC:  0.0000 - LR: 3.8925e-05
INFO - 12/02/25 00:47:15 - 7:14:39 -  165200 -  329.76 equations/s - 132895.16 words/s - ARITHMETIC:  0.0000 - LR: 3.8901e-05
INFO - 12/02/25 00:47:45 - 7:15:08 -  165400 -  329.82 equations/s - 132918.11 words/s - ARITHMETIC:  0.0000 - LR: 3.8878e-05
INFO - 12/02/25 00:48:14 - 7:15:38 -  165600 -  329.99 equations/s - 132986.13 words/s - ARITHMETIC:  0.0000 - LR: 3.8854e-05
INFO - 12/02/25 00:48:25 - 7:15:49 - Memory allocated:  172.12MB, reserved: 4088.00MB
INFO - 12/02/25 00:48:25 - 7:15:49 - ============ End of epoch 158 ============
INFO - 12/02/25 00:48:25 - 7:15:49 - Creating valid iterator for arithmetic ...
INFO - 12/02/25 00:48:25 - 7:15:49 - Loading data from /mnt/e/AI@UWMELK-local/mobius_case_study/input/input_dir_interCRT100_natural/lambdasq_interCRT100_natural.txt.test ...
INFO - 12/02/25 00:48:26 - 7:15:50 - Loaded 100000 equations from the disk.
INFO - 12/02/25 00:48:36 - 7:16:00 - 10000/10000 (100.0%) equations were evaluated correctly.
INFO - 12/02/25 00:48:36 - 7:16:00 - 1: 10000 / 10000 (100.00%)
INFO - 12/02/25 00:48:36 - 7:16:00 - Memory allocated:  172.12MB, reserved: 4088.00MB
INFO - 12/02/25 00:48:36 - 7:16:00 - __log__:{"epoch": 158, "valid_arithmetic_xe_loss": 0.0, "valid_arithmetic_acc": 100.0, "valid_arithmetic_perfect": 100.0, "valid_arithmetic_correct": 100.0, "valid_arithmetic_acc_d1": 100.0, "valid_arithmetic_acc_d2": 100.0, "valid_arithmetic_acc_d3": 100.0, "valid_arithmetic_acc_1": 100.0}
INFO - 12/02/25 00:48:36 - 7:16:00 - Saving checkpoint to /mnt/e/AI@UWMELK-local/mobius_case_study/models/model_interCRT100_natural_liouville/lambdasq/1/checkpoint.pth ...
WARNING - 12/02/25 00:48:36 - 7:16:00 - Saving encoder parameters ...
WARNING - 12/02/25 00:48:36 - 7:16:00 - Saving decoder parameters ...
WARNING - 12/02/25 00:48:36 - 7:16:00 - Saving optimizer ...
INFO - 12/02/25 00:48:36 - 7:16:00 - ============ Starting epoch 159 ... ============
INFO - 12/02/25 00:48:54 - 7:16:18 -  165800 -  238.17 equations/s - 95983.28 words/s - ARITHMETIC:  0.0000 - LR: 3.8831e-05
INFO - 12/02/25 00:49:23 - 7:16:47 -  166000 -  330.00 equations/s - 132988.08 words/s - ARITHMETIC:  0.0000 - LR: 3.8808e-05
INFO - 12/02/25 00:49:52 - 7:17:16 -  166200 -  329.56 equations/s - 132810.69 words/s - ARITHMETIC:  0.0000 - LR: 3.8784e-05
INFO - 12/02/25 00:50:21 - 7:17:45 -  166400 -  330.12 equations/s - 133038.09 words/s - ARITHMETIC:  0.0000 - LR: 3.8761e-05
INFO - 12/02/25 00:50:50 - 7:18:14 -  166600 -  330.47 equations/s - 133179.42 words/s - ARITHMETIC:  0.0000 - LR: 3.8738e-05
INFO - 12/02/25 00:51:08 - 7:18:32 - Memory allocated:  172.12MB, reserved: 4088.00MB
INFO - 12/02/25 00:51:08 - 7:18:32 - ============ End of epoch 159 ============
INFO - 12/02/25 00:51:08 - 7:18:32 - Creating valid iterator for arithmetic ...
INFO - 12/02/25 00:51:08 - 7:18:32 - Loading data from /mnt/e/AI@UWMELK-local/mobius_case_study/input/input_dir_interCRT100_natural/lambdasq_interCRT100_natural.txt.test ...
INFO - 12/02/25 00:51:09 - 7:18:33 - Loaded 100000 equations from the disk.
INFO - 12/02/25 00:51:18 - 7:18:42 - 10000/10000 (100.0%) equations were evaluated correctly.
INFO - 12/02/25 00:51:18 - 7:18:42 - 1: 10000 / 10000 (100.00%)
INFO - 12/02/25 00:51:18 - 7:18:42 - Memory allocated:  172.12MB, reserved: 4088.00MB
INFO - 12/02/25 00:51:18 - 7:18:42 - __log__:{"epoch": 159, "valid_arithmetic_xe_loss": 0.0, "valid_arithmetic_acc": 100.0, "valid_arithmetic_perfect": 100.0, "valid_arithmetic_correct": 100.0, "valid_arithmetic_acc_d1": 100.0, "valid_arithmetic_acc_d2": 100.0, "valid_arithmetic_acc_d3": 100.0, "valid_arithmetic_acc_1": 100.0}
INFO - 12/02/25 00:51:18 - 7:18:42 - Saving checkpoint to /mnt/e/AI@UWMELK-local/mobius_case_study/models/model_interCRT100_natural_liouville/lambdasq/1/checkpoint.pth ...
WARNING - 12/02/25 00:51:18 - 7:18:42 - Saving encoder parameters ...
WARNING - 12/02/25 00:51:18 - 7:18:42 - Saving decoder parameters ...
WARNING - 12/02/25 00:51:18 - 7:18:42 - Saving optimizer ...
INFO - 12/02/25 00:51:19 - 7:18:43 - ============ Starting epoch 160 ... ============
INFO - 12/02/25 00:51:30 - 7:18:54 -  166800 -  239.64 equations/s - 96575.80 words/s - ARITHMETIC:  0.0000 - LR: 3.8714e-05
INFO - 12/02/25 00:51:59 - 7:19:23 -  167000 -  329.75 equations/s - 132889.79 words/s - ARITHMETIC:  0.0000 - LR: 3.8691e-05
INFO - 12/02/25 00:52:29 - 7:19:52 -  167200 -  330.10 equations/s - 133031.81 words/s - ARITHMETIC:  0.0000 - LR: 3.8668e-05
INFO - 12/02/25 00:52:58 - 7:20:22 -  167400 -  329.84 equations/s - 132927.15 words/s - ARITHMETIC:  0.0000 - LR: 3.8645e-05
INFO - 12/02/25 00:53:27 - 7:20:51 -  167600 -  329.50 equations/s - 132789.40 words/s - ARITHMETIC:  0.0000 - LR: 3.8622e-05
INFO - 12/02/25 00:53:50 - 7:21:14 - Memory allocated:  172.12MB, reserved: 4088.00MB
INFO - 12/02/25 00:53:50 - 7:21:14 - ============ End of epoch 160 ============
INFO - 12/02/25 00:53:50 - 7:21:14 - Creating valid iterator for arithmetic ...
INFO - 12/02/25 00:53:50 - 7:21:14 - Loading data from /mnt/e/AI@UWMELK-local/mobius_case_study/input/input_dir_interCRT100_natural/lambdasq_interCRT100_natural.txt.test ...
INFO - 12/02/25 00:53:51 - 7:21:15 - Loaded 100000 equations from the disk.
INFO - 12/02/25 00:54:01 - 7:21:25 - 10000/10000 (100.0%) equations were evaluated correctly.
INFO - 12/02/25 00:54:01 - 7:21:25 - 1: 10000 / 10000 (100.00%)
INFO - 12/02/25 00:54:01 - 7:21:25 - Memory allocated:  172.12MB, reserved: 4088.00MB
INFO - 12/02/25 00:54:01 - 7:21:25 - __log__:{"epoch": 160, "valid_arithmetic_xe_loss": 0.0, "valid_arithmetic_acc": 100.0, "valid_arithmetic_perfect": 100.0, "valid_arithmetic_correct": 100.0, "valid_arithmetic_acc_d1": 100.0, "valid_arithmetic_acc_d2": 100.0, "valid_arithmetic_acc_d3": 100.0, "valid_arithmetic_acc_1": 100.0}
INFO - 12/02/25 00:54:01 - 7:21:25 - Saving checkpoint to /mnt/e/AI@UWMELK-local/mobius_case_study/models/model_interCRT100_natural_liouville/lambdasq/1/checkpoint.pth ...
WARNING - 12/02/25 00:54:01 - 7:21:25 - Saving encoder parameters ...
WARNING - 12/02/25 00:54:01 - 7:21:25 - Saving decoder parameters ...
WARNING - 12/02/25 00:54:01 - 7:21:25 - Saving optimizer ...
INFO - 12/02/25 00:54:01 - 7:21:25 - ============ Starting epoch 161 ... ============
INFO - 12/02/25 00:54:07 - 7:21:31 -  167800 -  239.26 equations/s - 96420.65 words/s - ARITHMETIC:  0.0000 - LR: 3.8599e-05
INFO - 12/02/25 00:54:36 - 7:22:00 -  168000 -  329.84 equations/s - 132924.28 words/s - ARITHMETIC:  0.0000 - LR: 3.8576e-05
INFO - 12/02/25 00:55:05 - 7:22:29 -  168200 -  329.81 equations/s - 132912.44 words/s - ARITHMETIC:  0.0000 - LR: 3.8553e-05
INFO - 12/02/25 00:55:34 - 7:22:58 -  168400 -  329.56 equations/s - 132813.33 words/s - ARITHMETIC:  0.0000 - LR: 3.8530e-05
INFO - 12/02/25 00:56:03 - 7:23:27 -  168600 -  329.42 equations/s - 132756.11 words/s - ARITHMETIC:  0.0000 - LR: 3.8507e-05
INFO - 12/02/25 00:56:32 - 7:23:56 -  168800 -  329.86 equations/s - 132933.24 words/s - ARITHMETIC:  0.0000 - LR: 3.8484e-05
INFO - 12/02/25 00:56:33 - 7:23:57 - Memory allocated:  172.12MB, reserved: 4088.00MB
INFO - 12/02/25 00:56:33 - 7:23:57 - ============ End of epoch 161 ============
INFO - 12/02/25 00:56:33 - 7:23:57 - Creating valid iterator for arithmetic ...
INFO - 12/02/25 00:56:33 - 7:23:57 - Loading data from /mnt/e/AI@UWMELK-local/mobius_case_study/input/input_dir_interCRT100_natural/lambdasq_interCRT100_natural.txt.test ...
INFO - 12/02/25 00:56:34 - 7:23:58 - Loaded 100000 equations from the disk.
INFO - 12/02/25 00:56:44 - 7:24:08 - 10000/10000 (100.0%) equations were evaluated correctly.
INFO - 12/02/25 00:56:44 - 7:24:08 - 1: 10000 / 10000 (100.00%)
INFO - 12/02/25 00:56:44 - 7:24:08 - Memory allocated:  172.12MB, reserved: 4088.00MB
INFO - 12/02/25 00:56:44 - 7:24:08 - __log__:{"epoch": 161, "valid_arithmetic_xe_loss": 0.0, "valid_arithmetic_acc": 100.0, "valid_arithmetic_perfect": 100.0, "valid_arithmetic_correct": 100.0, "valid_arithmetic_acc_d1": 100.0, "valid_arithmetic_acc_d2": 100.0, "valid_arithmetic_acc_d3": 100.0, "valid_arithmetic_acc_1": 100.0}
INFO - 12/02/25 00:56:44 - 7:24:08 - Saving checkpoint to /mnt/e/AI@UWMELK-local/mobius_case_study/models/model_interCRT100_natural_liouville/lambdasq/1/checkpoint.pth ...
WARNING - 12/02/25 00:56:44 - 7:24:08 - Saving encoder parameters ...
WARNING - 12/02/25 00:56:44 - 7:24:08 - Saving decoder parameters ...
WARNING - 12/02/25 00:56:44 - 7:24:08 - Saving optimizer ...
INFO - 12/02/25 00:56:44 - 7:24:08 - ============ Starting epoch 162 ... ============
INFO - 12/02/25 00:57:13 - 7:24:37 -  169000 -  238.73 equations/s - 96208.28 words/s - ARITHMETIC:  0.0000 - LR: 3.8462e-05
INFO - 12/02/25 00:57:42 - 7:25:06 -  169200 -  329.88 equations/s - 132941.60 words/s - ARITHMETIC:  0.0000 - LR: 3.8439e-05
INFO - 12/02/25 00:58:11 - 7:25:35 -  169400 -  329.66 equations/s - 132852.16 words/s - ARITHMETIC:  0.0000 - LR: 3.8416e-05
INFO - 12/02/25 00:58:40 - 7:26:04 -  169600 -  329.91 equations/s - 132955.07 words/s - ARITHMETIC:  0.0000 - LR: 3.8393e-05
INFO - 12/02/25 00:59:09 - 7:26:33 -  169800 -  329.84 equations/s - 132926.78 words/s - ARITHMETIC:  0.0000 - LR: 3.8371e-05
INFO - 12/02/25 00:59:16 - 7:26:40 - Memory allocated:  172.12MB, reserved: 4088.00MB
INFO - 12/02/25 00:59:16 - 7:26:40 - ============ End of epoch 162 ============
INFO - 12/02/25 00:59:16 - 7:26:40 - Creating valid iterator for arithmetic ...
INFO - 12/02/25 00:59:16 - 7:26:40 - Loading data from /mnt/e/AI@UWMELK-local/mobius_case_study/input/input_dir_interCRT100_natural/lambdasq_interCRT100_natural.txt.test ...
INFO - 12/02/25 00:59:17 - 7:26:41 - Loaded 100000 equations from the disk.
INFO - 12/02/25 00:59:26 - 7:26:50 - 10000/10000 (100.0%) equations were evaluated correctly.
INFO - 12/02/25 00:59:26 - 7:26:50 - 1: 10000 / 10000 (100.00%)
INFO - 12/02/25 00:59:26 - 7:26:50 - Memory allocated:  172.12MB, reserved: 4088.00MB
INFO - 12/02/25 00:59:26 - 7:26:50 - __log__:{"epoch": 162, "valid_arithmetic_xe_loss": 0.0, "valid_arithmetic_acc": 100.0, "valid_arithmetic_perfect": 100.0, "valid_arithmetic_correct": 100.0, "valid_arithmetic_acc_d1": 100.0, "valid_arithmetic_acc_d2": 100.0, "valid_arithmetic_acc_d3": 100.0, "valid_arithmetic_acc_1": 100.0}
INFO - 12/02/25 00:59:26 - 7:26:50 - Saving checkpoint to /mnt/e/AI@UWMELK-local/mobius_case_study/models/model_interCRT100_natural_liouville/lambdasq/1/checkpoint.pth ...
WARNING - 12/02/25 00:59:26 - 7:26:50 - Saving encoder parameters ...
WARNING - 12/02/25 00:59:26 - 7:26:50 - Saving decoder parameters ...
WARNING - 12/02/25 00:59:26 - 7:26:50 - Saving optimizer ...
INFO - 12/02/25 00:59:27 - 7:26:51 - ============ Starting epoch 163 ... ============
INFO - 12/02/25 00:59:49 - 7:27:13 -  170000 -  239.76 equations/s - 96622.09 words/s - ARITHMETIC:  0.0000 - LR: 3.8348e-05
INFO - 12/02/25 01:00:18 - 7:27:42 -  170200 -  330.47 equations/s - 133180.66 words/s - ARITHMETIC:  0.0000 - LR: 3.8326e-05
INFO - 12/02/25 01:00:47 - 7:28:11 -  170400 -  330.23 equations/s - 133083.53 words/s - ARITHMETIC:  0.0000 - LR: 3.8303e-05
INFO - 12/02/25 01:01:16 - 7:28:40 -  170600 -  330.64 equations/s - 133247.93 words/s - ARITHMETIC:  0.0000 - LR: 3.8281e-05
INFO - 12/02/25 01:01:45 - 7:29:09 -  170800 -  330.15 equations/s - 133049.39 words/s - ARITHMETIC:  0.0000 - LR: 3.8258e-05
INFO - 12/02/25 01:01:58 - 7:29:22 - Memory allocated:  172.12MB, reserved: 4088.00MB
INFO - 12/02/25 01:01:58 - 7:29:22 - ============ End of epoch 163 ============
INFO - 12/02/25 01:01:58 - 7:29:22 - Creating valid iterator for arithmetic ...
INFO - 12/02/25 01:01:58 - 7:29:22 - Loading data from /mnt/e/AI@UWMELK-local/mobius_case_study/input/input_dir_interCRT100_natural/lambdasq_interCRT100_natural.txt.test ...
INFO - 12/02/25 01:01:59 - 7:29:23 - Loaded 100000 equations from the disk.
INFO - 12/02/25 01:02:09 - 7:29:33 - 10000/10000 (100.0%) equations were evaluated correctly.
INFO - 12/02/25 01:02:09 - 7:29:33 - 1: 10000 / 10000 (100.00%)
INFO - 12/02/25 01:02:09 - 7:29:33 - Memory allocated:  172.12MB, reserved: 4088.00MB
INFO - 12/02/25 01:02:09 - 7:29:33 - __log__:{"epoch": 163, "valid_arithmetic_xe_loss": 0.0, "valid_arithmetic_acc": 100.0, "valid_arithmetic_perfect": 100.0, "valid_arithmetic_correct": 100.0, "valid_arithmetic_acc_d1": 100.0, "valid_arithmetic_acc_d2": 100.0, "valid_arithmetic_acc_d3": 100.0, "valid_arithmetic_acc_1": 100.0}
INFO - 12/02/25 01:02:09 - 7:29:33 - Saving checkpoint to /mnt/e/AI@UWMELK-local/mobius_case_study/models/model_interCRT100_natural_liouville/lambdasq/1/checkpoint.pth ...
WARNING - 12/02/25 01:02:09 - 7:29:33 - Saving encoder parameters ...
WARNING - 12/02/25 01:02:09 - 7:29:33 - Saving decoder parameters ...
WARNING - 12/02/25 01:02:09 - 7:29:33 - Saving optimizer ...
INFO - 12/02/25 01:02:09 - 7:29:33 - ============ Starting epoch 164 ... ============
INFO - 12/02/25 01:02:25 - 7:29:49 -  171000 -  240.11 equations/s - 96765.60 words/s - ARITHMETIC:  0.0000 - LR: 3.8236e-05
INFO - 12/02/25 01:02:54 - 7:30:18 -  171200 -  330.42 equations/s - 133160.31 words/s - ARITHMETIC:  0.0000 - LR: 3.8214e-05
INFO - 12/02/25 01:03:23 - 7:30:47 -  171400 -  330.17 equations/s - 133058.12 words/s - ARITHMETIC:  0.0000 - LR: 3.8191e-05
INFO - 12/02/25 01:03:53 - 7:31:16 -  171600 -  330.57 equations/s - 133218.70 words/s - ARITHMETIC:  0.0000 - LR: 3.8169e-05
INFO - 12/02/25 01:04:22 - 7:31:46 -  171800 -  329.86 equations/s - 132935.40 words/s - ARITHMETIC:  0.0000 - LR: 3.8147e-05
INFO - 12/02/25 01:04:41 - 7:32:04 - Memory allocated:  172.12MB, reserved: 4088.00MB
INFO - 12/02/25 01:04:41 - 7:32:04 - ============ End of epoch 164 ============
INFO - 12/02/25 01:04:41 - 7:32:04 - Creating valid iterator for arithmetic ...
INFO - 12/02/25 01:04:41 - 7:32:04 - Loading data from /mnt/e/AI@UWMELK-local/mobius_case_study/input/input_dir_interCRT100_natural/lambdasq_interCRT100_natural.txt.test ...
INFO - 12/02/25 01:04:42 - 7:32:06 - Loaded 100000 equations from the disk.
INFO - 12/02/25 01:04:51 - 7:32:15 - 10000/10000 (100.0%) equations were evaluated correctly.
INFO - 12/02/25 01:04:51 - 7:32:15 - 1: 10000 / 10000 (100.00%)
INFO - 12/02/25 01:04:51 - 7:32:15 - Memory allocated:  172.12MB, reserved: 4088.00MB
INFO - 12/02/25 01:04:51 - 7:32:15 - __log__:{"epoch": 164, "valid_arithmetic_xe_loss": 6.198882658736693e-10, "valid_arithmetic_acc": 100.0, "valid_arithmetic_perfect": 100.0, "valid_arithmetic_correct": 100.0, "valid_arithmetic_acc_d1": 100.0, "valid_arithmetic_acc_d2": 100.0, "valid_arithmetic_acc_d3": 100.0, "valid_arithmetic_acc_1": 100.0}
INFO - 12/02/25 01:04:51 - 7:32:15 - Saving checkpoint to /mnt/e/AI@UWMELK-local/mobius_case_study/models/model_interCRT100_natural_liouville/lambdasq/1/checkpoint.pth ...
WARNING - 12/02/25 01:04:51 - 7:32:15 - Saving encoder parameters ...
WARNING - 12/02/25 01:04:51 - 7:32:15 - Saving decoder parameters ...
WARNING - 12/02/25 01:04:51 - 7:32:15 - Saving optimizer ...
INFO - 12/02/25 01:04:52 - 7:32:16 - ============ Starting epoch 165 ... ============
INFO - 12/02/25 01:05:02 - 7:32:26 -  172000 -  238.49 equations/s - 96111.12 words/s - ARITHMETIC:  0.0000 - LR: 3.8125e-05
INFO - 12/02/25 01:05:31 - 7:32:55 -  172200 -  330.16 equations/s - 133055.74 words/s - ARITHMETIC:  0.0000 - LR: 3.8102e-05
INFO - 12/02/25 01:06:00 - 7:33:24 -  172400 -  330.17 equations/s - 133059.26 words/s - ARITHMETIC:  0.0000 - LR: 3.8080e-05
INFO - 12/02/25 01:06:29 - 7:33:53 -  172600 -  330.22 equations/s - 133080.17 words/s - ARITHMETIC:  0.0000 - LR: 3.8058e-05
INFO - 12/02/25 01:06:58 - 7:34:22 -  172800 -  330.43 equations/s - 133161.64 words/s - ARITHMETIC:  0.0000 - LR: 3.8036e-05
INFO - 12/02/25 01:07:23 - 7:34:47 - Memory allocated:  172.12MB, reserved: 4088.00MB
INFO - 12/02/25 01:07:23 - 7:34:47 - ============ End of epoch 165 ============
INFO - 12/02/25 01:07:23 - 7:34:47 - Creating valid iterator for arithmetic ...
INFO - 12/02/25 01:07:23 - 7:34:47 - Loading data from /mnt/e/AI@UWMELK-local/mobius_case_study/input/input_dir_interCRT100_natural/lambdasq_interCRT100_natural.txt.test ...
INFO - 12/02/25 01:07:24 - 7:34:48 - Loaded 100000 equations from the disk.
INFO - 12/02/25 01:07:34 - 7:34:58 - 10000/10000 (100.0%) equations were evaluated correctly.
INFO - 12/02/25 01:07:34 - 7:34:58 - 1: 10000 / 10000 (100.00%)
INFO - 12/02/25 01:07:34 - 7:34:58 - Memory allocated:  172.12MB, reserved: 4088.00MB
INFO - 12/02/25 01:07:34 - 7:34:58 - __log__:{"epoch": 165, "valid_arithmetic_xe_loss": 0.0, "valid_arithmetic_acc": 100.0, "valid_arithmetic_perfect": 100.0, "valid_arithmetic_correct": 100.0, "valid_arithmetic_acc_d1": 100.0, "valid_arithmetic_acc_d2": 100.0, "valid_arithmetic_acc_d3": 100.0, "valid_arithmetic_acc_1": 100.0}
INFO - 12/02/25 01:07:34 - 7:34:58 - Saving checkpoint to /mnt/e/AI@UWMELK-local/mobius_case_study/models/model_interCRT100_natural_liouville/lambdasq/1/checkpoint.pth ...
WARNING - 12/02/25 01:07:34 - 7:34:58 - Saving encoder parameters ...
WARNING - 12/02/25 01:07:34 - 7:34:58 - Saving decoder parameters ...
WARNING - 12/02/25 01:07:34 - 7:34:58 - Saving optimizer ...
INFO - 12/02/25 01:07:34 - 7:34:58 - ============ Starting epoch 166 ... ============
INFO - 12/02/25 01:07:38 - 7:35:02 -  173000 -  239.63 equations/s - 96570.27 words/s - ARITHMETIC:  0.0000 - LR: 3.8014e-05
INFO - 12/02/25 01:08:07 - 7:35:31 -  173200 -  330.23 equations/s - 133083.37 words/s - ARITHMETIC:  0.0000 - LR: 3.7992e-05
INFO - 12/02/25 01:08:36 - 7:36:00 -  173400 -  330.79 equations/s - 133309.42 words/s - ARITHMETIC:  0.0000 - LR: 3.7970e-05
INFO - 12/02/25 01:09:05 - 7:36:29 -  173600 -  330.53 equations/s - 133204.23 words/s - ARITHMETIC:  0.0000 - LR: 3.7949e-05
INFO - 12/02/25 01:09:34 - 7:36:58 -  173800 -  330.26 equations/s - 133093.79 words/s - ARITHMETIC:  0.0000 - LR: 3.7927e-05
INFO - 12/02/25 01:10:04 - 7:37:27 -  174000 -  330.19 equations/s - 133066.97 words/s - ARITHMETIC:  0.0000 - LR: 3.7905e-05
INFO - 12/02/25 01:10:06 - 7:37:29 - Memory allocated:  172.12MB, reserved: 4088.00MB
INFO - 12/02/25 01:10:06 - 7:37:29 - ============ End of epoch 166 ============
INFO - 12/02/25 01:10:06 - 7:37:29 - Creating valid iterator for arithmetic ...
INFO - 12/02/25 01:10:06 - 7:37:29 - Loading data from /mnt/e/AI@UWMELK-local/mobius_case_study/input/input_dir_interCRT100_natural/lambdasq_interCRT100_natural.txt.test ...
INFO - 12/02/25 01:10:07 - 7:37:31 - Loaded 100000 equations from the disk.
INFO - 12/02/25 01:10:16 - 7:37:40 - 10000/10000 (100.0%) equations were evaluated correctly.
INFO - 12/02/25 01:10:16 - 7:37:40 - 1: 10000 / 10000 (100.00%)
INFO - 12/02/25 01:10:16 - 7:37:40 - Memory allocated:  172.12MB, reserved: 4088.00MB
INFO - 12/02/25 01:10:16 - 7:37:40 - __log__:{"epoch": 166, "valid_arithmetic_xe_loss": 0.0, "valid_arithmetic_acc": 100.0, "valid_arithmetic_perfect": 100.0, "valid_arithmetic_correct": 100.0, "valid_arithmetic_acc_d1": 100.0, "valid_arithmetic_acc_d2": 100.0, "valid_arithmetic_acc_d3": 100.0, "valid_arithmetic_acc_1": 100.0}
INFO - 12/02/25 01:10:16 - 7:37:40 - Saving checkpoint to /mnt/e/AI@UWMELK-local/mobius_case_study/models/model_interCRT100_natural_liouville/lambdasq/1/checkpoint.pth ...
WARNING - 12/02/25 01:10:16 - 7:37:40 - Saving encoder parameters ...
WARNING - 12/02/25 01:10:16 - 7:37:40 - Saving decoder parameters ...
WARNING - 12/02/25 01:10:16 - 7:37:40 - Saving optimizer ...
INFO - 12/02/25 01:10:17 - 7:37:41 - ============ Starting epoch 167 ... ============
INFO - 12/02/25 01:10:44 - 7:38:08 -  174200 -  238.72 equations/s - 96204.27 words/s - ARITHMETIC:  0.0000 - LR: 3.7883e-05
INFO - 12/02/25 01:11:13 - 7:38:37 -  174400 -  330.04 equations/s - 133006.26 words/s - ARITHMETIC:  0.0000 - LR: 3.7861e-05
INFO - 12/02/25 01:11:42 - 7:39:06 -  174600 -  329.75 equations/s - 132888.44 words/s - ARITHMETIC:  0.0000 - LR: 3.7840e-05
INFO - 12/02/25 01:12:11 - 7:39:35 -  174800 -  329.56 equations/s - 132812.81 words/s - ARITHMETIC:  0.0000 - LR: 3.7818e-05
INFO - 12/02/25 01:12:40 - 7:40:04 -  175000 -  330.05 equations/s - 133011.59 words/s - ARITHMETIC:  0.0000 - LR: 3.7796e-05
INFO - 12/02/25 01:12:48 - 7:40:12 - Memory allocated:  172.12MB, reserved: 4088.00MB
INFO - 12/02/25 01:12:48 - 7:40:12 - ============ End of epoch 167 ============
INFO - 12/02/25 01:12:48 - 7:40:12 - Creating valid iterator for arithmetic ...
INFO - 12/02/25 01:12:48 - 7:40:12 - Loading data from /mnt/e/AI@UWMELK-local/mobius_case_study/input/input_dir_interCRT100_natural/lambdasq_interCRT100_natural.txt.test ...
INFO - 12/02/25 01:12:49 - 7:40:13 - Loaded 100000 equations from the disk.
INFO - 12/02/25 01:12:59 - 7:40:23 - 10000/10000 (100.0%) equations were evaluated correctly.
INFO - 12/02/25 01:12:59 - 7:40:23 - 1: 10000 / 10000 (100.00%)
INFO - 12/02/25 01:12:59 - 7:40:23 - Memory allocated:  172.12MB, reserved: 4088.00MB
INFO - 12/02/25 01:12:59 - 7:40:23 - __log__:{"epoch": 167, "valid_arithmetic_xe_loss": 0.0, "valid_arithmetic_acc": 100.0, "valid_arithmetic_perfect": 100.0, "valid_arithmetic_correct": 100.0, "valid_arithmetic_acc_d1": 100.0, "valid_arithmetic_acc_d2": 100.0, "valid_arithmetic_acc_d3": 100.0, "valid_arithmetic_acc_1": 100.0}
INFO - 12/02/25 01:12:59 - 7:40:23 - Saving checkpoint to /mnt/e/AI@UWMELK-local/mobius_case_study/models/model_interCRT100_natural_liouville/lambdasq/1/checkpoint.pth ...
WARNING - 12/02/25 01:12:59 - 7:40:23 - Saving encoder parameters ...
WARNING - 12/02/25 01:12:59 - 7:40:23 - Saving decoder parameters ...
WARNING - 12/02/25 01:12:59 - 7:40:23 - Saving optimizer ...
INFO - 12/02/25 01:12:59 - 7:40:23 - ============ Starting epoch 168 ... ============
INFO - 12/02/25 01:13:20 - 7:40:44 -  175200 -  238.58 equations/s - 96147.95 words/s - ARITHMETIC:  0.0000 - LR: 3.7775e-05
INFO - 12/02/25 01:13:49 - 7:41:13 -  175400 -  329.81 equations/s - 132911.72 words/s - ARITHMETIC:  0.0000 - LR: 3.7753e-05
INFO - 12/02/25 01:14:19 - 7:41:42 -  175600 -  329.95 equations/s - 132970.84 words/s - ARITHMETIC:  0.0000 - LR: 3.7732e-05
INFO - 12/02/25 01:14:48 - 7:42:12 -  175800 -  329.74 equations/s - 132884.94 words/s - ARITHMETIC:  0.0000 - LR: 3.7710e-05
INFO - 12/02/25 01:15:17 - 7:42:41 -  176000 -  330.16 equations/s - 133055.12 words/s - ARITHMETIC:  0.0000 - LR: 3.7689e-05
INFO - 12/02/25 01:15:31 - 7:42:55 - Memory allocated:  172.12MB, reserved: 4088.00MB
INFO - 12/02/25 01:15:31 - 7:42:55 - ============ End of epoch 168 ============
INFO - 12/02/25 01:15:31 - 7:42:55 - Creating valid iterator for arithmetic ...
INFO - 12/02/25 01:15:31 - 7:42:55 - Loading data from /mnt/e/AI@UWMELK-local/mobius_case_study/input/input_dir_interCRT100_natural/lambdasq_interCRT100_natural.txt.test ...
INFO - 12/02/25 01:15:32 - 7:42:56 - Loaded 100000 equations from the disk.
INFO - 12/02/25 01:15:42 - 7:43:06 - 10000/10000 (100.0%) equations were evaluated correctly.
INFO - 12/02/25 01:15:42 - 7:43:06 - 1: 10000 / 10000 (100.00%)
INFO - 12/02/25 01:15:42 - 7:43:06 - Memory allocated:  172.12MB, reserved: 4088.00MB
INFO - 12/02/25 01:15:42 - 7:43:06 - __log__:{"epoch": 168, "valid_arithmetic_xe_loss": 0.0, "valid_arithmetic_acc": 100.0, "valid_arithmetic_perfect": 100.0, "valid_arithmetic_correct": 100.0, "valid_arithmetic_acc_d1": 100.0, "valid_arithmetic_acc_d2": 100.0, "valid_arithmetic_acc_d3": 100.0, "valid_arithmetic_acc_1": 100.0}
INFO - 12/02/25 01:15:42 - 7:43:06 - Saving checkpoint to /mnt/e/AI@UWMELK-local/mobius_case_study/models/model_interCRT100_natural_liouville/lambdasq/1/checkpoint.pth ...
WARNING - 12/02/25 01:15:42 - 7:43:06 - Saving encoder parameters ...
WARNING - 12/02/25 01:15:42 - 7:43:06 - Saving decoder parameters ...
WARNING - 12/02/25 01:15:42 - 7:43:06 - Saving optimizer ...
INFO - 12/02/25 01:15:42 - 7:43:06 - ============ Starting epoch 169 ... ============
INFO - 12/02/25 01:15:57 - 7:43:21 -  176200 -  237.18 equations/s - 95582.54 words/s - ARITHMETIC:  0.0000 - LR: 3.7668e-05
INFO - 12/02/25 01:16:28 - 7:43:52 -  176400 -  309.72 equations/s - 124816.69 words/s - ARITHMETIC:  0.0000 - LR: 3.7646e-05
INFO - 12/02/25 01:16:58 - 7:44:22 -  176600 -  318.66 equations/s - 128420.27 words/s - ARITHMETIC:  0.0000 - LR: 3.7625e-05
INFO - 12/02/25 01:17:28 - 7:44:52 -  176800 -  323.10 equations/s - 130208.95 words/s - ARITHMETIC:  0.0000 - LR: 3.7604e-05
INFO - 12/02/25 01:17:58 - 7:45:22 -  177000 -  324.56 equations/s - 130798.54 words/s - ARITHMETIC:  0.0000 - LR: 3.7582e-05
INFO - 12/02/25 01:18:18 - 7:45:42 - Memory allocated:  172.12MB, reserved: 4088.00MB
INFO - 12/02/25 01:18:18 - 7:45:42 - ============ End of epoch 169 ============
INFO - 12/02/25 01:18:18 - 7:45:42 - Creating valid iterator for arithmetic ...
INFO - 12/02/25 01:18:18 - 7:45:42 - Loading data from /mnt/e/AI@UWMELK-local/mobius_case_study/input/input_dir_interCRT100_natural/lambdasq_interCRT100_natural.txt.test ...
INFO - 12/02/25 01:18:20 - 7:45:43 - Loaded 100000 equations from the disk.
INFO - 12/02/25 01:18:29 - 7:45:53 - 10000/10000 (100.0%) equations were evaluated correctly.
INFO - 12/02/25 01:18:29 - 7:45:53 - 1: 10000 / 10000 (100.00%)
INFO - 12/02/25 01:18:29 - 7:45:53 - Memory allocated:  172.12MB, reserved: 4088.00MB
INFO - 12/02/25 01:18:29 - 7:45:53 - __log__:{"epoch": 169, "valid_arithmetic_xe_loss": 0.0, "valid_arithmetic_acc": 100.0, "valid_arithmetic_perfect": 100.0, "valid_arithmetic_correct": 100.0, "valid_arithmetic_acc_d1": 100.0, "valid_arithmetic_acc_d2": 100.0, "valid_arithmetic_acc_d3": 100.0, "valid_arithmetic_acc_1": 100.0}
INFO - 12/02/25 01:18:29 - 7:45:53 - Saving checkpoint to /mnt/e/AI@UWMELK-local/mobius_case_study/models/model_interCRT100_natural_liouville/lambdasq/1/checkpoint.pth ...
WARNING - 12/02/25 01:18:29 - 7:45:53 - Saving encoder parameters ...
WARNING - 12/02/25 01:18:29 - 7:45:53 - Saving decoder parameters ...
WARNING - 12/02/25 01:18:29 - 7:45:53 - Saving optimizer ...
INFO - 12/02/25 01:18:30 - 7:45:54 - ============ Starting epoch 170 ... ============
INFO - 12/02/25 01:18:39 - 7:46:02 -  177200 -  234.87 equations/s - 94651.39 words/s - ARITHMETIC:  0.0000 - LR: 3.7561e-05
INFO - 12/02/25 01:19:08 - 7:46:32 -  177400 -  322.80 equations/s - 130087.96 words/s - ARITHMETIC:  0.0000 - LR: 3.7540e-05
INFO - 12/02/25 01:19:38 - 7:47:02 -  177600 -  323.93 equations/s - 130541.82 words/s - ARITHMETIC:  0.0000 - LR: 3.7519e-05
INFO - 12/02/25 01:20:08 - 7:47:32 -  177800 -  317.90 equations/s - 128113.06 words/s - ARITHMETIC:  0.0000 - LR: 3.7498e-05
INFO - 12/02/25 01:20:39 - 7:48:03 -  178000 -  314.72 equations/s - 126831.27 words/s - ARITHMETIC:  0.0000 - LR: 3.7477e-05
INFO - 12/02/25 01:21:07 - 7:48:31 - Memory allocated:  172.12MB, reserved: 4088.00MB
INFO - 12/02/25 01:21:07 - 7:48:31 - ============ End of epoch 170 ============
INFO - 12/02/25 01:21:07 - 7:48:31 - Creating valid iterator for arithmetic ...
INFO - 12/02/25 01:21:07 - 7:48:31 - Loading data from /mnt/e/AI@UWMELK-local/mobius_case_study/input/input_dir_interCRT100_natural/lambdasq_interCRT100_natural.txt.test ...
INFO - 12/02/25 01:21:08 - 7:48:32 - Loaded 100000 equations from the disk.
INFO - 12/02/25 01:21:20 - 7:48:43 - 10000/10000 (100.0%) equations were evaluated correctly.
INFO - 12/02/25 01:21:20 - 7:48:43 - 1: 10000 / 10000 (100.00%)
INFO - 12/02/25 01:21:20 - 7:48:43 - Memory allocated:  172.12MB, reserved: 4088.00MB
INFO - 12/02/25 01:21:20 - 7:48:43 - __log__:{"epoch": 170, "valid_arithmetic_xe_loss": 0.0, "valid_arithmetic_acc": 100.0, "valid_arithmetic_perfect": 100.0, "valid_arithmetic_correct": 100.0, "valid_arithmetic_acc_d1": 100.0, "valid_arithmetic_acc_d2": 100.0, "valid_arithmetic_acc_d3": 100.0, "valid_arithmetic_acc_1": 100.0}
INFO - 12/02/25 01:21:20 - 7:48:43 - Saving checkpoint to /mnt/e/AI@UWMELK-local/mobius_case_study/models/model_interCRT100_natural_liouville/lambdasq/1/checkpoint.pth ...
WARNING - 12/02/25 01:21:20 - 7:48:43 - Saving encoder parameters ...
WARNING - 12/02/25 01:21:20 - 7:48:43 - Saving decoder parameters ...
WARNING - 12/02/25 01:21:20 - 7:48:43 - Saving optimizer ...
INFO - 12/02/25 01:21:20 - 7:48:44 - ============ Starting epoch 171 ... ============
INFO - 12/02/25 01:21:23 - 7:48:47 -  178200 -  217.93 equations/s - 87826.98 words/s - ARITHMETIC:  0.0000 - LR: 3.7456e-05
INFO - 12/02/25 01:21:52 - 7:49:16 -  178400 -  322.42 equations/s - 129934.31 words/s - ARITHMETIC:  0.0000 - LR: 3.7435e-05
INFO - 12/02/25 01:22:24 - 7:49:48 -  178600 -  307.48 equations/s - 123915.30 words/s - ARITHMETIC:  0.0000 - LR: 3.7414e-05
INFO - 12/02/25 01:22:57 - 7:50:21 -  178800 -  286.10 equations/s - 115300.30 words/s - ARITHMETIC:  0.0000 - LR: 3.7393e-05
INFO - 12/02/25 01:23:28 - 7:50:52 -  179000 -  307.13 equations/s - 123772.35 words/s - ARITHMETIC:  0.0000 - LR: 3.7372e-05
INFO - 12/02/25 01:23:58 - 7:51:22 -  179200 -  321.06 equations/s - 129386.26 words/s - ARITHMETIC:  0.0000 - LR: 3.7351e-05
INFO - 12/02/25 01:24:02 - 7:51:26 - Memory allocated:  172.12MB, reserved: 4088.00MB
INFO - 12/02/25 01:24:02 - 7:51:26 - ============ End of epoch 171 ============
INFO - 12/02/25 01:24:02 - 7:51:26 - Creating valid iterator for arithmetic ...
INFO - 12/02/25 01:24:02 - 7:51:26 - Loading data from /mnt/e/AI@UWMELK-local/mobius_case_study/input/input_dir_interCRT100_natural/lambdasq_interCRT100_natural.txt.test ...
INFO - 12/02/25 01:24:03 - 7:51:27 - Loaded 100000 equations from the disk.
INFO - 12/02/25 01:24:13 - 7:51:37 - 10000/10000 (100.0%) equations were evaluated correctly.
INFO - 12/02/25 01:24:13 - 7:51:37 - 1: 10000 / 10000 (100.00%)
INFO - 12/02/25 01:24:13 - 7:51:37 - Memory allocated:  172.12MB, reserved: 4088.00MB
INFO - 12/02/25 01:24:13 - 7:51:37 - __log__:{"epoch": 171, "valid_arithmetic_xe_loss": 1.192092824453539e-11, "valid_arithmetic_acc": 100.0, "valid_arithmetic_perfect": 100.0, "valid_arithmetic_correct": 100.0, "valid_arithmetic_acc_d1": 100.0, "valid_arithmetic_acc_d2": 100.0, "valid_arithmetic_acc_d3": 100.0, "valid_arithmetic_acc_1": 100.0}
INFO - 12/02/25 01:24:13 - 7:51:37 - Saving checkpoint to /mnt/e/AI@UWMELK-local/mobius_case_study/models/model_interCRT100_natural_liouville/lambdasq/1/checkpoint.pth ...
WARNING - 12/02/25 01:24:13 - 7:51:37 - Saving encoder parameters ...
WARNING - 12/02/25 01:24:13 - 7:51:37 - Saving decoder parameters ...
WARNING - 12/02/25 01:24:13 - 7:51:37 - Saving optimizer ...
INFO - 12/02/25 01:24:13 - 7:51:37 - ============ Starting epoch 172 ... ============
INFO - 12/02/25 01:24:40 - 7:52:04 -  179400 -  227.95 equations/s - 91862.84 words/s - ARITHMETIC:  0.0000 - LR: 3.7330e-05
INFO - 12/02/25 01:25:10 - 7:52:34 -  179600 -  321.45 equations/s - 129544.40 words/s - ARITHMETIC:  0.0000 - LR: 3.7309e-05
INFO - 12/02/25 01:25:40 - 7:53:04 -  179800 -  323.54 equations/s - 130388.31 words/s - ARITHMETIC:  0.0000 - LR: 3.7289e-05
INFO - 12/02/25 01:26:10 - 7:53:33 -  180000 -  325.28 equations/s - 131087.80 words/s - ARITHMETIC:  0.0000 - LR: 3.7268e-05
INFO - 12/02/25 01:26:40 - 7:54:03 -  180200 -  320.24 equations/s - 129055.22 words/s - ARITHMETIC:  0.0000 - LR: 3.7247e-05
INFO - 12/02/25 01:26:49 - 7:54:13 - Memory allocated:  172.12MB, reserved: 4088.00MB
INFO - 12/02/25 01:26:49 - 7:54:13 - ============ End of epoch 172 ============
INFO - 12/02/25 01:26:49 - 7:54:13 - Creating valid iterator for arithmetic ...
INFO - 12/02/25 01:26:49 - 7:54:13 - Loading data from /mnt/e/AI@UWMELK-local/mobius_case_study/input/input_dir_interCRT100_natural/lambdasq_interCRT100_natural.txt.test ...
INFO - 12/02/25 01:26:50 - 7:54:14 - Loaded 100000 equations from the disk.
INFO - 12/02/25 01:27:00 - 7:54:24 - 10000/10000 (100.0%) equations were evaluated correctly.
INFO - 12/02/25 01:27:00 - 7:54:24 - 1: 10000 / 10000 (100.00%)
INFO - 12/02/25 01:27:00 - 7:54:24 - Memory allocated:  172.12MB, reserved: 4088.00MB
INFO - 12/02/25 01:27:00 - 7:54:24 - __log__:{"epoch": 172, "valid_arithmetic_xe_loss": 0.0, "valid_arithmetic_acc": 100.0, "valid_arithmetic_perfect": 100.0, "valid_arithmetic_correct": 100.0, "valid_arithmetic_acc_d1": 100.0, "valid_arithmetic_acc_d2": 100.0, "valid_arithmetic_acc_d3": 100.0, "valid_arithmetic_acc_1": 100.0}
INFO - 12/02/25 01:27:00 - 7:54:24 - Saving checkpoint to /mnt/e/AI@UWMELK-local/mobius_case_study/models/model_interCRT100_natural_liouville/lambdasq/1/checkpoint.pth ...
WARNING - 12/02/25 01:27:00 - 7:54:24 - Saving encoder parameters ...
WARNING - 12/02/25 01:27:00 - 7:54:24 - Saving decoder parameters ...
WARNING - 12/02/25 01:27:00 - 7:54:24 - Saving optimizer ...
INFO - 12/02/25 01:27:01 - 7:54:25 - ============ Starting epoch 173 ... ============
INFO - 12/02/25 01:27:21 - 7:54:45 -  180400 -  232.63 equations/s - 93748.08 words/s - ARITHMETIC:  0.0000 - LR: 3.7226e-05
INFO - 12/02/25 01:27:51 - 7:55:15 -  180600 -  315.38 equations/s - 127098.98 words/s - ARITHMETIC:  0.0000 - LR: 3.7206e-05
INFO - 12/02/25 01:28:22 - 7:55:46 -  180800 -  315.87 equations/s - 127295.89 words/s - ARITHMETIC:  0.0000 - LR: 3.7185e-05
INFO - 12/02/25 01:28:52 - 7:56:16 -  181000 -  313.69 equations/s - 126417.92 words/s - ARITHMETIC:  0.0000 - LR: 3.7165e-05
INFO - 12/02/25 01:29:22 - 7:56:46 -  181200 -  317.69 equations/s - 128029.21 words/s - ARITHMETIC:  0.0000 - LR: 3.7144e-05
INFO - 12/02/25 01:29:39 - 7:57:03 - Memory allocated:  172.12MB, reserved: 4088.00MB
INFO - 12/02/25 01:29:39 - 7:57:03 - ============ End of epoch 173 ============
INFO - 12/02/25 01:29:39 - 7:57:03 - Creating valid iterator for arithmetic ...
INFO - 12/02/25 01:29:39 - 7:57:03 - Loading data from /mnt/e/AI@UWMELK-local/mobius_case_study/input/input_dir_interCRT100_natural/lambdasq_interCRT100_natural.txt.test ...
INFO - 12/02/25 01:29:40 - 7:57:04 - Loaded 100000 equations from the disk.
INFO - 12/02/25 01:29:50 - 7:57:14 - 10000/10000 (100.0%) equations were evaluated correctly.
INFO - 12/02/25 01:29:50 - 7:57:14 - 1: 10000 / 10000 (100.00%)
INFO - 12/02/25 01:29:50 - 7:57:14 - Memory allocated:  172.12MB, reserved: 4088.00MB
INFO - 12/02/25 01:29:50 - 7:57:14 - __log__:{"epoch": 173, "valid_arithmetic_xe_loss": 0.0, "valid_arithmetic_acc": 100.0, "valid_arithmetic_perfect": 100.0, "valid_arithmetic_correct": 100.0, "valid_arithmetic_acc_d1": 100.0, "valid_arithmetic_acc_d2": 100.0, "valid_arithmetic_acc_d3": 100.0, "valid_arithmetic_acc_1": 100.0}
INFO - 12/02/25 01:29:50 - 7:57:14 - Saving checkpoint to /mnt/e/AI@UWMELK-local/mobius_case_study/models/model_interCRT100_natural_liouville/lambdasq/1/checkpoint.pth ...
WARNING - 12/02/25 01:29:50 - 7:57:14 - Saving encoder parameters ...
WARNING - 12/02/25 01:29:50 - 7:57:14 - Saving decoder parameters ...
WARNING - 12/02/25 01:29:50 - 7:57:14 - Saving optimizer ...
INFO - 12/02/25 01:29:50 - 7:57:14 - ============ Starting epoch 174 ... ============
INFO - 12/02/25 01:30:05 - 7:57:29 -  181400 -  226.28 equations/s - 91189.91 words/s - ARITHMETIC:  0.0000 - LR: 3.7124e-05
INFO - 12/02/25 01:30:36 - 7:58:00 -  181600 -  305.65 equations/s - 123177.04 words/s - ARITHMETIC:  0.0000 - LR: 3.7103e-05
INFO - 12/02/25 01:31:06 - 7:58:30 -  181800 -  320.79 equations/s - 129279.74 words/s - ARITHMETIC:  0.0000 - LR: 3.7083e-05
INFO - 12/02/25 01:31:36 - 7:59:00 -  182000 -  319.69 equations/s - 128835.58 words/s - ARITHMETIC:  0.0000 - LR: 3.7062e-05
INFO - 12/02/25 01:32:06 - 7:59:30 -  182200 -  318.90 equations/s - 128517.76 words/s - ARITHMETIC:  0.0000 - LR: 3.7042e-05
INFO - 12/02/25 01:32:30 - 7:59:53 - Memory allocated:  172.12MB, reserved: 4088.00MB
INFO - 12/02/25 01:32:30 - 7:59:53 - ============ End of epoch 174 ============
INFO - 12/02/25 01:32:30 - 7:59:53 - Creating valid iterator for arithmetic ...
INFO - 12/02/25 01:32:30 - 7:59:53 - Loading data from /mnt/e/AI@UWMELK-local/mobius_case_study/input/input_dir_interCRT100_natural/lambdasq_interCRT100_natural.txt.test ...
INFO - 12/02/25 01:32:31 - 7:59:55 - Loaded 100000 equations from the disk.
INFO - 12/02/25 01:32:40 - 8:00:04 - 10000/10000 (100.0%) equations were evaluated correctly.
INFO - 12/02/25 01:32:40 - 8:00:04 - 1: 10000 / 10000 (100.00%)
INFO - 12/02/25 01:32:41 - 8:00:04 - Memory allocated:  172.12MB, reserved: 4088.00MB
INFO - 12/02/25 01:32:41 - 8:00:04 - __log__:{"epoch": 174, "valid_arithmetic_xe_loss": 4.4941898558192865e-09, "valid_arithmetic_acc": 100.0, "valid_arithmetic_perfect": 100.0, "valid_arithmetic_correct": 100.0, "valid_arithmetic_acc_d1": 100.0, "valid_arithmetic_acc_d2": 100.0, "valid_arithmetic_acc_d3": 100.0, "valid_arithmetic_acc_1": 100.0}
INFO - 12/02/25 01:32:41 - 8:00:04 - Saving checkpoint to /mnt/e/AI@UWMELK-local/mobius_case_study/models/model_interCRT100_natural_liouville/lambdasq/1/checkpoint.pth ...
WARNING - 12/02/25 01:32:41 - 8:00:04 - Saving encoder parameters ...
WARNING - 12/02/25 01:32:41 - 8:00:04 - Saving decoder parameters ...
WARNING - 12/02/25 01:32:41 - 8:00:04 - Saving optimizer ...
INFO - 12/02/25 01:32:41 - 8:00:05 - ============ Starting epoch 175 ... ============
INFO - 12/02/25 01:32:49 - 8:00:13 -  182400 -  226.64 equations/s - 91336.67 words/s - ARITHMETIC:  0.0000 - LR: 3.7022e-05
INFO - 12/02/25 01:33:19 - 8:00:42 -  182600 -  321.76 equations/s - 129669.13 words/s - ARITHMETIC:  0.0000 - LR: 3.7002e-05
INFO - 12/02/25 01:33:50 - 8:01:14 -  182800 -  308.28 equations/s - 124237.15 words/s - ARITHMETIC:  0.0000 - LR: 3.6981e-05
INFO - 12/02/25 01:34:20 - 8:01:44 -  183000 -  314.07 equations/s - 126568.39 words/s - ARITHMETIC:  0.0000 - LR: 3.6961e-05
INFO - 12/02/25 01:34:51 - 8:02:15 -  183200 -  315.50 equations/s - 127144.65 words/s - ARITHMETIC:  0.0000 - LR: 3.6941e-05
INFO - 12/02/25 01:35:20 - 8:02:44 - Memory allocated:  172.12MB, reserved: 4088.00MB
INFO - 12/02/25 01:35:20 - 8:02:44 - ============ End of epoch 175 ============
INFO - 12/02/25 01:35:20 - 8:02:44 - Creating valid iterator for arithmetic ...
INFO - 12/02/25 01:35:20 - 8:02:44 - Loading data from /mnt/e/AI@UWMELK-local/mobius_case_study/input/input_dir_interCRT100_natural/lambdasq_interCRT100_natural.txt.test ...
INFO - 12/02/25 01:35:21 - 8:02:45 - Loaded 100000 equations from the disk.
INFO - 12/02/25 01:35:31 - 8:02:55 - 10000/10000 (100.0%) equations were evaluated correctly.
INFO - 12/02/25 01:35:31 - 8:02:55 - 1: 10000 / 10000 (100.00%)
INFO - 12/02/25 01:35:31 - 8:02:55 - Memory allocated:  172.12MB, reserved: 4088.00MB
INFO - 12/02/25 01:35:31 - 8:02:55 - __log__:{"epoch": 175, "valid_arithmetic_xe_loss": 0.0, "valid_arithmetic_acc": 100.0, "valid_arithmetic_perfect": 100.0, "valid_arithmetic_correct": 100.0, "valid_arithmetic_acc_d1": 100.0, "valid_arithmetic_acc_d2": 100.0, "valid_arithmetic_acc_d3": 100.0, "valid_arithmetic_acc_1": 100.0}
INFO - 12/02/25 01:35:31 - 8:02:55 - Saving checkpoint to /mnt/e/AI@UWMELK-local/mobius_case_study/models/model_interCRT100_natural_liouville/lambdasq/1/checkpoint.pth ...
WARNING - 12/02/25 01:35:31 - 8:02:55 - Saving encoder parameters ...
WARNING - 12/02/25 01:35:31 - 8:02:55 - Saving decoder parameters ...
WARNING - 12/02/25 01:35:31 - 8:02:55 - Saving optimizer ...
INFO - 12/02/25 01:35:32 - 8:02:56 - ============ Starting epoch 176 ... ============
INFO - 12/02/25 01:35:33 - 8:02:57 -  183400 -  226.14 equations/s - 91132.83 words/s - ARITHMETIC:  0.0000 - LR: 3.6921e-05
INFO - 12/02/25 01:36:04 - 8:03:28 -  183600 -  311.61 equations/s - 125577.36 words/s - ARITHMETIC:  0.0000 - LR: 3.6901e-05
INFO - 12/02/25 01:36:34 - 8:03:58 -  183800 -  315.98 equations/s - 127338.67 words/s - ARITHMETIC:  0.0000 - LR: 3.6881e-05
INFO - 12/02/25 01:37:05 - 8:04:29 -  184000 -  316.18 equations/s - 127422.03 words/s - ARITHMETIC:  0.0000 - LR: 3.6860e-05
INFO - 12/02/25 01:37:35 - 8:04:59 -  184200 -  316.19 equations/s - 127424.34 words/s - ARITHMETIC:  0.0000 - LR: 3.6840e-05
INFO - 12/02/25 01:38:05 - 8:05:29 -  184400 -  317.49 equations/s - 127947.35 words/s - ARITHMETIC:  0.0000 - LR: 3.6820e-05
INFO - 12/02/25 01:38:10 - 8:05:34 - Memory allocated:  172.12MB, reserved: 4088.00MB
INFO - 12/02/25 01:38:10 - 8:05:34 - ============ End of epoch 176 ============
INFO - 12/02/25 01:38:10 - 8:05:34 - Creating valid iterator for arithmetic ...
INFO - 12/02/25 01:38:10 - 8:05:34 - Loading data from /mnt/e/AI@UWMELK-local/mobius_case_study/input/input_dir_interCRT100_natural/lambdasq_interCRT100_natural.txt.test ...
INFO - 12/02/25 01:38:12 - 8:05:35 - Loaded 100000 equations from the disk.
INFO - 12/02/25 01:38:21 - 8:05:45 - 10000/10000 (100.0%) equations were evaluated correctly.
INFO - 12/02/25 01:38:21 - 8:05:45 - 1: 10000 / 10000 (100.00%)
INFO - 12/02/25 01:38:21 - 8:05:45 - Memory allocated:  172.12MB, reserved: 4088.00MB
INFO - 12/02/25 01:38:21 - 8:05:45 - __log__:{"epoch": 176, "valid_arithmetic_xe_loss": 0.0, "valid_arithmetic_acc": 100.0, "valid_arithmetic_perfect": 100.0, "valid_arithmetic_correct": 100.0, "valid_arithmetic_acc_d1": 100.0, "valid_arithmetic_acc_d2": 100.0, "valid_arithmetic_acc_d3": 100.0, "valid_arithmetic_acc_1": 100.0}
INFO - 12/02/25 01:38:21 - 8:05:45 - Saving checkpoint to /mnt/e/AI@UWMELK-local/mobius_case_study/models/model_interCRT100_natural_liouville/lambdasq/1/checkpoint.pth ...
WARNING - 12/02/25 01:38:21 - 8:05:45 - Saving encoder parameters ...
WARNING - 12/02/25 01:38:21 - 8:05:45 - Saving decoder parameters ...
WARNING - 12/02/25 01:38:21 - 8:05:45 - Saving optimizer ...
INFO - 12/02/25 01:38:22 - 8:05:46 - ============ Starting epoch 177 ... ============
INFO - 12/02/25 01:38:47 - 8:06:11 -  184600 -  230.07 equations/s - 92720.11 words/s - ARITHMETIC:  0.0000 - LR: 3.6801e-05
INFO - 12/02/25 01:39:18 - 8:06:42 -  184800 -  311.67 equations/s - 125603.34 words/s - ARITHMETIC:  0.0000 - LR: 3.6781e-05
INFO - 12/02/25 01:39:49 - 8:07:13 -  185000 -  311.45 equations/s - 125515.38 words/s - ARITHMETIC:  0.0000 - LR: 3.6761e-05
INFO - 12/02/25 01:40:19 - 8:07:43 -  185200 -  314.62 equations/s - 126792.02 words/s - ARITHMETIC:  0.0000 - LR: 3.6741e-05
INFO - 12/02/25 01:40:51 - 8:08:15 -  185400 -  299.97 equations/s - 120889.29 words/s - ARITHMETIC:  0.0000 - LR: 3.6721e-05
INFO - 12/02/25 01:41:03 - 8:08:27 - Memory allocated:  172.12MB, reserved: 4088.00MB
INFO - 12/02/25 01:41:03 - 8:08:27 - ============ End of epoch 177 ============
INFO - 12/02/25 01:41:03 - 8:08:27 - Creating valid iterator for arithmetic ...
INFO - 12/02/25 01:41:03 - 8:08:27 - Loading data from /mnt/e/AI@UWMELK-local/mobius_case_study/input/input_dir_interCRT100_natural/lambdasq_interCRT100_natural.txt.test ...
INFO - 12/02/25 01:41:04 - 8:08:28 - Loaded 100000 equations from the disk.
INFO - 12/02/25 01:41:14 - 8:08:38 - 10000/10000 (100.0%) equations were evaluated correctly.
INFO - 12/02/25 01:41:14 - 8:08:38 - 1: 10000 / 10000 (100.00%)
INFO - 12/02/25 01:41:14 - 8:08:38 - Memory allocated:  172.12MB, reserved: 4088.00MB
INFO - 12/02/25 01:41:14 - 8:08:38 - __log__:{"epoch": 177, "valid_arithmetic_xe_loss": 0.0, "valid_arithmetic_acc": 100.0, "valid_arithmetic_perfect": 100.0, "valid_arithmetic_correct": 100.0, "valid_arithmetic_acc_d1": 100.0, "valid_arithmetic_acc_d2": 100.0, "valid_arithmetic_acc_d3": 100.0, "valid_arithmetic_acc_1": 100.0}
INFO - 12/02/25 01:41:14 - 8:08:38 - Saving checkpoint to /mnt/e/AI@UWMELK-local/mobius_case_study/models/model_interCRT100_natural_liouville/lambdasq/1/checkpoint.pth ...
WARNING - 12/02/25 01:41:14 - 8:08:38 - Saving encoder parameters ...
WARNING - 12/02/25 01:41:14 - 8:08:38 - Saving decoder parameters ...
WARNING - 12/02/25 01:41:14 - 8:08:38 - Saving optimizer ...
INFO - 12/02/25 01:41:15 - 8:08:39 - ============ Starting epoch 178 ... ============
INFO - 12/02/25 01:41:34 - 8:08:58 -  185600 -  224.29 equations/s - 90386.97 words/s - ARITHMETIC:  0.0000 - LR: 3.6701e-05
INFO - 12/02/25 01:42:05 - 8:09:29 -  185800 -  312.80 equations/s - 126056.60 words/s - ARITHMETIC:  0.0000 - LR: 3.6682e-05
INFO - 12/02/25 01:42:35 - 8:09:59 -  186000 -  317.93 equations/s - 128127.34 words/s - ARITHMETIC:  0.0000 - LR: 3.6662e-05
INFO - 12/02/25 01:43:06 - 8:10:30 -  186200 -  311.64 equations/s - 125590.41 words/s - ARITHMETIC:  0.0000 - LR: 3.6642e-05
INFO - 12/02/25 01:43:36 - 8:11:00 -  186400 -  317.74 equations/s - 128050.55 words/s - ARITHMETIC:  0.0000 - LR: 3.6622e-05
INFO - 12/02/25 01:43:53 - 8:11:17 - Memory allocated:  172.12MB, reserved: 4088.00MB
INFO - 12/02/25 01:43:53 - 8:11:17 - ============ End of epoch 178 ============
INFO - 12/02/25 01:43:53 - 8:11:17 - Creating valid iterator for arithmetic ...
INFO - 12/02/25 01:43:53 - 8:11:17 - Loading data from /mnt/e/AI@UWMELK-local/mobius_case_study/input/input_dir_interCRT100_natural/lambdasq_interCRT100_natural.txt.test ...
INFO - 12/02/25 01:43:54 - 8:11:18 - Loaded 100000 equations from the disk.
INFO - 12/02/25 01:44:04 - 8:11:28 - 10000/10000 (100.0%) equations were evaluated correctly.
INFO - 12/02/25 01:44:04 - 8:11:28 - 1: 10000 / 10000 (100.00%)
INFO - 12/02/25 01:44:04 - 8:11:28 - Memory allocated:  172.12MB, reserved: 4088.00MB
INFO - 12/02/25 01:44:04 - 8:11:28 - __log__:{"epoch": 178, "valid_arithmetic_xe_loss": 1.1706351108387026e-08, "valid_arithmetic_acc": 100.0, "valid_arithmetic_perfect": 100.0, "valid_arithmetic_correct": 100.0, "valid_arithmetic_acc_d1": 100.0, "valid_arithmetic_acc_d2": 100.0, "valid_arithmetic_acc_d3": 100.0, "valid_arithmetic_acc_1": 100.0}
INFO - 12/02/25 01:44:04 - 8:11:28 - Saving checkpoint to /mnt/e/AI@UWMELK-local/mobius_case_study/models/model_interCRT100_natural_liouville/lambdasq/1/checkpoint.pth ...
WARNING - 12/02/25 01:44:04 - 8:11:28 - Saving encoder parameters ...
WARNING - 12/02/25 01:44:04 - 8:11:28 - Saving decoder parameters ...
WARNING - 12/02/25 01:44:04 - 8:11:28 - Saving optimizer ...
INFO - 12/02/25 01:44:05 - 8:11:28 - ============ Starting epoch 179 ... ============
INFO - 12/02/25 01:44:17 - 8:11:41 -  186600 -  234.56 equations/s - 94527.13 words/s - ARITHMETIC:  0.0000 - LR: 3.6603e-05
INFO - 12/02/25 01:44:47 - 8:12:11 -  186800 -  316.53 equations/s - 127561.08 words/s - ARITHMETIC:  0.0000 - LR: 3.6583e-05
INFO - 12/02/25 01:45:17 - 8:12:41 -  187000 -  322.61 equations/s - 130011.64 words/s - ARITHMETIC:  0.0000 - LR: 3.6564e-05
INFO - 12/02/25 01:45:47 - 8:13:11 -  187200 -  322.12 equations/s - 129812.97 words/s - ARITHMETIC:  0.0000 - LR: 3.6544e-05
INFO - 12/02/25 01:46:16 - 8:13:40 -  187400 -  323.85 equations/s - 130512.99 words/s - ARITHMETIC:  0.0000 - LR: 3.6525e-05
INFO - 12/02/25 01:46:40 - 8:14:04 - Memory allocated:  172.12MB, reserved: 4088.00MB
INFO - 12/02/25 01:46:40 - 8:14:04 - ============ End of epoch 179 ============
INFO - 12/02/25 01:46:40 - 8:14:04 - Creating valid iterator for arithmetic ...
INFO - 12/02/25 01:46:40 - 8:14:04 - Loading data from /mnt/e/AI@UWMELK-local/mobius_case_study/input/input_dir_interCRT100_natural/lambdasq_interCRT100_natural.txt.test ...
INFO - 12/02/25 01:46:41 - 8:14:05 - Loaded 100000 equations from the disk.
INFO - 12/02/25 01:46:51 - 8:14:15 - 10000/10000 (100.0%) equations were evaluated correctly.
INFO - 12/02/25 01:46:51 - 8:14:15 - 1: 10000 / 10000 (100.00%)
INFO - 12/02/25 01:46:51 - 8:14:15 - Memory allocated:  172.12MB, reserved: 4088.00MB
INFO - 12/02/25 01:46:51 - 8:14:15 - __log__:{"epoch": 179, "valid_arithmetic_xe_loss": 0.0, "valid_arithmetic_acc": 100.0, "valid_arithmetic_perfect": 100.0, "valid_arithmetic_correct": 100.0, "valid_arithmetic_acc_d1": 100.0, "valid_arithmetic_acc_d2": 100.0, "valid_arithmetic_acc_d3": 100.0, "valid_arithmetic_acc_1": 100.0}
INFO - 12/02/25 01:46:51 - 8:14:15 - Saving checkpoint to /mnt/e/AI@UWMELK-local/mobius_case_study/models/model_interCRT100_natural_liouville/lambdasq/1/checkpoint.pth ...
WARNING - 12/02/25 01:46:51 - 8:14:15 - Saving encoder parameters ...
WARNING - 12/02/25 01:46:51 - 8:14:15 - Saving decoder parameters ...
WARNING - 12/02/25 01:46:51 - 8:14:15 - Saving optimizer ...
INFO - 12/02/25 01:46:51 - 8:14:15 - ============ Starting epoch 180 ... ============
INFO - 12/02/25 01:46:57 - 8:14:21 -  187600 -  235.06 equations/s - 94728.73 words/s - ARITHMETIC:  0.0000 - LR: 3.6505e-05
INFO - 12/02/25 01:47:27 - 8:14:51 -  187800 -  325.05 equations/s - 130995.70 words/s - ARITHMETIC:  0.0000 - LR: 3.6486e-05
INFO - 12/02/25 01:47:56 - 8:15:20 -  188000 -  324.79 equations/s - 130888.94 words/s - ARITHMETIC:  0.0000 - LR: 3.6466e-05
INFO - 12/02/25 01:48:26 - 8:15:50 -  188200 -  324.65 equations/s - 130835.68 words/s - ARITHMETIC:  0.0000 - LR: 3.6447e-05
INFO - 12/02/25 01:48:55 - 8:16:19 -  188400 -  324.57 equations/s - 130802.92 words/s - ARITHMETIC:  0.0000 - LR: 3.6428e-05
INFO - 12/02/25 01:49:25 - 8:16:49 -  188600 -  324.89 equations/s - 130929.72 words/s - ARITHMETIC:  0.0000 - LR: 3.6408e-05
INFO - 12/02/25 01:49:25 - 8:16:49 - Memory allocated:  172.12MB, reserved: 4088.00MB
INFO - 12/02/25 01:49:25 - 8:16:49 - ============ End of epoch 180 ============
INFO - 12/02/25 01:49:25 - 8:16:49 - Creating valid iterator for arithmetic ...
INFO - 12/02/25 01:49:25 - 8:16:49 - Loading data from /mnt/e/AI@UWMELK-local/mobius_case_study/input/input_dir_interCRT100_natural/lambdasq_interCRT100_natural.txt.test ...
INFO - 12/02/25 01:49:26 - 8:16:50 - Loaded 100000 equations from the disk.
INFO - 12/02/25 01:49:36 - 8:17:00 - 10000/10000 (100.0%) equations were evaluated correctly.
INFO - 12/02/25 01:49:36 - 8:17:00 - 1: 10000 / 10000 (100.00%)
INFO - 12/02/25 01:49:36 - 8:17:00 - Memory allocated:  172.12MB, reserved: 4088.00MB
INFO - 12/02/25 01:49:36 - 8:17:00 - __log__:{"epoch": 180, "valid_arithmetic_xe_loss": 0.0, "valid_arithmetic_acc": 100.0, "valid_arithmetic_perfect": 100.0, "valid_arithmetic_correct": 100.0, "valid_arithmetic_acc_d1": 100.0, "valid_arithmetic_acc_d2": 100.0, "valid_arithmetic_acc_d3": 100.0, "valid_arithmetic_acc_1": 100.0}
INFO - 12/02/25 01:49:36 - 8:17:00 - Saving checkpoint to /mnt/e/AI@UWMELK-local/mobius_case_study/models/model_interCRT100_natural_liouville/lambdasq/1/checkpoint.pth ...
WARNING - 12/02/25 01:49:36 - 8:17:00 - Saving encoder parameters ...
WARNING - 12/02/25 01:49:36 - 8:17:00 - Saving decoder parameters ...
WARNING - 12/02/25 01:49:36 - 8:17:00 - Saving optimizer ...
INFO - 12/02/25 01:49:37 - 8:17:01 - ============ Starting epoch 181 ... ============
INFO - 12/02/25 01:50:06 - 8:17:30 -  188800 -  231.91 equations/s - 93460.03 words/s - ARITHMETIC:  0.0000 - LR: 3.6389e-05
INFO - 12/02/25 01:50:37 - 8:18:01 -  189000 -  316.85 equations/s - 127691.23 words/s - ARITHMETIC:  0.0000 - LR: 3.6370e-05
INFO - 12/02/25 01:51:07 - 8:18:31 -  189200 -  318.36 equations/s - 128300.92 words/s - ARITHMETIC:  0.0000 - LR: 3.6350e-05
INFO - 12/02/25 01:51:37 - 8:19:01 -  189400 -  319.30 equations/s - 128677.26 words/s - ARITHMETIC:  0.0000 - LR: 3.6331e-05
INFO - 12/02/25 01:52:07 - 8:19:31 -  189600 -  321.38 equations/s - 129517.97 words/s - ARITHMETIC:  0.0000 - LR: 3.6312e-05
INFO - 12/02/25 01:52:13 - 8:19:37 - Memory allocated:  172.12MB, reserved: 4088.00MB
INFO - 12/02/25 01:52:13 - 8:19:37 - ============ End of epoch 181 ============
INFO - 12/02/25 01:52:13 - 8:19:37 - Creating valid iterator for arithmetic ...
INFO - 12/02/25 01:52:13 - 8:19:37 - Loading data from /mnt/e/AI@UWMELK-local/mobius_case_study/input/input_dir_interCRT100_natural/lambdasq_interCRT100_natural.txt.test ...
INFO - 12/02/25 01:52:14 - 8:19:38 - Loaded 100000 equations from the disk.
INFO - 12/02/25 01:52:24 - 8:19:48 - 10000/10000 (100.0%) equations were evaluated correctly.
INFO - 12/02/25 01:52:24 - 8:19:48 - 1: 10000 / 10000 (100.00%)
INFO - 12/02/25 01:52:24 - 8:19:48 - Memory allocated:  172.12MB, reserved: 4088.00MB
INFO - 12/02/25 01:52:24 - 8:19:48 - __log__:{"epoch": 181, "valid_arithmetic_xe_loss": 0.0, "valid_arithmetic_acc": 100.0, "valid_arithmetic_perfect": 100.0, "valid_arithmetic_correct": 100.0, "valid_arithmetic_acc_d1": 100.0, "valid_arithmetic_acc_d2": 100.0, "valid_arithmetic_acc_d3": 100.0, "valid_arithmetic_acc_1": 100.0}
INFO - 12/02/25 01:52:24 - 8:19:48 - Saving checkpoint to /mnt/e/AI@UWMELK-local/mobius_case_study/models/model_interCRT100_natural_liouville/lambdasq/1/checkpoint.pth ...
WARNING - 12/02/25 01:52:24 - 8:19:48 - Saving encoder parameters ...
WARNING - 12/02/25 01:52:24 - 8:19:48 - Saving decoder parameters ...
WARNING - 12/02/25 01:52:24 - 8:19:48 - Saving optimizer ...
INFO - 12/02/25 01:52:24 - 8:19:48 - ============ Starting epoch 182 ... ============
INFO - 12/02/25 01:52:47 - 8:20:11 -  189800 -  235.49 equations/s - 94903.16 words/s - ARITHMETIC:  0.0000 - LR: 3.6293e-05
INFO - 12/02/25 01:53:17 - 8:20:41 -  190000 -  320.06 equations/s - 128984.52 words/s - ARITHMETIC:  0.0000 - LR: 3.6274e-05
INFO - 12/02/25 01:53:47 - 8:21:11 -  190200 -  323.27 equations/s - 130278.91 words/s - ARITHMETIC:  0.0000 - LR: 3.6255e-05
INFO - 12/02/25 01:54:17 - 8:21:41 -  190400 -  324.22 equations/s - 130661.10 words/s - ARITHMETIC:  0.0000 - LR: 3.6236e-05
INFO - 12/02/25 01:54:46 - 8:22:10 -  190600 -  324.30 equations/s - 130693.57 words/s - ARITHMETIC:  0.0000 - LR: 3.6217e-05
INFO - 12/02/25 01:54:59 - 8:22:23 - Memory allocated:  172.12MB, reserved: 4088.00MB
INFO - 12/02/25 01:54:59 - 8:22:23 - ============ End of epoch 182 ============
INFO - 12/02/25 01:54:59 - 8:22:23 - Creating valid iterator for arithmetic ...
INFO - 12/02/25 01:54:59 - 8:22:23 - Loading data from /mnt/e/AI@UWMELK-local/mobius_case_study/input/input_dir_interCRT100_natural/lambdasq_interCRT100_natural.txt.test ...
INFO - 12/02/25 01:55:00 - 8:22:24 - Loaded 100000 equations from the disk.
INFO - 12/02/25 01:55:10 - 8:22:34 - 10000/10000 (100.0%) equations were evaluated correctly.
INFO - 12/02/25 01:55:10 - 8:22:34 - 1: 10000 / 10000 (100.00%)
INFO - 12/02/25 01:55:10 - 8:22:34 - Memory allocated:  172.12MB, reserved: 4088.00MB
INFO - 12/02/25 01:55:10 - 8:22:34 - __log__:{"epoch": 182, "valid_arithmetic_xe_loss": 0.0, "valid_arithmetic_acc": 100.0, "valid_arithmetic_perfect": 100.0, "valid_arithmetic_correct": 100.0, "valid_arithmetic_acc_d1": 100.0, "valid_arithmetic_acc_d2": 100.0, "valid_arithmetic_acc_d3": 100.0, "valid_arithmetic_acc_1": 100.0}
INFO - 12/02/25 01:55:10 - 8:22:34 - Saving checkpoint to /mnt/e/AI@UWMELK-local/mobius_case_study/models/model_interCRT100_natural_liouville/lambdasq/1/checkpoint.pth ...
WARNING - 12/02/25 01:55:10 - 8:22:34 - Saving encoder parameters ...
WARNING - 12/02/25 01:55:10 - 8:22:34 - Saving decoder parameters ...
WARNING - 12/02/25 01:55:10 - 8:22:34 - Saving optimizer ...
INFO - 12/02/25 01:55:11 - 8:22:35 - ============ Starting epoch 183 ... ============
INFO - 12/02/25 01:55:28 - 8:22:52 -  190800 -  230.90 equations/s - 93053.06 words/s - ARITHMETIC:  0.0000 - LR: 3.6198e-05
INFO - 12/02/25 01:55:58 - 8:23:22 -  191000 -  319.81 equations/s - 128881.78 words/s - ARITHMETIC:  0.0000 - LR: 3.6179e-05
INFO - 12/02/25 01:56:29 - 8:23:53 -  191200 -  309.62 equations/s - 124775.83 words/s - ARITHMETIC:  0.0000 - LR: 3.6160e-05
INFO - 12/02/25 01:57:01 - 8:24:25 -  191400 -  299.56 equations/s - 120722.17 words/s - ARITHMETIC:  0.0000 - LR: 3.6141e-05
INFO - 12/02/25 01:57:32 - 8:24:56 -  191600 -  310.16 equations/s - 124995.58 words/s - ARITHMETIC:  0.0000 - LR: 3.6122e-05
INFO - 12/02/25 01:57:52 - 8:25:16 - Memory allocated:  172.12MB, reserved: 4088.00MB
INFO - 12/02/25 01:57:52 - 8:25:16 - ============ End of epoch 183 ============
INFO - 12/02/25 01:57:52 - 8:25:16 - Creating valid iterator for arithmetic ...
INFO - 12/02/25 01:57:52 - 8:25:16 - Loading data from /mnt/e/AI@UWMELK-local/mobius_case_study/input/input_dir_interCRT100_natural/lambdasq_interCRT100_natural.txt.test ...
INFO - 12/02/25 01:57:53 - 8:25:17 - Loaded 100000 equations from the disk.
INFO - 12/02/25 01:58:03 - 8:25:27 - 10000/10000 (100.0%) equations were evaluated correctly.
INFO - 12/02/25 01:58:03 - 8:25:27 - 1: 10000 / 10000 (100.00%)
INFO - 12/02/25 01:58:03 - 8:25:27 - Memory allocated:  172.12MB, reserved: 4088.00MB
INFO - 12/02/25 01:58:03 - 8:25:27 - __log__:{"epoch": 183, "valid_arithmetic_xe_loss": 0.0, "valid_arithmetic_acc": 100.0, "valid_arithmetic_perfect": 100.0, "valid_arithmetic_correct": 100.0, "valid_arithmetic_acc_d1": 100.0, "valid_arithmetic_acc_d2": 100.0, "valid_arithmetic_acc_d3": 100.0, "valid_arithmetic_acc_1": 100.0}
INFO - 12/02/25 01:58:03 - 8:25:27 - Saving checkpoint to /mnt/e/AI@UWMELK-local/mobius_case_study/models/model_interCRT100_natural_liouville/lambdasq/1/checkpoint.pth ...
WARNING - 12/02/25 01:58:03 - 8:25:27 - Saving encoder parameters ...
WARNING - 12/02/25 01:58:03 - 8:25:27 - Saving decoder parameters ...
WARNING - 12/02/25 01:58:03 - 8:25:27 - Saving optimizer ...
INFO - 12/02/25 01:58:04 - 8:25:28 - ============ Starting epoch 184 ... ============
INFO - 12/02/25 01:58:15 - 8:25:38 -  191800 -  225.41 equations/s - 90839.22 words/s - ARITHMETIC:  0.0000 - LR: 3.6103e-05
INFO - 12/02/25 01:58:44 - 8:26:08 -  192000 -  324.56 equations/s - 130796.87 words/s - ARITHMETIC:  0.0000 - LR: 3.6084e-05
INFO - 12/02/25 01:59:14 - 8:26:38 -  192200 -  322.56 equations/s - 129991.20 words/s - ARITHMETIC:  0.0000 - LR: 3.6066e-05
INFO - 12/02/25 01:59:44 - 8:27:08 -  192400 -  321.37 equations/s - 129511.13 words/s - ARITHMETIC:  0.0000 - LR: 3.6047e-05
